seed,epoch,observer,component,base_loss,shadow_loss,loss_improvement,improvement_per_delta_norm,base_validation_loss,shadow_validation_loss,validation_loss_improvement,validation_improvement_per_delta_norm,component_norm,delta_norm
4111,0,dstm,visible,2.2787858318033285,2.2787089140214487,7.691778187979281e-05,0.21012628767642402,2.2606139743460085,2.260540405878174,7.356846783457271e-05,0.20097653180223005,0.2101397494881973,0.00036605501734385287
4111,0,dstm,null,2.2787858318033285,2.2787186711403797,6.7160662948762e-05,0.1834714995469514,2.2606139743460085,2.2605510565540636,6.291779194489422e-05,0.17188069815689086,0.1834857257691787,0.00036605501734385287
4111,0,random_00,visible,2.2787858318033285,2.2787142635248387,7.156827848975311e-05,0.19551235497074373,2.2606139743460085,2.2605496944436627,6.42799023458096e-05,0.17560175192306798,0.1955216455569739,0.00036605501734385287
4111,0,random_00,null,2.2787858318033285,2.2787129953788656,7.28364244628743e-05,0.19897671391416988,2.2606139743460085,2.260541425525966,7.2548820042595e-05,0.19819102759202573,0.19898997963389417,0.00036605501734385287
4111,0,random_01,visible,2.2787858318033285,2.278716045219645,6.978658368339552e-05,0.1906450680276885,2.2606139743460085,2.260545766398149,6.820794785955542e-05,0.18633250366155876,0.19065481477133878,0.00036605501734385287
4111,0,random_01,null,2.2787858318033285,2.2787112884609533,7.454334237522175e-05,0.20363972311080128,2.2606139743460085,2.260545231624914,6.874272109458346e-05,0.18779341311420997,0.20365772138691693,0.00036605501734385287
4111,0,random_02,visible,2.2787858318033285,2.278714146492648,7.168531068035833e-05,0.19583206699505748,2.2606139743460085,2.2605474908769017,6.648346910687053e-05,0.1816215212382117,0.19583905242860108,0.00036605501734385287
4111,0,random_02,null,2.2787858318033285,2.2787131105925043,7.272121082424476e-05,0.19866196986431217,2.2606139743460085,2.2605435865537156,7.038779229295855e-05,0.19228746761539386,0.19867760673984425,0.00036605501734385287
4111,0,random_03,visible,2.2787858318033285,2.278710181536358,7.56502669703174e-05,0.2066636526914628,2.2606139743460085,2.260542457197814,7.151714819464416e-05,0.19537267570755548,0.20667828330353316,0.00036605501734385287
4111,0,random_03,null,2.2787858318033285,2.278717245984768,6.858581856050705e-05,0.1873647820979903,2.2606139743460085,2.2605487399772786,6.523436872996058e-05,0.17820919162182344,0.18737612731271042,0.00036605501734385287
4111,0,random_04,visible,2.2787858318033285,2.278723675731164,6.215607216430996e-05,0.16979980937107006,2.2606139743460085,2.2605539621660338,6.00121799747555e-05,0.16394306082788426,0.16980989076638459,0.00036605501734385287
4111,0,random_04,null,2.2787858318033285,2.2787048155652063,8.101623812217795e-05,0.2213225725194078,2.2606139743460085,2.2605380108048196,7.596354118888371e-05,0.20751946453318942,0.22133758576869203,0.00036605501734385287
4111,0,random_05,visible,2.2787858318033285,2.2787100470224413,7.578478088721141e-05,0.2070311218163776,2.2606139743460085,2.2605389190843184,7.505526169016008e-05,0.20503819954380548,0.20704248267102984,0.00036605501734385287
4111,0,random_05,null,2.2787858318033285,2.2787173942696564,6.843753367213878e-05,0.1869596930230085,2.2606139743460085,2.2605526566680307,6.13176779777902e-05,0.16750945915922685,0.18697362446457758,0.00036605501734385287
4111,0,random_06,visible,2.2787858318033285,2.27871551810653,7.031369679832977e-05,0.19208505133609677,2.2606139743460085,2.260548162678454,6.581166755470491e-05,0.1797862737471643,0.1920973836235489,0.00036605501734385287
4111,0,random_06,null,2.2787858318033285,2.2787117851251875,7.40466781410376e-05,0.20228292096180187,2.2606139743460085,2.2605429796343937,7.099471161486903e-05,0.19394546789719405,0.20229760522801962,0.00036605501734385287
4111,0,random_07,visible,2.2787858318033285,2.2787147787238853,7.105307944321737e-05,0.19410491886926887,2.2606139743460085,2.2605444487472433,6.952559876527431e-05,0.1899321016544505,0.19411597646196327,0.00036605501734385287
4111,0,random_07,null,2.2787858318033285,2.278712492816903,7.333898642558623e-05,0.2003496276536361,2.2606139743460085,2.2605465539826723,6.742036333617918e-05,0.18418095680095004,0.20036145726716778,0.00036605501734385287
4111,0,random_08,visible,2.2787858318033285,2.2787125500138634,7.328178946508501e-05,0.2001933752932225,2.2606139743460085,2.260548724187146,6.525015886271746e-05,0.17825232757682674,0.20020394452926837,0.00036605501734385287
4111,0,random_08,null,2.2787858318033285,2.2787147202122253,7.1111591103179e-05,0.19426476276482915,2.2606139743460085,2.260542216344357,7.175800165137858e-05,0.1960306463549245,0.19427842512982807,0.00036605501734385287
4111,0,random_09,visible,2.2787858318033285,2.278719076108868,6.675569446068508e-05,0.18236519456849373,2.2606139743460085,2.2605542206533777,5.9753692630781785e-05,0.16323691740209725,0.1823736459435322,0.00036605501734385287
4111,0,random_09,null,2.2787858318033285,2.2787085607018205,7.727110150801408e-05,0.21109149676107203,2.2606139743460085,2.2605376758628664,7.629848314216758e-05,0.2084344689380307,0.21110561134481418,0.00036605501734385287
4111,0,random_10,visible,2.2787858318033285,2.2787200940987367,6.573770459183947e-05,0.179584219522086,2.2606139743460085,2.260550765142827,6.320920318136913e-05,0.17267678405291118,0.1795949166421543,0.00036605501734385287
4111,0,random_10,null,2.2787858318033285,2.2787076931128327,7.813869049577704e-05,0.2134616022005721,2.2606139743460085,2.2605406523963048,7.332194970377515e-05,0.2003030862295226,0.21347456942760704,0.00036605501734385287
4111,0,random_11,visible,2.2787858318033285,2.2787153289217463,7.050288158216844e-05,0.19260187196380302,2.2606139743460085,2.2605484068286055,6.556751740305344e-05,0.17911929709042276,0.19261141097575943,0.00036605501734385287
4111,0,random_11,null,2.2787858318033285,2.2787119638336697,7.386796965880293e-05,0.2017947198068733,2.2606139743460085,2.2605427408549073,7.123349110127464e-05,0.19459777281064183,0.20180825116414758,0.00036605501734385287
4111,0,random_12,visible,2.2787858318033285,2.2787162218370507,6.960996627780602e-05,0.19016257933822575,2.2606139743460085,2.260552215475524,6.17588704843186e-05,0.16871472199028914,0.19017498591762286,0.00036605501734385287
4111,0,random_12,null,2.2787858318033285,2.2787111224314733,7.470937185516391e-05,0.2040932873895998,2.2606139743460085,2.2605392122241277,7.476212188084475e-05,0.204237391481011,0.20410585637662762,0.00036605501734385287
4111,0,random_13,visible,2.2787858318033285,2.2787075655358717,7.826626745677245e-05,0.21381012074273315,2.2606139743460085,2.2605424403934546,7.153395255388162e-05,0.19541858235666903,0.21382407578188756,0.00036605501734385287
4111,0,random_13,null,2.2787858318033285,2.2787202473787214,6.558442460713465e-05,0.1791654846941439,2.2606139743460085,2.260548628539984,6.534580602446383e-05,0.1785136193423116,0.179178655235567,0.00036605501734385287
4111,0,random_14,visible,2.2787858318033285,2.278718491548847,6.734025448151826e-05,0.18396211304559817,2.2606139743460085,2.2605488434504597,6.513089554882612e-05,0.17792652050346183,0.18397649078299244,0.00036605501734385287
4111,0,random_14,null,2.2787858318033285,2.278709069923418,7.676187991068062e-05,0.20970039003337726,2.2606139743460085,2.2605423424894857,7.163185652281356e-05,0.1956860393352466,0.2097102208171554,0.00036605501734385287
4111,0,random_15,visible,2.2787858318033285,2.2787146065343875,7.122526894098868e-05,0.19457531126826055,2.2606139743460085,2.260544749428675,6.922491733352132e-05,0.18911069116283977,0.1945880686626732,0.00036605501734385287
4111,0,random_15,null,2.2787858318033285,2.278712660570356,7.317123297267969e-05,0.19989135377414174,2.2606139743460085,2.2605462715613887,6.770278461987189e-05,0.1849524836761777,0.19990300000283973,0.00036605501734385287
4111,10,dstm,visible,1.3135828926590232,1.3134843421678049,9.855049121831883e-05,0.09832133707745871,1.3303596174852355,1.3302492713332505,0.00011034615198490805,0.11008957003039191,0.09837547174910245,0.001002330665424938
4111,10,dstm,null,1.3135828926590232,1.3134088369499,0.0001740557091232109,0.17365098677233423,1.3303596174852355,1.3301892487870548,0.00017036869818065625,0.16997254903742612,0.1737135252340921,0.001002330665424938
4111,10,random_00,visible,1.3135828926590232,1.3134529911772574,0.00012990148176572625,0.12959942885779566,1.3303596174852355,1.3302280080504578,0.00013160943477763531,0.13130341045870275,0.12966331334556624,0.001002330665424938
4111,10,random_00,null,1.3135828926590232,1.313430792762054,0.00015209989696907122,0.15174622728377613,1.3303596174852355,1.3302055549659306,0.00015406251930483172,0.15370428603969422,0.15179442500751963,0.001002330665424938
4111,10,random_01,visible,1.3135828926590232,1.3134550132499223,0.0001278794091008617,0.12758205800941672,1.3303596174852355,1.3302357551376345,0.00012386234760097814,0.12357433716593585,0.12763233548732988,0.001002330665424938
4111,10,random_01,null,1.3135828926590232,1.313429091918073,0.0001538007409500608,0.15344311638400984,1.3303596174852355,1.330199090527688,0.00016052695754753543,0.16015369287288045,0.15350605600159128,0.001002330665424938
4111,10,random_02,visible,1.3135828926590232,1.3134392939812793,0.00014359867774382806,0.14326477548499367,1.3303596174852355,1.3302179716720564,0.00014164581317910319,0.1413164518108926,0.14332312902754724,0.001002330665424938
4111,10,random_02,null,1.3135828926590232,1.313443654067927,0.00013923859109610248,0.13891482711154235,1.3303596174852355,1.3302146251531521,0.00014499233208331574,0.14465518923522733,0.1389697915982716,0.001002330665424938
4111,10,random_03,visible,1.3135828926590232,1.3134508992739944,0.00013199338502878355,0.13168646793104444,1.3303596174852355,1.330223624230361,0.00013599325487456682,0.13567703709525086,0.13175642443735827,0.001002330665424938
4111,10,random_03,null,1.3135828926590232,1.3134326220211148,0.00015027063790840067,0.1499212217005188,1.3303596174852355,1.3302093947605624,0.00015022272467302145,0.14987341987520109,0.1499812218599272,0.001002330665424938
4111,10,random_04,visible,1.3135828926590232,1.3134291709425154,0.00015372171650773758,0.15336427569295932,1.3303596174852355,1.3301995058721106,0.00016011161312490252,0.15973931422822746,0.15343274663274467,0.001002330665424938
4111,10,random_04,null,1.3135828926590232,1.3134549242883884,0.00012796837063477895,0.12767081268587824,1.3303596174852355,1.330235258829507,0.0001243586557284626,0.12406949125490514,0.1277204547120233,0.001002330665424938
4111,10,random_05,visible,1.3135828926590232,1.313449777121618,0.00013311553740513737,0.13280601102701278,1.3303596174852355,1.330224680817779,0.0001349366674565644,0.13462290650297326,0.13285400606963554,0.001002330665424938
4111,10,random_05,null,1.3135828926590232,1.3134336039890409,0.00014928866998231705,0.1489415370914808,1.3303596174852355,1.3302084630706275,0.00015115441460800128,0.15080294340183573,0.14900984988370147,0.001002330665424938
4111,10,random_06,visible,1.3135828926590232,1.31343982312883,0.00014306953019316282,0.1427368583325828,1.3303596174852355,1.3302139118592695,0.00014570562596594172,0.14536682453406713,0.1428077120105025,0.001002330665424938
4111,10,random_06,null,1.3135828926590232,1.3134431187193434,0.00013977393967978813,0.13944893087804608,1.3303596174852355,1.3302188176787488,0.0001407998064866245,0.14047241229213756,0.13949938953787358,0.001002330665424938
4111,10,random_07,visible,1.3135828926590232,1.3134634839744725,0.00011940868455062592,0.11913102997801889,1.3303596174852355,1.3302433829344635,0.00011623455077192091,0.11596427684135881,0.11919791762105901,0.001002330665424938
4111,10,random_07,null,1.3135828926590232,1.313422426011049,0.00016046664797420007,0.16009352353414252,1.3303596174852355,1.3301935428693725,0.00016607461586293226,0.1656884515176685,0.1601436190608831,0.001002330665424938
4111,10,random_08,visible,1.3135828926590232,1.3134470938479326,0.00013579881109060388,0.1354830454409294,1.3303596174852355,1.330221286016272,0.00013833146896335968,0.13800981426095954,0.13553367805478592,0.001002330665424938
4111,10,random_08,null,1.3135828926590232,1.313436042347273,0.00014685031175010188,0.14650884864212418,1.3303596174852355,1.3302115619612778,0.00014805552395769084,0.1477112584347828,0.1465767526044142,0.001002330665424938
4111,10,random_09,visible,1.3135828926590232,1.3134660183805194,0.00011687427850382015,0.11660251704887359,1.3303596174852355,1.3302393775660926,0.00012023991914289489,0.11996033174533194,0.11666870188654883,0.001002330665424938
4111,10,random_09,null,1.3135828926590232,1.3134205740824327,0.0001623185765904367,0.1619411459606713,1.3303596174852355,1.3301965097502844,0.00016310773495109565,0.16272846933396587,0.16199548231732144,0.001002330665424938
4111,10,random_10,visible,1.3135828926590232,1.3134336632990629,0.00014922935996031228,0.14888236497987067,1.3303596174852355,1.3302027953946713,0.00015682209056411267,0.15645744061679281,0.14895057095737996,0.001002330665424938
4111,10,random_10,null,1.3135828926590232,1.3134497109655208,0.00013318169350240439,0.13287201329507564,1.3303596174852355,1.3302310335676646,0.00012858391757086807,0.12828492832388294,0.13292046382173262,0.001002330665424938
4111,10,random_11,visible,1.3135828926590232,1.313429409349809,0.0001534833092142751,0.15312642275511532,1.3303596174852355,1.330203223659532,0.00015639382570342697,0.15603017157728463,0.15318503298365568,0.001002330665424938
4111,10,random_11,null,1.3135828926590232,1.3134546357016053,0.00012825695741791598,0.12795872843373643,1.3303596174852355,1.3302307793373145,0.00012883814792097326,0.12853856752586965,0.12801745178260007,0.001002330665424938
4111,10,random_12,visible,1.3135828926590232,1.3134463149530535,0.0001365777059696427,0.13626012919772396,1.3303596174852355,1.3302256947510762,0.00013392273415924194,0.13361133085004975,0.1363223851720037,0.001002330665424938
4111,10,random_12,null,1.3135828926590232,1.3134367718222004,0.00014612083682274957,0.14578106992346845,1.3303596174852355,1.330207449905981,0.00015216757925440305,0.15181375219114104,0.1458435106274183,0.001002330665424938
4111,10,random_13,visible,1.3135828926590232,1.3134591987096484,0.00012369394937472578,0.12340633050699464,1.3303596174852355,1.330231853444187,0.0001277640410484171,0.12746695821608084,0.1234644085490471,0.001002330665424938
4111,10,random_13,null,1.3135828926590232,1.3134257122825281,0.00015718037649503636,0.1568148934447693,1.3303596174852355,1.330202326817718,0.00015729066751735132,0.15692492801331978,0.15687785730544637,0.001002330665424938
4111,10,random_14,visible,1.3135828926590232,1.3134353136933825,0.0001475789656406601,0.1472358082330984,1.3303596174852355,1.3302109170385603,0.00014870044667514293,0.14835468154823075,0.14731091162795396,0.001002330665424938
4111,10,random_14,null,1.3135828926590232,1.3134479028816328,0.00013498977739034856,0.13467589294309343,1.3303596174852355,1.3302219929120311,0.0001376245732043202,0.1373045622084946,0.13473536138094983,0.001002330665424938
4111,10,random_15,visible,1.3135828926590232,1.313434352780828,0.0001485398781950753,0.14819448642938787,1.3303596174852355,1.3302035130001433,0.0001561044850921789,0.15574150375415122,0.14826366668107474,0.001002330665424938
4111,10,random_15,null,1.3135828926590232,1.313448946830113,0.00013394582891024243,0.1336343719000716,1.3303596174852355,1.330230178347621,0.00012943913761453985,0.12913815977052256,0.13368622753820666,0.001002330665424938
4111,20,dstm,visible,0.6334765089923879,0.6333764504653172,0.00010005852707073437,0.050730715541001184,0.6768393196384844,0.6767545712474505,8.474839103389531e-05,0.042968317083647865,0.05080229640618838,0.0019723460630052783
4111,20,dstm,null,0.6334765089923879,0.6333194958633152,0.00015701312907279164,0.07960729205581173,0.6768393196384844,0.6766999469978345,0.00013937264064989296,0.07066338066329488,0.07968307599625866,0.0019723460630052783
4111,20,random_00,visible,0.6334765089923879,0.6333598957165044,0.00011661327588352588,0.05912414564097406,0.6768393196384844,0.676746157569281,9.316206920340075e-05,0.04723413956141602,0.059194328386687665,0.0019723460630052783
4111,20,random_00,null,0.6334765089923879,0.6333313660526453,0.00014514293974265957,0.07358898241290587,0.6768393196384844,0.6767049928455439,0.0001343267929405645,0.06810508331174386,0.07366340616083904,0.0019723460630052783
4111,20,random_01,visible,0.6334765089923879,0.6333491013010175,0.00012740769137042918,0.06459702673895733,0.6768393196384844,0.6767312176070395,0.00010810203144495656,0.0548088560484364,0.064674619743198,0.0019723460630052783
4111,20,random_01,null,0.6334765089923879,0.6333407685237803,0.000135740468607648,0.06882183160130592,0.6768393196384844,0.6767171533322413,0.0001221663062431766,0.061939589879592874,0.06890181043659518,0.0019723460630052783
4111,20,random_02,visible,0.6334765089923879,0.6333405952761887,0.00013591371619925408,0.06890966993498156,0.6768393196384844,0.6767283217795865,0.00011099785889789882,0.056277070733099725,0.06897973411153399,0.0019723460630052783
4111,20,random_02,null,0.6334765089923879,0.6333492534211133,0.000127255571274687,0.06451990026577119,0.6768393196384844,0.6767192683197645,0.00012005131871994923,0.06086726917335498,0.06459150255466914,0.0019723460630052783
4111,20,random_03,visible,0.6334765089923879,0.6333550507897798,0.00012145820260811568,0.061580573960255694,0.6768393196384844,0.6767297052863093,0.00010961435217515803,0.05557561841259126,0.061661658613201054,0.0019723460630052783
4111,20,random_03,null,0.6334765089923879,0.63333543332145,0.00014107567093790685,0.07152683475989442,0.6768393196384844,0.676718544622469,0.0001207750160153731,0.06123419124093635,0.07161079372159482,0.0019723460630052783
4111,20,random_04,visible,0.6334765089923879,0.6333413988476242,0.00013511014476375038,0.06850225084632565,0.6768393196384844,0.6767237176329262,0.0001156020055582685,0.058611421051600276,0.06857355026283656,0.0019723460630052783
4111,20,random_04,null,0.6334765089923879,0.6333484289195574,0.00012808007283049427,0.06493793114345142,0.6768393196384844,0.6767242836909004,0.00011503594758399682,0.05832442376198206,0.06502256627293317,0.0019723460630052783
4111,20,random_05,visible,0.6334765089923879,0.633347962454197,0.00012854653819094342,0.06517443394039893,0.6768393196384844,0.6767232876895996,0.000116031948884876,0.05882940679693768,0.06524357509575963,0.0019723460630052783
4111,20,random_05,null,0.6334765089923879,0.6333418517901379,0.00013465720225003253,0.06827260427353928,0.6768393196384844,0.6767246613333453,0.0001146583051391259,0.05813295510850676,0.06836330762252313,0.0019723460630052783
4111,20,random_06,visible,0.6334765089923879,0.6333452138409758,0.00013129515141219184,0.06656800947605332,0.6768393196384844,0.6767244301542016,0.00011488948428284296,0.05825016534257938,0.06664724220618742,0.0019723460630052783
4111,20,random_06,null,0.6334765089923879,0.6333445294638693,0.00013197952851862205,0.06691499579821396,0.6768393196384844,0.6767236014748251,0.00011571816365929521,0.058670314418847264,0.066995604532518,0.0019723460630052783
4111,20,random_07,visible,0.6334765089923879,0.6333667817827469,0.00010972720964108618,0.055632838323460346,0.6768393196384844,0.6767485568590593,9.076277942510202e-05,0.046017674650261985,0.05569616783090325,0.0019723460630052783
4111,20,random_07,null,0.6334765089923879,0.6333260798622168,0.0001504291301711591,0.07626913602674225,0.6768393196384844,0.6767036614323707,0.00013565820611372015,0.0687801236599508,0.07634266703043334,0.0019723460630052783
4111,20,random_08,visible,0.6334765089923879,0.6333509507121577,0.000125558280230198,0.06365935602542483,0.6768393196384844,0.676731160330403,0.00010815930808139029,0.05483789589976272,0.06373451196676706,0.0019723460630052783
4111,20,random_08,null,0.6334765089923879,0.6333390459049177,0.00013746308747020208,0.0696952173092528,0.6768393196384844,0.6767172442113801,0.00012207542710429564,0.06189351320948638,0.06977232907625905,0.0019723460630052783
4111,20,random_09,visible,0.6334765089923879,0.6333569142711981,0.00011959472118983072,0.06063576946917893,0.6768393196384844,0.6767486816847211,9.063795376329509e-05,0.04595438673940889,0.06072114871272713,0.0019723460630052783
4111,20,random_09,null,0.6334765089923879,0.6333338498927141,0.00014265909967381418,0.07232964962367884,0.6768393196384844,0.6767025100776972,0.00013680956078720996,0.06936387247314613,0.07240999944327187,0.0019723460630052783
4111,20,random_10,visible,0.6334765089923879,0.6333522584706784,0.00012425052170950135,0.06299630883242666,0.6768393196384844,0.676726418764095,0.00011290087438942109,0.0572419194111368,0.06307263568480709,0.0019723460630052783
4111,20,random_10,null,0.6334765089923879,0.6333378641580921,0.0001386448342958202,0.0702943752601742,0.6768393196384844,0.6767215359272454,0.00011778371123905007,0.059717568558725516,0.07037121960105108,0.0019723460630052783
4111,20,random_11,visible,0.6334765089923879,0.633338616982235,0.00013789201015290686,0.06991268557749941,0.6768393196384844,0.6767172353711695,0.00012208426731497024,0.06189799528838744,0.06998352839426308,0.0019723460630052783
4111,20,random_11,null,0.6334765089923879,0.6333514077984206,0.00012510119396735853,0.06342760852866809,0.6768393196384844,0.6767311784775024,0.00010814116098201154,0.05482869513133819,0.06350253281450378,0.0019723460630052783
4111,20,random_12,visible,0.6334765089923879,0.6333638762286565,0.00011263276373141284,0.05710598451460058,0.6768393196384844,0.6767322959301557,0.00010702370832871289,0.05426213499553931,0.05718511888497359,0.0019723460630052783
4111,20,random_12,null,0.6334765089923879,0.633328258593425,0.00014825039896293468,0.07516449660818875,0.6768393196384844,0.6767158229348837,0.00012349670360067844,0.06261411519868151,0.07523382283573787,0.0019723460630052783
4111,20,random_13,visible,0.6334765089923879,0.6333630497210212,0.00011345927136674483,0.057525032495497314,0.6768393196384844,0.6767344978265649,0.00010482181191950879,0.05314575057877572,0.05760974216826047,0.0019723460630052783
4111,20,random_13,null,0.6334765089923879,0.633328909416971,0.0001475995754169901,0.07483452229072393,0.6768393196384844,0.6767142277921897,0.00012509184629472259,0.06342286916126635,0.07490916851543812,0.0019723460630052783
4111,20,random_14,visible,0.6334765089923879,0.6333586375347454,0.0001178714576425266,0.05976205689934807,0.6768393196384844,0.6767324695006955,0.00010685013778888308,0.05417413292375007,0.05984422148645782,0.0019723460630052783
4111,20,random_14,null,0.6334765089923879,0.6333324602682256,0.00014404872416229342,0.07303420371514587,0.6768393196384844,0.6767160850923654,0.00012323454611906648,0.06248119862459283,0.07313641415223701,0.0019723460630052783
4111,20,random_15,visible,0.6334765089923879,0.6333562943188034,0.00012021467358458438,0.06095009179140317,0.6768393196384844,0.6767209174238905,0.00011840221459391564,0.06003115620263176,0.061030822986911176,0.0019723460630052783
4111,20,random_15,null,0.6334765089923879,0.6333344102641902,0.00014209872819770375,0.072045535447865,0.6768393196384844,0.6767259542280275,0.00011336541045692261,0.05747744403646229,0.07214918271129667,0.0019723460630052783
4111,30,dstm,visible,0.355237655402924,0.35516859950850993,6.905589441408289e-05,0.026564215581370978,0.42183439210324847,0.42178904089559704,4.5351207651422865e-05,0.01744556735018168,0.026626678035793418,0.002599583420882587
4111,30,dstm,null,0.355237655402924,0.3551309709547532,0.0001066844481708018,0.04103905545550112,0.42183439210324847,0.42174976423122107,8.462787202739852e-05,0.032554397503684045,0.04112282134737518,0.002599583420882587
4111,30,random_00,visible,0.355237655402924,0.3551556047295304,8.205067339361882e-05,0.03156300841684924,0.42183439210324847,0.42179070313090944,4.36889723390288e-05,0.01680614362596447,0.031635033635460275,0.002599583420882587
4111,30,random_00,null,0.355237655402924,0.3551405984185656,9.705698435841237e-05,0.03733559137927586,0.42183439210324847,0.42174608094248267,8.831116076579715e-05,0.03397127403428914,0.0374070991346995,0.002599583420882587
4111,30,random_01,visible,0.355237655402924,0.3551508774299857,8.677797293832334e-05,0.033381491911831505,0.42183439210324847,0.4217540829445048,8.03091587436855e-05,0.030893087753429225,0.03346527121500673,0.002599583420882587
4111,30,random_01,null,0.355237655402924,0.35514483546797776,9.281993494625329e-05,0.03570569584365941,0.42183439210324847,0.4217785426797331,5.584942351538613e-05,0.021483989729563918,0.035779072672387446,0.002599583420882587
4111,30,random_02,visible,0.355237655402924,0.3551562649441274,8.139045879662632e-05,0.03130903903402853,0.42183439210324847,0.421771645958784,6.274614446444282e-05,0.024136999782503544,0.03137361521252863,0.002599583420882587
4111,30,random_02,null,0.355237655402924,0.3551400429346473,9.761246827671988e-05,0.037549273276861944,0.42183439210324847,0.4217621488777276,7.22432255208516e-05,0.027790308608878666,0.03762662205521686,0.002599583420882587
4111,30,random_03,visible,0.355237655402924,0.3551468239154035,9.083148752053738e-05,0.03494078581625171,0.42183439210324847,0.4217577109373674,7.6681165881054e-05,0.02949748227545624,0.035038197571583406,0.002599583420882587
4111,30,random_03,null,0.355237655402924,0.35514882944313464,8.882595978937369e-05,0.03416930538786722,0.42183439210324847,0.4217760214400656,5.837066318287176e-05,0.02245385268807965,0.03424019757134335,0.002599583420882587
4111,30,random_04,visible,0.355237655402924,0.355147241140933,9.041426199102309e-05,0.03478028874346585,0.42183439210324847,0.42177600080191585,5.8391301332616496e-05,0.02246179170999329,0.03485460102461141,0.002599583420882587
4111,30,random_04,null,0.355237655402924,0.3551483759437433,8.927945918069113e-05,0.03434375618166536,0.42183439210324847,0.4217573899729959,7.700213025257918e-05,0.029620949892977897,0.03442707083393964,0.002599583420882587
4111,30,random_05,visible,0.355237655402924,0.35514642875329855,9.122664962546434e-05,0.03509279559664675,0.42183439210324847,0.42176220810778003,7.218399546843335e-05,0.027767524168901683,0.035168202079528796,0.002599583420882587
4111,30,random_05,null,0.355237655402924,0.3551491937582825,8.846164464149098e-05,0.03402916172294147,0.42183439210324847,0.4217714188209659,6.297328228255239e-05,0.024224374481189866,0.034106655967470124,0.002599583420882587
4111,30,random_06,visible,0.355237655402924,0.3551469770498257,9.067835309833905e-05,0.0348818785232723,0.42183439210324847,0.42175737151566894,7.702058757952379e-05,0.029628050002478652,0.03496058469949955,0.002599583420882587
4111,30,random_06,null,0.355237655402924,0.35514863801601815,8.901738690586525e-05,0.03424294300032229,0.42183439210324847,0.42177627303223875,5.8119071009721246e-05,0.022357070961003894,0.034319439626238915,0.002599583420882587
4111,30,random_07,visible,0.355237655402924,0.3551530326565741,8.462274634990496e-05,0.03255242577334742,0.42183439210324847,0.4217887462465862,4.5645856662279716e-05,0.01755891205321753,0.032625483814685996,0.002599583420882587
4111,30,random_07,null,0.355237655402924,0.35514282611761827,9.482928530574197e-05,0.03647864674931124,0.42183439210324847,0.4217468844589156,8.750764433285152e-05,0.033662179728451154,0.036546466650657236,0.002599583420882587
4111,30,random_08,visible,0.355237655402924,0.3551490785116976,8.857689122643286e-05,0.034073494435643094,0.42183439210324847,0.4217733123993165,6.10797039319877e-05,0.0234959584067706,0.034154300228218,0.002599583420882587
4111,30,random_08,null,0.355237655402924,0.3551465418332296,9.111356969443429e-05,0.03504929634591231,0.42183439210324847,0.42176032183024786,7.407027300060376e-05,0.028493131786267546,0.035121933242785584,0.002599583420882587
4111,30,random_09,visible,0.355237655402924,0.3551518869708893,8.576843203472739e-05,0.03299314472686092,0.42183439210324847,0.4217936731634736,4.071893977486418e-05,0.015663640353976275,0.033075667871286366,0.002599583420882587
4111,30,random_09,null,0.355237655402924,0.3551439018164444,9.375358647961685e-05,0.03606485013194402,0.42183439210324847,0.4217419717739565,9.242032929196453e-05,0.035551976731943775,0.03613954362825151,0.002599583420882587
4111,30,random_10,visible,0.355237655402924,0.3551512787933037,8.63766096202978e-05,0.03322709666726987,0.42183439210324847,0.4217845018525435,4.9890250704953676e-05,0.019191632899403316,0.033311413694663235,0.002599583420882587
4111,30,random_10,null,0.355237655402924,0.355144468577607,9.318682531700428e-05,0.035846830137640416,0.42183439210324847,0.4217501866603905,8.420544285797638e-05,0.03239189871021247,0.03592236262348208,0.002599583420882587
4111,30,random_11,visible,0.355237655402924,0.3551537868652981,8.386853762593072e-05,0.032262299009991544,0.42183439210324847,0.42177452078323213,5.987132001633588e-05,0.023031120884748877,0.03232701223718306,0.002599583420882587
4111,30,random_11,null,0.355237655402924,0.35514219839279865,9.5457010125366e-05,0.036720118061438205,0.42183439210324847,0.42175963169209163,7.476041115683785e-05,0.02875861207464382,0.0368107416198989,0.002599583420882587
4111,30,random_12,visible,0.355237655402924,0.35516347478027455,7.418062264946679e-05,0.028535580760197975,0.42183439210324847,0.4217681206825787,6.627142066978342e-05,0.02549309252298722,0.028615747100641208,0.002599583420882587
4111,30,random_12,null,0.355237655402924,0.355134431446877,0.00010322395604700496,0.03970788366235976,0.42183439210324847,0.42176418937788557,7.020272536290006e-05,0.027005375091623516,0.03976437396290911,0.002599583420882587
4111,30,random_13,visible,0.355237655402924,0.3551610068416679,7.664856125610964e-05,0.029484940025539405,0.42183439210324847,0.42180370793462213,3.068416862633816e-05,0.011803494506023795,0.029551880218779154,0.002599583420882587
4111,30,random_13,null,0.355237655402924,0.35513631273096785,0.00010134267195616165,0.038984196907116256,0.42183439210324847,0.4217376397835195,9.675231972894327e-05,0.03721839389793262,0.03907368416626296,0.002599583420882587
4111,30,random_14,visible,0.355237655402924,0.35515568351988286,8.197188304115421e-05,0.0315326995789671,0.42183439210324847,0.4217616127649136,7.277933833488293e-05,0.0279965388878244,0.031615501954857426,0.002599583420882587
4111,30,random_14,null,0.355237655402924,0.3551406496605691,9.700574235493864e-05,0.037315879758151455,0.42183439210324847,0.4217706803715451,6.37117317033864e-05,0.024508439002798213,0.03742360825645152,0.002599583420882587
4111,30,random_15,visible,0.355237655402924,0.35514646935515776,9.118604776625627e-05,0.03507717699449615,0.42183439210324847,0.42176051374982004,7.387835342842486e-05,0.028419304737426872,0.03515390162152059,0.002599583420882587
4111,30,random_15,null,0.355237655402924,0.3551491949995569,8.84604033671299e-05,0.03402868423322097,0.42183439210324847,0.42177317662099945,6.121548224902185e-05,0.023548189204960587,0.0341213953345169,0.002599583420882587
4111,40,dstm,visible,0.23778399578457635,0.23772742100672623,5.657477785012133e-05,0.01927169442952624,0.3314623891870171,0.3314052557579401,5.7133429076983155e-05,0.019461993996681113,0.01934158577963682,0.002935641080082864
4111,40,dstm,null,0.23778399578457635,0.23769433934605663,8.965643851971405e-05,0.03054066763406354,0.3314623891870171,0.3313799684480336,8.242073898351299e-05,0.02807589100135719,0.030608977696289008,0.002935641080082864
4111,40,random_00,visible,0.23778399578457635,0.2377196406322389,6.435515233743638e-05,0.021922009735474826,0.3314623891870171,0.33140681736807154,5.557181894555452e-05,0.018930045407317266,0.021979519525959487,0.002935641080082864
4111,40,random_00,null,0.23778399578457635,0.23769970839593935,8.428738863699992e-05,0.0287117485883597,0.3314623891870171,0.33137876913231973,8.362005469736422e-05,0.028484427222623513,0.028773376192079595,0.002935641080082864
4111,40,random_01,visible,0.23778399578457635,0.23771686967811806,6.712610645828732e-05,0.02286591058890365,0.3314623891870171,0.331381521496526,8.086769049109321e-05,0.027546858858103516,0.02295602531442725,0.002935641080082864
4111,40,random_01,null,0.23778399578457635,0.2377019905286572,8.20052559191431e-05,0.027934360394230598,0.3314623891870171,0.3313991938788328,6.319530818427177e-05,0.021526919149969098,0.028000488528708616,0.002935641080082864
4111,40,random_02,visible,0.23778399578457635,0.23771045798036625,7.353780421009981e-05,0.02504999834926144,0.3314623891870171,0.3314008007170182,6.158846999887446e-05,0.020979564026654105,0.025128586793389716,0.002935641080082864
4111,40,random_02,null,0.23778399578457635,0.23770762291675687,7.637286781947417e-05,0.026015737529234466,0.3314623891870171,0.33138258292361134,7.980626340575725e-05,0.027185293170616267,0.026068382800819228,0.002935641080082864
4111,40,random_03,visible,0.23778399578457635,0.23771041721214733,7.357857242901167e-05,0.025063885680103228,0.3314623891870171,0.33139129660929273,7.109257772436317e-05,0.024217053715012208,0.02513682858740671,0.002935641080082864
4111,40,random_03,null,0.23778399578457635,0.23770770690836332,7.628887621302649e-05,0.02598712653621576,0.3314623891870171,0.33139182197028416,7.056721673293076e-05,0.024038094170197012,0.026060435618966548,0.002935641080082864
4111,40,random_04,visible,0.23778399578457635,0.23770816774099282,7.582804358352568e-05,0.025830148003442334,0.3314623891870171,0.3313904990038908,7.189018312631079e-05,0.02448875089467053,0.025907170468562064,0.002935641080082864
4111,40,random_04,null,0.23778399578457635,0.2377099220643206,7.407372025575176e-05,0.02523255337933236,0.3314623891870171,0.33139268729304666,6.97018939704308e-05,0.02374332967450617,0.02529476179757053,0.002935641080082864
4111,40,random_05,visible,0.23778399578457635,0.23770818548714676,7.581029742959045e-05,0.025824102934085713,0.3314623891870171,0.331406862687761,5.552649925610886e-05,0.018914607658556654,0.02588189387391972,0.002935641080082864
4111,40,random_05,null,0.23778399578457635,0.23770989002641288,7.410575816346743e-05,0.025243466807384932,0.3314623891870171,0.33137592563447765,8.646355253943971e-05,0.02945303944888219,0.02532062451011279,0.002935641080082864
4111,40,random_06,visible,0.23778399578457635,0.23770859216388032,7.540362069602402e-05,0.025685572125150807,0.3314623891870171,0.3313909496044377,7.14395825793801e-05,0.024335257829735637,0.025753493874073424,0.002935641080082864
4111,40,random_06,null,0.23778399578457635,0.23770949100525404,7.450477932230415e-05,0.025379389812940318,0.3314623891870171,0.331392166480394,7.022270662310204e-05,0.023920739868213,0.02545120840669516,0.002935641080082864
4111,40,random_07,visible,0.23778399578457635,0.23771670776856313,6.728801601321721e-05,0.022921063637424598,0.3314623891870171,0.3314254760325547,3.691315446241461e-05,0.01257413745599059,0.02298220610113453,0.002935641080082864
4111,40,random_07,null,0.23778399578457635,0.23770204805533307,8.194772924327576e-05,0.02791476444421558,0.3314623891870171,0.33136305394956117,9.933523745592199e-05,0.033837664328201206,0.027979003892346532,0.002935641080082864
4111,40,random_08,visible,0.23778399578457635,0.23770835228762358,7.564349695277084e-05,0.025767283836563445,0.3314623891870171,0.331392746070712,6.96431163050848e-05,0.023723307586061913,0.025838518315019623,0.002935641080082864
4111,40,random_08,null,0.23778399578457635,0.23770973864468126,7.425713989508975e-05,0.025295033646617896,0.3314623891870171,0.33139037241515734,7.201677185975086e-05,0.024531872219787185,0.025364885715637733,0.002935641080082864
4111,40,random_09,visible,0.23778399578457635,0.2377131994129235,7.079637165285924e-05,0.024116153753666943,0.3314623891870171,0.3313974595790555,6.492960796161684e-05,0.02211769292988095,0.024197359764263286,0.002935641080082864
4111,40,random_09,null,0.23778399578457635,0.23770510657664712,7.888920792922804e-05,0.026872906386431018,0.3314623891870171,0.3313860656860523,7.632350096481444e-05,0.02599892114967272,0.02693500021388119,0.002935641080082864
4111,40,random_10,visible,0.23778399578457635,0.2377116298146443,7.236596993204225e-05,0.024650823434450502,0.3314623891870171,0.33140485600892583,5.753317809126246e-05,0.019598164939713433,0.024729806702336432,0.002935641080082864
4111,40,random_10,null,0.23778399578457635,0.2377066181515081,7.737763306825407e-05,0.02635800186651903,0.3314623891870171,0.3313791131144791,8.327607253799663e-05,0.028367252762264112,0.02644698690868288,0.002935641080082864
4111,40,random_11,visible,0.23778399578457635,0.23771085252136331,7.314326321303244e-05,0.02491560147092908,0.3314623891870171,0.3313962424392242,6.614674779287233e-05,0.022532300778065558,0.024977697188677848,0.002935641080082864
4111,40,random_11,null,0.23778399578457635,0.23770722064123231,7.677514334403224e-05,0.02615276910550152,0.3314623891870171,0.33138702750528076,7.536168173633007e-05,0.025671285991883872,0.026212994854340515,0.002935641080082864
4111,40,random_12,visible,0.23778399578457635,0.23772048057738354,6.351520719280468e-05,0.021635889899391872,0.3314623891870171,0.33140642175869295,5.596742832414403e-05,0.019064806220304098,0.02171240409511247,0.002935641080082864
4111,40,random_12,null,0.23778399578457635,0.23769911168627933,8.488409829701671e-05,0.028915012421961574,0.3314623891870171,0.33137913206341624,8.325712360085502e-05,0.02836079797551577,0.028975471773441595,0.002935641080082864
4111,40,random_13,visible,0.23778399578457635,0.23772238614926003,6.160963531631758e-05,0.020986773803621295,0.3314623891870171,0.33139830559297623,6.408359404086461e-05,0.021829505819238544,0.021054767679828865,0.002935641080082864
4111,40,random_13,null,0.23778399578457635,0.23769772272780726,8.627305676908725e-05,0.029388148760560343,0.3314623891870171,0.3313850110558937,7.737813112340675e-05,0.026358171524572958,0.029456802508612528,0.002935641080082864
4111,40,random_14,visible,0.23778399578457635,0.23770914180988786,7.485397468848243e-05,0.025498340105790294,0.3314623891870171,0.33137696668579514,8.54225012219545e-05,0.02909841458532229,0.025592152335376296,0.002935641080082864
4111,40,random_14,null,0.23778399578457635,0.23770899019969802,7.500558487832931e-05,0.025549984767283655,0.3314623891870171,0.3314061462055003,5.624298151679641e-05,0.019158670962326513,0.025613437780310968,0.002935641080082864
4111,40,random_15,visible,0.23778399578457635,0.2377098186769949,7.417710758145235e-05,0.025267771351448236,0.3314623891870171,0.33140457500055653,5.781418646055858e-05,0.019693887939095968,0.02534600737371767,0.002935641080082864
4111,40,random_15,null,0.23778399578457635,0.23770829674293964,7.569904163670649e-05,0.025786204638671203,0.3314623891870171,0.33137875283127194,8.36363557451536e-05,0.0284899800294363,0.025857037074932174,0.002935641080082864
4111,50,dstm,visible,0.17367081748203222,0.17362111586946768,4.9701612564539976e-05,0.01568835535573996,0.288351026908308,0.28833047753493113,2.0549373376865798e-05,0.0064864268026599515,0.015763851791702484,0.0031680575457105164
4111,50,dstm,null,0.17367081748203222,0.1735952691878414,7.554829419081921e-05,0.023846881914474698,0.288351026908308,0.28828182453052936,6.920237777863214e-05,0.021843788119420594,0.023914450145848535,0.0031680575457105164
4111,50,random_00,visible,0.17367081748203222,0.1736131122228063,5.77052592259375e-05,0.018214713083122246,0.288351026908308,0.2883370604525135,1.396645579448963e-05,0.004408523391060216,0.01827543742389469,0.0031680575457105164
4111,50,random_00,null,0.17367081748203222,0.1736011110928034,6.970638922881855e-05,0.02200287975298919,0.288351026908308,0.28827282100846047,7.820589984752768e-05,0.02468575735103576,0.022054666990329867,0.0031680575457105164
4111,50,random_01,visible,0.17367081748203222,0.17361757116268742,5.324631934480739e-05,0.01680724499998486,0.288351026908308,0.28830800594403944,4.3020964268558615e-05,0.013579603163082722,0.016882765671152357,0.0031680575457105164
4111,50,random_01,null,0.17367081748203222,0.1735976827577194,7.313472431283441e-05,0.023085036574495718,0.288351026908308,0.2882968897539974,5.4137154310573976e-05,0.01708843779806795,0.023138110821369927,0.0031680575457105164
4111,50,random_02,visible,0.17367081748203222,0.17361228989832017,5.852758371205358e-05,0.01847428049130569,0.288351026908308,0.2883124794739305,3.854743437747832e-05,0.01216752973116626,0.018544222925529964,0.0031680575457105164
4111,50,random_02,null,0.17367081748203222,0.17360181717424,6.900030779222188e-05,0.021780004560096093,0.288351026908308,0.2882930976667869,5.792924152109302e-05,0.01828541328093235,0.021829148979685065,0.0031680575457105164
4111,50,random_03,visible,0.17367081748203222,0.1736135314529245,5.728602910773373e-05,0.018082382747528627,0.288351026908308,0.2882918037439416,5.922316436640651e-05,0.018693841103547326,0.01813826222311628,0.0031680575457105164
4111,50,random_03,null,0.17367081748203222,0.1736007683314632,7.004915056901817e-05,0.02211107265518685,0.288351026908308,0.2883102352889367,4.079161937131648e-05,0.01287590859154294,0.02216762036427251,0.0031680575457105164
4111,50,random_04,visible,0.17367081748203222,0.1736067501327717,6.406734926053814e-05,0.020222912095547,0.288351026908308,0.2882878892290247,6.313767928328717e-05,0.019929460993779697,0.020286722224126346,0.0031680575457105164
4111,50,random_04,null,0.17367081748203222,0.17360694077835057,6.387670368165899e-05,0.020162734659964338,0.288351026908308,0.28831650537939096,3.4521528917030864e-05,0.010896749323184577,0.02022001113971441,0.0031680575457105164
4111,50,random_05,visible,0.17367081748203222,0.1736047845481183,6.603293391391207e-05,0.020843350526671866,0.288351026908308,0.2882912283644544,5.979854385357308e-05,0.01887546011736405,0.020896958184721794,0.0031680575457105164
4111,50,random_05,null,0.17367081748203222,0.17360897649780357,6.184098422865048e-05,0.01952015812098548,0.288351026908308,0.28831378374854666,3.724315976133541e-05,0.01175583436347672,0.019588697958645068,0.0031680575457105164
4111,50,random_06,visible,0.17367081748203222,0.17360507808114298,6.573940088924757e-05,0.020750696583228843,0.288351026908308,0.28827233882006287,7.868808824512685e-05,0.024837960519899293,0.020808928579650134,0.0031680575457105164
4111,50,random_06,null,0.17367081748203222,0.17360864750392876,6.216997810346014e-05,0.01962400531127883,0.288351026908308,0.28833369221677096,1.7334691537029823e-05,0.0054717098054297125,0.019682185865804044,0.0031680575457105164
4111,50,random_07,visible,0.17367081748203222,0.17361820822591453,5.260925611769163e-05,0.016606155462334786,0.288351026908308,0.2883055457839072,4.5481124400781336e-05,0.01435615475557312,0.016653722232156644,0.0031680575457105164
4111,50,random_07,null,0.17367081748203222,0.17359715736449782,7.366011753440205e-05,0.023250877381989575,0.288351026908308,0.2882985784988754,5.2448409432581666e-05,0.016555384072361852,0.023303507995647524,0.0031680575457105164
4111,50,random_08,visible,0.17367081748203222,0.17360612040605755,6.469707597467345e-05,0.02042168585677111,0.288351026908308,0.2882948813611149,5.614554719307607e-05,0.01772238868233185,0.02046898050336738,0.0031680575457105164
4111,50,random_08,null,0.17367081748203222,0.17360755977368914,6.325770834308964e-05,0.019967348266365693,0.288351026908308,0.28830959237685905,4.1434531448947265e-05,0.013078844323724092,0.020035488170788422,0.0031680575457105164
4111,50,random_09,visible,0.17367081748203222,0.17361242700091686,5.839048111536127e-05,0.018431003942595916,0.288351026908308,0.2882780288641257,7.299804418231526e-05,0.023041893377584974,0.018520577101167092,0.0031680575457105164
4111,50,random_09,null,0.17367081748203222,0.17360177686037476,6.904062165746794e-05,0.021792729665200523,0.288351026908308,0.2883223243077184,2.8702600589569638e-05,0.00905999975550708,0.021849214469375364,0.0031680575457105164
4111,50,random_10,visible,0.17367081748203222,0.1736077122635699,6.310521846231154e-05,0.01991921470863264,0.288351026908308,0.288311209277003,3.981763130500582e-05,0.012568468448093078,0.019985879783753092,0.0031680575457105164
4111,50,random_10,null,0.17367081748203222,0.17360604990729647,6.476757473575234e-05,0.020443938849357798,0.288351026908308,0.2882934241950284,5.760271327959199e-05,0.018182344369844183,0.02051742085054567,0.0031680575457105164
4111,50,random_11,visible,0.17367081748203222,0.17361048257825265,6.033490377957418e-05,0.019044762574236183,0.288351026908308,0.2883129528460359,3.807406227207544e-05,0.012018109432269284,0.01908749639206938,0.0031680575457105164
4111,50,random_11,null,0.17367081748203222,0.17360336903919688,6.744844283534945e-05,0.021290157095370073,0.288351026908308,0.2882923487575759,5.8678150732072165e-05,0.018521807096440263,0.021355735308618503,0.0031680575457105164
4111,50,random_12,visible,0.17367081748203222,0.17361877092985542,5.204655217680432e-05,0.016428537495246656,0.288351026908308,0.28831896144019,3.206546811801436e-05,0.010121491688631204,0.0165014299958179,0.0031680575457105164
4111,50,random_12,null,0.17367081748203222,0.1735968184151923,7.399906683991375e-05,0.023357867012266536,0.288351026908308,0.2882890732162013,6.195369210670876e-05,0.019555734456463,0.023411594503197724,0.0031680575457105164
4111,50,random_13,visible,0.17367081748203222,0.1736132027184379,5.7614763594338037e-05,0.01818614806171915,0.288351026908308,0.28829254400081367,5.8482907494328273e-05,0.01846017840601188,0.018251374068349903,0.0031680575457105164
4111,50,random_13,null,0.17367081748203222,0.17360106847545093,6.97490065812989e-05,0.022016331955755537,0.288351026908308,0.2883097250833546,4.1301824953376975e-05,0.013036955407990863,0.02207458479125262,0.0031680575457105164
4111,50,random_14,visible,0.17367081748203222,0.17361495503113644,5.586245089578279e-05,0.01763302910056649,0.288351026908308,0.28826640857470476,8.46183336032369e-05,0.02670984740091238,0.017714245731194914,0.0031680575457105164
4111,50,random_14,null,0.17367081748203222,0.17359976091065835,7.105657137387866e-05,0.022429065870374663,0.288351026908308,0.28832971353898745,2.1313369320541398e-05,0.006727582757895056,0.022507897442095286,0.0031680575457105164
4111,50,random_15,visible,0.17367081748203222,0.17361549579152896,5.5321690503262744e-05,0.017462337632776638,0.288351026908308,0.2883232840381152,2.774287019280397e-05,0.008757060057310901,0.01752987684724772,0.0031680575457105164
4111,50,random_15,null,0.17367081748203222,0.1735992715895344,7.154589249783183e-05,0.02258352049024598,0.288351026908308,0.28828505417615696,6.597273215103172e-05,0.020824347790133237,0.022651785068938054,0.0031680575457105164
4111,60,dstm,visible,0.13766079338799259,0.137615786383903,4.5007004089575586e-05,0.013419277333907843,0.2664882753338041,0.2665098415840396,-2.1566250235527384e-05,-0.006430187896688468,0.013488658641156032,0.0033539066948003113
4111,60,dstm,null,0.13766079338799259,0.13759298429347247,6.780909452011596e-05,0.02021794304094475,0.2664882753338041,0.26644344612573334,4.48292080707513e-05,0.01336626571641117,0.02029037165726569,0.0033539066948003113
4111,60,random_00,visible,0.13766079338799259,0.13760803177162725,5.2761616365332165e-05,0.015731390633833223,0.2664882753338041,0.2665065819589329,-1.8306625128805543e-05,-0.005458298871935524,0.015792779636262227,0.0033539066948003113
4111,60,random_00,null,0.13766079338799259,0.13759876058157894,6.203280641364772e-05,0.018495686391580165,0.2664882753338041,0.26643929351018436,4.898182361973147e-05,0.014604408553067336,0.01855346882089883,0.0033539066948003113
4111,60,random_01,visible,0.13766079338799259,0.13761130102860153,4.9492359391056784e-05,0.014756629773805773,0.2664882753338041,0.2664587996655224,2.9475668281708778e-05,0.008788458047269479,0.014834705042524456,0.0033539066948003113
4111,60,random_01,null,0.13766079338799259,0.13759616556504875,6.462782294383573e-05,0.019269415885668703,0.2664882753338041,0.26647890649370803,9.368840096057873e-06,0.0027934110721036876,0.019328078544669242,0.0033539066948003113
4111,60,random_02,visible,0.13766079338799259,0.13760367335965468,5.712002833790919e-05,0.01703089368182619,0.2664882753338041,0.2664884207890711,-1.4545526699771827e-07,-4.3368906840259774e-05,0.01710135382572481,0.0033539066948003113
4111,60,random_02,null,0.13766079338799259,0.13760273465428408,5.8058733708510335e-05,0.017310777845585566,0.2664882753338041,0.26645243309158395,3.5842242220140985e-05,0.010686714175951458,0.01735473397246329,0.0033539066948003113
4111,60,random_03,visible,0.13766079338799259,0.1376062502482928,5.4543139699797516e-05,0.01626256919560637,0.2664882753338041,0.2664613046081388,2.697072566526515e-05,0.008041584969277437,0.016320253608979395,0.0033539066948003113
4111,60,random_03,null,0.13766079338799259,0.13760029346570066,6.049992229192891e-05,0.018038642036680458,0.2664882753338041,0.266478398512343,9.876821461085594e-06,0.002944870671685055,0.01809122483598607,0.0033539066948003113
4111,60,random_04,visible,0.13766079338799259,0.13760217064688568,5.862274110690624e-05,0.017478942153576097,0.2664882753338041,0.26645658176858245,3.169356522164657e-05,0.00944974565654504,0.017545087309544165,0.0033539066948003113
4111,60,random_04,null,0.13766079338799259,0.13760427594548738,5.651744250520507e-05,0.016851226837295803,0.2664882753338041,0.26648464680435746,3.628529446630946e-06,0.0010818814525330692,0.016906005004970172,0.0033539066948003113
4111,60,random_05,visible,0.13766079338799259,0.13759907665116994,6.171673682264789e-05,0.018401447159615288,0.2664882753338041,0.2664353476976778,5.2927636126298694e-05,0.015780891045166646,0.018457899920595055,0.0033539066948003113
4111,60,random_05,null,0.13766079338799259,0.13760771519335288,5.30781946397052e-05,0.015825781534708268,0.2664882753338041,0.26651077296314973,-2.2497629345641368e-05,-0.006707887664412458,0.015904371237144242,0.0033539066948003113
4111,60,random_06,visible,0.13766079338799259,0.13760028408482475,6.050930316783831e-05,0.018041439036347726,0.2664882753338041,0.2664353587180671,5.291661573697537e-05,0.015777605208580788,0.018097660534413636,0.0033539066948003113
4111,60,random_06,null,0.13766079338799259,0.1376063072963672,5.4486091625394195e-05,0.016245559755692085,0.2664882753338041,0.2665091434466098,-2.0868112805716432e-05,-0.006222031411329677,0.016313116719644086,0.0033539066948003113
4111,60,random_07,visible,0.13766079338799259,0.13760904559832415,5.174778966843263e-05,0.015429108313793937,0.2664882753338041,0.2664835485396566,4.726794147480451e-06,0.0014093397871826844,0.015488225206305724,0.0033539066948003113
4111,60,random_07,null,0.13766079338799259,0.1375978883113466,6.29050766459971e-05,0.01875576227076359,0.2664882753338041,0.2664592469233267,2.9028410477416333e-05,0.008655103769708376,0.018808454851113106,0.0033539066948003113
4111,60,random_08,visible,0.13766079338799259,0.13760260131615076,5.8192071841822735e-05,0.01735053391080918,0.2664882753338041,0.26645742173005926,3.085360374482926e-05,0.00919930294801068,0.017404872608246847,0.0033539066948003113
4111,60,random_08,null,0.13766079338799259,0.13760385127898825,5.6942109004337604e-05,0.016977845296834618,0.2664882753338041,0.26648352152204874,4.75381175535361e-06,0.0014173953505396033,0.01705032267783524,0.0033539066948003113
4111,60,random_09,visible,0.13766079338799259,0.13760830836526095,5.248502273164091e-05,0.015648921543646527,0.2664882753338041,0.26645155793148784,3.671740231625531e-05,0.010947651696208392,0.015729593074583575,0.0033539066948003113
4111,60,random_09,null,0.13766079338799259,0.13759858086240465,6.221252558794022e-05,0.018549271416640974,0.2664882753338041,0.26648604160899075,2.233724813338611e-06,0.0006660068441384011,0.018607068432066793,0.0033539066948003113
4111,60,random_10,visible,0.13766079338799259,0.1376034407638469,5.735262414569009e-05,0.017100244390998127,0.2664882753338041,0.2664797934231507,8.481910653390656e-06,0.002528964406356469,0.01717460462691016,0.0033539066948003113
4111,60,random_10,null,0.13766079338799259,0.13760307931388466,5.7714074107928504e-05,0.01720801422335476,0.2664882753338041,0.2664609292450103,2.7346088793789303e-05,0.008153503147891676,0.017282246666360263,0.0033539066948003113
4111,60,random_11,visible,0.13766079338799259,0.13760241025525688,5.83831327357065e-05,0.017407500580209963,0.2664882753338041,0.2664921207823303,-3.845448526218487e-06,-0.0011465579922602593,0.017457004201281934,0.0033539066948003113
4111,60,random_11,null,0.13766079338799259,0.13760400608441428,5.678730357830397e-05,0.01693168854886258,0.2664882753338041,0.26644789400925767,4.0381324546423514e-05,0.012040085852426429,0.01699694379128286,0.0033539066948003113
4111,60,random_12,visible,0.13766079338799259,0.1376123522452291,4.8441142763477885e-05,0.014443199281177984,0.2664882753338041,0.2664934499486711,-5.174614866987337e-06,-0.0015428619034064779,0.014515413845557126,0.0033539066948003113
4111,60,random_12,null,0.13766079338799259,0.13759534536088802,6.544802710456432e-05,0.01951396775766925,0.2664882753338041,0.26645280953170863,3.546580209545791e-05,0.01057447488042583,0.019569002397153836,0.0033539066948003113
4111,60,random_13,visible,0.13766079338799259,0.13760691458839497,5.3878799597617544e-05,0.016064489713189665,0.2664882753338041,0.26646293729868376,2.5338035120336944e-05,0.007554782355639011,0.016125684766403116,0.0033539066948003113
4111,60,random_13,null,0.13766079338799259,0.13759973262778602,6.106076020656603e-05,0.018205861332168498,0.2664882753338041,0.26647671124549954,1.1564088304549802e-05,0.0034479457411495814,0.018264867498621464,0.0033539066948003113
4111,60,random_14,visible,0.13766079338799259,0.13761185189284517,4.8941495147419856e-05,0.014592384225624318,0.2664882753338041,0.2664191790219434,6.909631186069465e-05,0.020601739448451943,0.014672878896632794,0.0033539066948003113
4111,60,random_14,null,0.13766079338799259,0.13759580503985658,6.498834813600807e-05,0.019376909988808564,0.2664882753338041,0.26650861657560876,-2.0341241804666677e-05,-0.006064939682491011,0.019451213813342142,0.0033539066948003113
4111,60,random_15,visible,0.13766079338799259,0.13761006861112104,5.072477687154131e-05,0.015124087068427352,0.2664882753338041,0.26648371326552195,4.56206828214345e-06,0.001360225163453771,0.015195970469695756,0.0033539066948003113
4111,60,random_15,null,0.13766079338799259,0.13759711125123664,6.368213675594925e-05,0.018987450323134532,0.2664882753338041,0.26645934004462357,2.8935289180520574e-05,0.008627338746596633,0.019045355743900892,0.0033539066948003113
4111,70,dstm,visible,0.11513091599642199,0.11509126419299763,3.965180342435648e-05,0.01131864936553973,0.2538986906436285,0.2539052802037738,-6.5895601452647945e-06,-0.0018809969362345018,0.011381157141576321,0.0035032274738608514
4111,70,dstm,null,0.11513091599642199,0.11507513579870246,5.578019771952658e-05,0.015922516632370466,0.2538986906436285,0.2538366333894339,6.205725419461405e-05,0.0177143090643274,0.015966022853569985,0.0035032274738608514
4111,70,random_00,visible,0.11513091599642199,0.11508638586770452,4.45301287174682e-05,0.012711172497283554,0.2538986906436285,0.2538864585910241,1.2232052604421728e-05,0.0034916523964517144,0.012753809937467121,0.0035032274738608514
4111,70,random_00,null,0.11513091599642199,0.11507891567118746,5.200032523453024e-05,0.014843548020369203,0.2538986906436285,0.25384767994108537,5.1010702543152764e-05,0.014561059172938798,0.014892446263825753,0.0035032274738608514
4111,70,random_01,visible,0.11513091599642199,0.11508846820111385,4.24477953081398e-05,0.01211676821584148,0.2538986906436285,0.25383828537380493,6.040526982359351e-05,0.01724274837255196,0.012187753659575529,0.0035032274738608514
4111,70,random_01,null,0.11513091599642199,0.11507726643870407,5.364955771791635e-05,0.015314323182899119,0.2538986906436285,0.2538870081670716,1.1682476556917898e-05,0.003334775330487696,0.015359143347709079,0.0035032274738608514
4111,70,random_02,visible,0.11513091599642199,0.11508265014086974,4.826585555224583e-05,0.013777539686583011,0.2538986906436285,0.2538928384197222,5.852223906310794e-06,0.0016705235243719846,0.013830390651469729,0.0035032274738608514
4111,70,random_02,null,0.11513091599642199,0.11508235963291363,4.855636350835357e-05,0.01386046549093781,0.2538986906436285,0.2538385433006944,6.014734293413593e-05,0.01716912286824712,0.013898378253224783,0.0035032274738608514
4111,70,random_03,visible,0.11513091599642199,0.11508356295258318,4.735304383880756e-05,0.013516976614316318,0.2538986906436285,0.25384882912831624,4.986151531227723e-05,0.014233022458380542,0.013568980743733952,0.0035032274738608514
4111,70,random_03,null,0.11513091599642199,0.11508147398699665,4.944200942533228e-05,0.014113274057777077,0.2538986906436285,0.25388178095785496,1.6909685773558447e-05,0.004826887748434603,0.014153705706215243,0.0035032274738608514
4111,70,random_04,visible,0.11513091599642199,0.11508260448772817,4.8311508693818506e-05,0.013790571424291543,0.2538986906436285,0.2538444038552781,5.428678835039946e-05,0.015496221343163552,0.013844927229628965,0.0035032274738608514
4111,70,random_04,null,0.11513091599642199,0.11508244725297732,4.84687434446629e-05,0.01383545425077586,0.2538986906436285,0.25388690861235985,1.1782031268670057e-05,0.0033631933286037137,0.01388389763892875,0.0035032274738608514
4111,70,random_05,visible,0.11513091599642199,0.11507686989368922,5.4046102732768775e-05,0.015427517378197945,0.2538986906436285,0.2538422657135264,5.642493010210581e-05,0.016106556175160613,0.01547407409259455,0.0035032274738608514
4111,70,random_05,null,0.11513091599642199,0.1150889397894291,4.1976206992880294e-05,0.011982152830806326,0.2538986906436285,0.2538951432660846,3.5473775439331945e-06,0.0010126026843537185,0.01204149719174767,0.0035032274738608514
4111,70,random_06,visible,0.11513091599642199,0.11507887989670502,5.2036099716962214e-05,0.014853759884342895,0.2538986906436285,0.25384291897042877,5.5771673199755956e-05,0.015920083299155816,0.01489682423395616,0.0035032274738608514
4111,70,random_06,null,0.11513091599642199,0.11508644391844088,4.447207798111141e-05,0.012694601852987708,0.2538986906436285,0.25389208643374644,6.604209882077328e-06,0.0018851787191537788,0.012748696066052771,0.0035032274738608514
4111,70,random_07,visible,0.11513091599642199,0.11508666592674754,4.425006967444245e-05,0.012631229346256283,0.2538986906436285,0.2538603299916134,3.836065201512362e-05,0.010950088825618553,0.01267904283102308,0.0035032274738608514
4111,70,random_07,null,0.11513091599642199,0.11507868147488208,5.223452153990671e-05,0.014910399604265455,0.2538986906436285,0.25386999539818506,2.8695245443466355e-05,0.008191088262915962,0.01495615246415518,0.0035032274738608514
4111,70,random_08,visible,0.11513091599642199,0.11507972395913792,5.119203728407018e-05,0.014612821367164104,0.2538986906436285,0.2538512173180157,4.747332561283457e-05,0.013551311174354022,0.014663264833712037,0.0035032274738608514
4111,70,random_08,null,0.11513091599642199,0.11508549467351949,4.542132290250023e-05,0.012965564823126403,0.2538986906436285,0.25388192632240764,1.676432122088567e-05,0.004785393282614896,0.01301665425746558,0.0035032274738608514
4111,70,random_09,visible,0.11513091599642199,0.11508710393554447,4.3812060877515546e-05,0.012506199270363385,0.2538986906436285,0.25386042222948163,3.8268414146891416e-05,0.01092375942824986,0.012562239754654373,0.0035032274738608514
4111,70,random_09,null,0.11513091599642199,0.11507833860162503,5.257739479695711e-05,0.015008273139343817,0.2538986906436285,0.25386979971982965,2.889092379887437e-05,0.008246944857118896,0.015054393245446794,0.0035032274738608514
4111,70,random_10,visible,0.11513091599642199,0.11508386200015386,4.7053996268128784e-05,0.013431613167920072,0.2538986906436285,0.25386707700574523,3.161363788328764e-05,0.009024146481828869,0.013481815982455174,0.0035032274738608514
4111,70,random_10,null,0.11513091599642199,0.11508125357702528,4.9662419396703794e-05,0.014176190318001712,0.2538986906436285,0.25386437217209945,3.431847152907119e-05,0.009796244116357466,0.014236757406698657,0.0035032274738608514
4111,70,random_11,visible,0.11513091599642199,0.11508143603977174,4.947995665025018e-05,0.014124106133399069,0.2538986906436285,0.25388265546827266,1.6035175355866294e-05,0.004577257821683552,0.014165796023172392,0.0035032274738608514
4111,70,random_11,null,0.11513091599642199,0.11508358358250724,4.733241391474685e-05,0.013511087780600941,0.2538986906436285,0.25384783255480015,5.085808882837606e-05,0.014517495426103793,0.013556358164044135,0.0035032274738608514
4111,70,random_12,visible,0.11513091599642199,0.11508899190573056,4.192409069142533e-05,0.011967276177250762,0.2538986906436285,0.2538986442169238,4.642670470289545e-08,1.3252552124949316e-05,0.01203220274621834,0.0035032274738608514
4111,70,random_12,null,0.11513091599642199,0.11507682909003561,5.4086906386377476e-05,0.015439164824420938,0.2538986906436285,0.2538396221525278,5.906849110071111e-05,0.01686116346753032,0.015481302293924394,0.0035032274738608514
4111,70,random_13,visible,0.11513091599642199,0.11508573934167228,4.517665474970678e-05,0.012895724039272364,0.2538986906436285,0.2538630734353788,3.5617208249738574e-05,0.010166969891477078,0.012947061327558858,0.0035032274738608514
4111,70,random_13,null,0.11513091599642199,0.11507950002545288,5.141597096910977e-05,0.014676743475194617,0.2538986906436285,0.253867754039503,3.0936604125508804e-05,0.008830886477210132,0.01472474877960241,0.0035032274738608514
4111,70,random_14,visible,0.11513091599642199,0.11508678232648624,4.413366993574752e-05,0.012598002917323695,0.2538986906436285,0.2538201283812203,7.856226240821051e-05,0.022425681173831483,0.012677404154096395,0.0035032274738608514
4111,70,random_14,null,0.11513091599642199,0.11507869348443714,5.222251198484795e-05,0.014906971464029525,0.2538986906436285,0.25390416014241907,-5.469498790544591e-06,-0.0015612742339328434,0.014957541494365723,0.0035032274738608514
4111,70,random_15,visible,0.11513091599642199,0.11509051113556167,4.0404860860321357e-05,0.011533610409772164,0.2538986906436285,0.25387462854034115,2.4062103287370018e-05,0.0068685529178188235,0.0115918186890456,0.0035032274738608514
4111,70,random_15,null,0.11513091599642199,0.11507569832076711,5.5217675654875564e-05,0.015761944112073614,0.2538986906436285,0.25385835125661094,4.033938701758499e-05,0.011514920831882948,0.015813739694400752,0.0035032274738608514
4111,80,dstm,visible,0.09803619066962128,0.09799275079909886,4.343987052242426e-05,0.011975865493955472,0.24176470332226094,0.241760597024294,4.106297966932626e-06,0.0011320584416728951,0.012047800171515806,0.0036272844367156165
4111,80,dstm,null,0.09803619066962128,0.09798387259255152,5.231807706976288e-05,0.014423483457816485,0.24176470332226094,0.2416971943408199,6.750898144103346e-05,0.018611438562055684,0.014479480529646522,0.0036272844367156165
4111,80,random_00,visible,0.09803619066962128,0.09799112991726566,4.506075235562179e-05,0.012422723704684923,0.24176470332226094,0.24174542838893648,1.9274933324459065e-05,0.005313874238633424,0.01249483142274461,0.0036272844367156165
4111,80,random_00,null,0.09803619066962128,0.09798524028570818,5.095038391310369e-05,0.014046426411279051,0.24176470332226094,0.24170891207250622,5.579124975471639e-05,0.015380996645863669,0.014095532380807147,0.0036272844367156165
4111,80,random_01,visible,0.09803619066962128,0.09799310115039553,4.308951922575577e-05,0.011879277728981152,0.24176470332226094,0.2417038656257286,6.0837696532339836e-05,0.016772243146012094,0.011963605498375305,0.0036272844367156165
4111,80,random_01,null,0.09803619066962128,0.09798359857338862,5.259209623266481e-05,0.014499027344071526,0.24176470332226094,0.24174418960330366,2.051371895728238e-05,0.005655392984801837,0.01454912330212488,0.0036272844367156165
4111,80,random_02,visible,0.09803619066962128,0.09798855872013644,4.763194948484428e-05,0.013131572755285054,0.24176470332226094,0.24176083368047885,3.8696417820893725e-06,0.001066815092558113,0.01319137093152375,0.0036272844367156165
4111,80,random_02,null,0.09803619066962128,0.09798760798432311,4.858268529817078e-05,0.013393679526869626,0.24176470332226094,0.24169199784727408,7.270547498686164e-05,0.020044051205615955,0.013445913071567108,0.0036272844367156165
4111,80,random_03,visible,0.09803619066962128,0.09799427794043658,4.191272918470379e-05,0.011554850444167084,0.24176470332226094,0.24168990476271426,7.47985595466738e-05,0.020621090198926162,0.011608897260126077,0.0036272844367156165
4111,80,random_03,null,0.09803619066962128,0.09798255816438682,5.363250523446328e-05,0.014785855967508768,0.24176470332226094,0.24175397345028996,1.0729871970982519e-05,0.0029581005179450596,0.01483368968884769,0.0036272844367156165
4111,80,random_04,visible,0.09803619066962128,0.0979861253881791,5.006528144219091e-05,0.013802413986459615,0.24176470332226094,0.24170789737462584,5.680594763510238e-05,0.01566073701309684,0.013865675608220829,0.0036272844367156165
4111,80,random_04,null,0.09803619066962128,0.09799013593357007,4.60547360512098e-05,0.012696753412839828,0.24176470332226094,0.24174601457978526,1.8688742475680975e-05,0.005152268260661411,0.012749426861972226,0.0036272844367156165
4111,80,random_05,visible,0.09803619066962128,0.09798362988871231,5.256078090896954e-05,0.014490394074681816,0.24176470332226094,0.24171739836798364,4.730495427729409e-05,0.01304142399158725,0.0145382859117367,0.0036272844367156165
4111,80,random_05,null,0.09803619066962128,0.09799303507141527,4.3155598206015555e-05,0.011897494932901233,0.24176470332226094,0.24173631110870603,2.839221355491195e-05,0.007827402027677802,0.01197677285957228,0.0036272844367156165
4111,80,random_06,visible,0.09803619066962128,0.09798664315304974,4.9547516571546435e-05,0.013659672252339284,0.24176470332226094,0.24172530281794388,3.940050431705533e-05,0.010862259358058823,0.013710399964429838,0.0036272844367156165
4111,80,random_06,null,0.09803619066962128,0.09798955104317178,4.663962644950448e-05,0.012858000871785805,0.24176470332226094,0.2417270210394789,3.768228278203112e-05,0.010388565727189332,0.01291626022486971,0.0036272844367156165
4111,80,random_07,visible,0.09803619066962128,0.0979948144720328,4.137619758848299e-05,0.011406934942755066,0.24176470332226094,0.24171570937208678,4.899395017415875e-05,0.013507060454989055,0.011466404447672615,0.0036272844367156165
4111,80,random_07,null,0.09803619066962128,0.09798214640831794,5.4044261303343166e-05,0.014899372311777794,0.24176470332226094,0.2417335056890005,3.1197633260426905e-05,0.008600823509907953,0.014944109689893962,0.0036272844367156165
4111,80,random_08,visible,0.09803619066962128,0.09798832448176172,4.7866187859568754e-05,0.013196149542358463,0.24176470332226094,0.2417218675365046,4.283578575633995e-05,0.011809326371748863,0.013248796747279152,0.0036272844367156165
4111,80,random_08,null,0.09803619066962128,0.09798782039689025,4.837027273103811e-05,0.013335119860309537,0.24176470332226094,0.2417303220008006,3.438132146033057e-05,0.009478529202816445,0.013389332699222701,0.0036272844367156165
4111,80,random_09,visible,0.09803619066962128,0.0979930972278733,4.3093441747979466e-05,0.011880359122594511,0.24176470332226094,0.24170082389491884,6.387942734209506e-05,0.01761081284266081,0.011956358455398344,0.0036272844367156165
4111,80,random_09,null,0.09803619066962128,0.09798358294858395,5.260772103733713e-05,0.01450333492042649,0.24176470332226094,0.24174664536001364,1.805796224729761e-05,0.00497836951095252,0.014555079452452794,0.0036272844367156165
4111,80,random_10,visible,0.09803619066962128,0.09799203871073191,4.415195888937684e-05,0.012172179948853128,0.24176470332226094,0.24174950056328937,1.5202758971571972e-05,0.004191223279235735,0.012221103289714746,0.0036272844367156165
4111,80,random_10,null,0.09803619066962128,0.09798447208215612,5.1718587465166e-05,0.014258211168020623,0.24176470332226094,0.24170604392151315,5.865940074778475e-05,0.016171712412191987,0.014333508982915258,0.0036272844367156165
4111,80,random_11,visible,0.09803619066962128,0.09798822150979747,4.796915982381578e-05,0.013224537711536687,0.24176470332226094,0.24175028348086738,1.4419841393553678e-05,0.00397538203720532,0.013269883928540784,0.0036272844367156165
4111,80,random_11,null,0.09803619066962128,0.0979878871776472,4.830349197408601e-05,0.013316709184742951,0.24176470332226094,0.24170208677181892,6.261655044201286e-05,0.01726265241517978,0.013368433936113982,0.0036272844367156165
4111,80,random_12,visible,0.09803619066962128,0.0979947205939401,4.1470075681185326e-05,0.011432816037645803,0.24176470332226094,0.24174464282140642,2.006050085451294e-05,0.005530446041523297,0.011483192074662177,0.0036272844367156165
4111,80,random_12,null,0.09803619066962128,0.09798224273967807,5.394792994321829e-05,0.01487281487968071,0.24176470332226094,0.2417113189110989,5.3384411162038514e-05,0.014717459326232573,0.014931213787150887,0.0036272844367156165
4111,80,random_13,visible,0.09803619066962128,0.09798943794758791,4.675272203337466e-05,0.012889180004782771,0.24176470332226094,0.2417419769348305,2.2726387430449524e-05,0.006265399867849211,0.012953691093530206,0.0036272844367156165
4111,80,random_13,null,0.09803619066962128,0.09798675493437953,4.943573524175682e-05,0.013628855443859044,0.24176470332226094,0.24171101327741673,5.369004484420681e-05,0.014801718966605587,0.013675040491149752,0.0036272844367156165
4111,80,random_14,visible,0.09803619066962128,0.0979937744613964,4.241620822488523e-05,0.01169365374150026,0.24176470332226094,0.24166850375359616,9.61995686647732e-05,0.02652109872913045,0.011787531244079158,0.0036272844367156165
4111,80,random_14,null,0.09803619066962128,0.09798308895748958,5.3101712131700674e-05,0.014639522501792686,0.24176470332226094,0.24177197923293775,-7.275910676812769e-06,-0.0020058836861993816,0.014692139141426839,0.0036272844367156165
4111,80,random_15,visible,0.09803619066962128,0.09799799125755157,3.8199412069714334e-05,0.010531132238502534,0.24176470332226094,0.24174193500444385,2.276831781708455e-05,0.006276959586246424,0.010590912167746548,0.0036272844367156165
4111,80,random_15,null,0.09803619066962128,0.09797992633916959,5.62643304516941e-05,0.015511419474630325,0.24176470332226094,0.24171421649848526,5.048682377567504e-05,0.013918628289704556,0.015576823323009959,0.0036272844367156165
4111,90,dstm,visible,0.08603570782004917,0.08599659344290499,3.9114377144183754e-05,0.010463271802217301,0.23809740722779754,0.23809482791936915,2.5793084283964873e-06,0.0006899766049853989,0.010524021727595903,0.0037382549056878094
4111,90,dstm,null,0.08603570782004917,0.08598805353344617,4.765428660299942e-05,0.012747735990526683,0.23809740722779754,0.2380464513669373,5.0955860860235624e-05,0.013630921953103182,0.012791628789301884,0.0037382549056878094
4111,90,random_00,visible,0.08603570782004917,0.08599855094006656,3.715687998261108e-05,0.009939632507691315,0.23809740722779754,0.23809245482066307,4.95240713446754e-06,0.0013247911818245407,0.010000718053650933,0.0037382549056878094
4111,90,random_00,null,0.08603570782004917,0.0859865179859448,4.918983410437394e-05,0.0131585018532393,0.23809740722779754,0.23804972115374937,4.7686074048175486e-05,0.012756239275074696,0.013204788480607623,0.0037382549056878094
4111,90,random_01,visible,0.08603570782004917,0.08599556566884109,4.0142151208080734e-05,0.010738205986703546,0.23809740722779754,0.23803867507514656,5.873215265098097e-05,0.01571111498084819,0.010809118645934935,0.0037382549056878094
4111,90,random_01,null,0.08603570782004917,0.08598895470328637,4.675311676280436e-05,0.012506669005280729,0.23809740722779754,0.2380939173486666,3.489879130930129e-06,0.000933558363187119,0.012551643498136375,0.0037382549056878094
4111,90,random_02,visible,0.08603570782004917,0.08599253605777918,4.3171762269991754e-05,0.011548640571381392,0.23809740722779754,0.23810934049294027,-1.1933265142732852e-05,-0.0031922020953082187,0.011600499156638985,0.0037382549056878094
4111,90,random_02,null,0.08603570782004917,0.0859916654404245,4.4042379624673056e-05,0.01178153462934321,0.23809740722779754,0.2380280778189671,6.932940883044858e-05,0.018545928669808705,0.011824094879652547,0.0037382549056878094
4111,90,random_03,visible,0.08603570782004917,0.0859967362786202,3.897154142896986e-05,0.010425062605996741,0.23809740722779754,0.23801894056394052,7.846666385702417e-05,0.020990185484043904,0.010470692672732776,0.0037382549056878094
4111,90,random_03,null,0.08603570782004917,0.08598787168220938,4.783613783979068e-05,0.012796382014240736,0.23809740722779754,0.23810844155404884,-1.1034326251296855e-05,-0.002951731898888962,0.012835318280408462,0.0037382549056878094
4111,90,random_04,visible,0.08603570782004917,0.08598993861961511,4.57692004340593e-05,0.012243466962196931,0.23809740722779754,0.23803834309623892,5.906413155862267e-05,0.015799920831711004,0.012293050034377894,0.0037382549056878094
4111,90,random_04,null,0.08603570782004917,0.08599438282015469,4.132499989448202e-05,0.011054623330154782,0.23809740722779754,0.23810169830874206,-4.291080944518466e-06,-0.0011478834517115255,0.01110232954196952,0.0037382549056878094
4111,90,random_05,visible,0.08603570782004917,0.08598741579696856,4.82920230806122e-05,0.01291833336649547,0.23809740722779754,0.23806125051134724,3.615671645029739e-05,0.009672084264581427,0.012961087158531523,0.0037382549056878094
4111,90,random_05,null,0.08603570782004917,0.08599737432132466,3.833349872450764e-05,0.010254383312968483,0.23809740722779754,0.23807687323481544,2.0533992982102456e-05,0.005492935473945259,0.0103146022742109,0.0037382549056878094
4111,90,random_06,visible,0.08603570782004917,0.08598931942754168,4.638839250749316e-05,0.01240910362664476,0.23809740722779754,0.23806124037728435,3.6166850513191795e-05,0.009674795171983431,0.01245686261270736,0.0037382549056878094
4111,90,random_06,null,0.08603570782004917,0.08599506883471406,4.0638985335114675e-05,0.010871111350186919,0.23809740722779754,0.2380765301787505,2.087704904704668e-05,0.005584704514205799,0.010918212960660778,0.0037382549056878094
4111,90,random_07,visible,0.08603570782004917,0.08599789112230018,3.7816697748993544e-05,0.010116136727716156,0.23809740722779754,0.23804412113806236,5.328608973517723e-05,0.014254268657308968,0.010165277176820038,0.0037382549056878094
4111,90,random_07,null,0.08603570782004917,0.08598696772506961,4.874009497955745e-05,0.013038194614657947,0.23809740722779754,0.23808677998699665,1.062724080089228e-05,0.002842834710046866,0.013078529746291404,0.0037382549056878094
4111,90,random_08,visible,0.08603570782004917,0.08599196467057746,4.374314947171165e-05,0.011701489217644257,0.23809740722779754,0.23805860600011433,3.880122768321059e-05,0.01037950291302339,0.011751768039481093,0.0037382549056878094
4111,90,random_08,null,0.08603570782004917,0.08599223894694319,4.346887310598124e-05,0.01162811905625877,0.23809740722779754,0.2380781853480912,1.9221879706349254e-05,0.005141939271477417,0.011673763247232582,0.0037382549056878094
4111,90,random_09,visible,0.08603570782004917,0.08599645412981397,3.925369023520531e-05,0.010500538680623476,0.23809740722779754,0.23803910788461058,5.8299343186962727e-05,0.015595336502671187,0.010559542607944426,0.0037382549056878094
4111,90,random_09,null,0.08603570782004917,0.08598816698826109,4.754083178808155e-05,0.012717386317275337,0.23809740722779754,0.2380924449979953,4.962229802230045e-06,0.0013274187896282674,0.012762321901488528,0.0037382549056878094
4111,90,random_10,visible,0.08603570782004917,0.08599511994512551,4.058787492365601e-05,0.010857439085253648,0.23809740722779754,0.23808720381225612,1.0203415541421013e-05,0.002729459546992466,0.010900378431974285,0.0037382549056878094
4111,90,random_10,null,0.08603570782004917,0.08598929732667686,4.6410493372311956e-05,0.012415015707381996,0.23809740722779754,0.2380518658032174,4.554142458013111e-05,0.012182535896853681,0.0124724717055585,0.0037382549056878094
4111,90,random_11,visible,0.08603570782004917,0.08599152765759763,4.4180162451543104e-05,0.011818392155206522,0.23809740722779754,0.2381021775055703,-4.7702777727642864e-06,-0.0012760707584456691,0.011856907705068321,0.0037382549056878094
4111,90,random_11,null,0.08603570782004917,0.08599263490080421,4.307291924496304e-05,0.011522199617641633,0.23809740722779754,0.23803361479253746,6.379243526008493e-05,0.017064763337305815,0.0115669589814998,0.0037382549056878094
4111,90,random_12,visible,0.08603570782004917,0.08599914333352099,3.656448652818167e-05,0.009781164594353443,0.23809740722779754,0.23809951687107875,-2.1096432812062194e-06,-0.0005643390658021651,0.009829503766945908,0.0037382549056878094
4111,90,random_12,null,0.08603570782004917,0.08598603940278517,4.966841726400384e-05,0.013286525000858721,0.23809740722779754,0.23804487947927602,5.25277485215192e-05,0.014051408972030631,0.013332728756777573,0.0037382549056878094
4111,90,random_13,visible,0.08603570782004917,0.0859954109465226,4.0296873526565746e-05,0.010779594902758895,0.23809740722779754,0.2380950008682911,2.406359506434974e-06,0.0006437119905262916,0.010825569046636646,0.0037382549056878094
4111,90,random_13,null,0.08603570782004917,0.08598898861879317,4.67192012559986e-05,0.012497596454675857,0.23809740722779754,0.2380451007631834,5.230646461415467e-05,0.01399221453159056,0.012537458084584372,0.0037382549056878094
4111,90,random_14,visible,0.08603570782004917,0.08599723466700213,3.847315304704446e-05,0.010291741472339673,0.23809740722779754,0.23798430699140682,0.00011310023639071742,0.030254821900623674,0.01037357246769732,0.0037382549056878094
4111,90,random_14,null,0.08603570782004917,0.08598760122593248,4.810659411669249e-05,0.0128687302846838,0.23809740722779754,0.23813566317529183,-3.8255947494292286e-05,-0.01023363801010073,0.012913937999837217,0.0037382549056878094
4111,90,random_15,visible,0.08603570782004917,0.08599961455464063,3.6093265408543296e-05,0.009655110825542386,0.23809740722779754,0.23806551624317837,3.1890984619170615e-05,0.008530981814709323,0.00970813523464204,0.0037382549056878094
4111,90,random_15,null,0.08603570782004917,0.0859857319599072,4.997586014196531e-05,0.013368767353431761,0.23809740722779754,0.23806985632204206,2.755090575548569e-05,0.0073699911992535835,0.01342136023926447,0.0037382549056878094
4112,0,dstm,visible,2.479035375781609,2.478928897671415,0.00010647811019381948,0.3094137811106659,2.4716067169064404,2.4715011058082985,0.00010561109814188896,0.30689433860020043,0.30943157287433665,0.00034412853174027233
4112,0,dstm,null,2.479035375781609,2.4789312187190546,0.00010415706255439972,0.30266906968647184,2.4716067169064404,2.471499617506846,0.00010709939959419046,0.3112191803817729,0.3026925322796366,0.00034412853174027233
4112,0,random_00,visible,2.479035375781609,2.4789345180209126,0.00010085776069646002,0.29308165814214276,2.4716067169064404,2.4715072808447145,9.943606172591046e-05,0.2889503559122464,0.29309814436446413,0.00034412853174027233
4112,0,random_00,null,2.479035375781609,2.4789257668860203,0.00010960889558875309,0.31851150218337415,2.4716067169064404,2.471493846228247,0.00011287067819321095,0.32798988686703545,0.3185343704523148,0.00034412853174027233
4112,0,random_01,visible,2.479035375781609,2.4789268492658705,0.00010852651573856065,0.3153662243282692,2.4716067169064404,2.471495449206209,0.00011126770023128785,0.3233318076493177,0.31539255420085555,0.00034412853174027233
4112,0,random_01,null,2.479035375781609,2.4789333541534027,0.0001020216282063835,0.2964637302535069,2.4716067169064404,2.4715055125815737,0.0001012043248667105,0.29408873584214595,0.29647631295603566,0.00034412853174027233
4112,0,random_02,visible,2.479035375781609,2.4789312188647843,0.00010415691682474915,0.3026686462119932,2.4716067169064404,2.471500686835447,0.00010603007099341255,0.308111828034758,0.3026871886187145,0.00034412853174027233
4112,0,random_02,null,2.479035375781609,2.478928896167527,0.00010647961408194462,0.30941815124561967,2.4716067169064404,2.471500058117511,0.00010665878892934799,0.3099388138204352,0.30943680006657825,0.00034412853174027233
4112,0,random_03,visible,2.479035375781609,2.4789356938456644,9.968193594467323e-05,0.2896648395893753,2.4716067169064404,2.471506047291101,0.00010066961533938823,0.2925349282441005,0.2896847646303674,0.00034412853174027233
4112,0,random_03,null,2.479035375781609,2.4789246963597704,0.000110679421838622,0.3216223347680925,2.4716067169064404,2.471494992299619,0.00011172460682118412,0.32465952839245305,0.32164173319143996,0.00034412853174027233
4112,0,random_04,visible,2.479035375781609,2.478947470595709,8.790518590018337e-05,0.25544288773628615,2.4716067169064404,2.4715179422220452,8.877468439516534e-05,0.2579695555792135,0.2554572637845833,0.00034412853174027233
4112,0,random_04,null,2.479035375781609,2.478915129374862,0.00012024640674690446,0.3494229500204861,2.4716067169064404,2.471485325047178,0.0001213918592624097,0.352751510165478,0.34944563778796645,0.00034412853174027233
4112,0,random_05,visible,2.479035375781609,2.4789283938591544,0.00010698192245461868,0.3108778046202872,2.4716067169064404,2.4714996486608394,0.00010706824560102746,0.3111286502737186,0.3108962763087291,0.00034412853174027233
4112,0,random_05,null,2.479035375781609,2.478931736393609,0.00010363938800006522,0.301164763862957,2.4716067169064404,2.471501100514727,0.00010561639171324799,0.3069097211415209,0.30118793595811755,0.00034412853174027233
4112,0,random_06,visible,2.479035375781609,2.478929152878264,0.00010622290334483253,0.30867217782744977,2.4716067169064404,2.4714979456304107,0.0001087712760297066,0.31607747105317224,0.30869369862061596,0.00034412853174027233
4112,0,random_06,null,2.479035375781609,2.478930957018883,0.00010441876272615502,0.3034295418578198,2.4716067169064404,2.4715028396773078,0.00010387722913263175,0.3018559042672814,0.3034449996643034,0.00034412853174027233
4112,0,random_07,visible,2.479035375781609,2.4789372211086556,9.815467295348768e-05,0.28522677982297895,2.4716067169064404,2.4715069664224343,9.975048400612252e-05,0.2898640327835654,0.28525065196700317,0.00034412853174027233
4112,0,random_07,null,2.479035375781609,2.4789233408987017,0.00011203488290734143,0.325561156875823,2.4716067169064404,2.471494168489143,0.00011254841729746445,0.327053431833456,0.32558060897686214,0.00034412853174027233
4112,0,random_08,visible,2.479035375781609,2.4789202810000432,0.00011509478156579434,0.3344528888196373,2.4716067169064404,2.4714914525534386,0.00011526435300179827,0.33494564492778794,0.33447584797488833,0.00034412853174027233
4112,0,random_08,null,2.479035375781609,2.4789408266593402,9.454912226880552e-05,0.2747494425721304,2.4716067169064404,2.471510108680741,9.66082256992351e-05,0.2807329726793744,0.27476639989420865,0.00034412853174027233
4112,0,random_09,visible,2.479035375781609,2.4789312579804683,0.000104117801140724,0.30255498029819244,2.4716067169064404,2.471497065827926,0.00010965107851435008,0.3186340811668245,0.30257370696772373,0.00034412853174027233
4112,0,random_09,null,2.479035375781609,2.4789288580703506,0.0001065177112584692,0.30952885748765063,2.4716067169064404,2.4715035975804955,0.00010311932594486706,0.2996535202221923,0.3095477656859355,0.00034412853174027233
4112,0,random_10,visible,2.479035375781609,2.4789312637936893,0.00010411198791970833,0.30253808771161655,2.4716067169064404,2.471504921700595,0.00010179520584552293,0.29580577155500687,0.3025578776989506,0.00034412853174027233
4112,0,random_10,null,2.479035375781609,2.478928852422818,0.00010652335879113295,0.30954526860193743,2.4716067169064404,2.471495918925159,0.00011079798128132978,0.32196685558451016,0.30956323753257864,0.00034412853174027233
4112,0,random_11,visible,2.479035375781609,2.478933444959255,0.00010193082235421258,0.2961998583457877,2.4716067169064404,2.4715027442684088,0.00010397263803163526,0.30213315212732084,0.29621585701024755,0.00034412853174027233
4112,0,random_11,null,2.479035375781609,2.4789267637299743,0.00010861205163470444,0.31561478231824824,2.4716067169064404,2.4714980495328867,0.00010866737355375022,0.3157755417843873,0.31563718641032995,0.00034412853174027233
4112,0,random_12,visible,2.479035375781609,2.478931576513473,0.00010379926813586238,0.30162935810914937,2.4716067169064404,2.4715020121063214,0.0001047048001190376,0.30426073534077824,0.3016500513537215,0.00034412853174027233
4112,0,random_12,null,2.479035375781609,2.478928547709605,0.00010682807200401712,0.31043073198198096,2.4716067169064404,2.4714987640486474,0.00010795285779297004,0.3136992368724788,0.31044792463091453,0.00034412853174027233
4112,0,random_13,visible,2.479035375781609,2.4789311688596234,0.00010420692198565007,0.30281395575853975,2.4716067169064404,2.4715009660332137,0.00010575087322672871,0.3073005097599497,0.3028373245935533,0.00034412853174027233
4112,0,random_13,null,2.479035375781609,2.4789289445805753,0.00010643120103370762,0.30927746820491925,2.4716067169064404,2.47149978579798,0.0001069311084602731,0.31073014469192084,0.309289867636112,0.00034412853174027233
4112,0,random_14,visible,2.479035375781609,2.478931091556093,0.00010428422551589378,0.30303859139061823,2.4716067169064404,2.47150042347327,0.00010629343317036799,0.3088771298120434,0.3030540323394648,0.00034412853174027233
4112,0,random_14,null,2.479035375781609,2.4789290217087405,0.00010635407286851972,0.3090533421645765,2.4716067169064404,2.4715003192598686,0.00010639764657183193,0.3091799625964595,0.3090775321373836,0.00034412853174027233
4112,0,random_15,visible,2.479035375781609,2.4789450163851567,9.035939645229973e-05,0.2625745560687703,2.4716067169064404,2.471513644631716,9.307227472454827e-05,0.2704578845987512,0.2625929317016562,0.00034412853174027233
4112,0,random_15,null,2.479035375781609,2.478916965416835,0.00011841036477422406,0.3440876121936705,2.4716067169064404,2.471488568146677,0.00011814875976323691,0.3433274165491414,0.3441157067174849,0.00034412853174027233
4112,10,dstm,visible,1.454987391211227,1.4548838013230312,0.00010358988819580972,0.08818302929681107,1.4424218285122377,1.4423006559899496,0.00012117252228804887,0.10315060928241968,0.08824388996217626,0.001174714557005537
4112,10,dstm,null,1.454987391211227,1.4548164226176938,0.00017096859353316063,0.1455405421798606,1.4424218285122377,1.4422466620523051,0.00017516645993254087,0.14911406255069948,0.14560247577332272,0.001174714557005537
4112,10,random_00,visible,1.454987391211227,1.4548504939132325,0.00013689729799448713,0.11653664899109772,1.4424218285122377,1.442281532854931,0.00014029565730666604,0.1194295724608142,0.11659109987088347,0.001174714557005537
4112,10,random_00,null,1.454987391211227,1.4548417172814747,0.000145673929752288,0.12400793782927587,1.4424218285122377,1.4422619196623174,0.0001599088499202317,0.1361257072763745,0.12407086885274632,0.001174714557005537
4112,10,random_01,visible,1.454987391211227,1.4548637355525924,0.0001236556586345916,0.10526443032237724,1.4424218285122377,1.4422955848301056,0.0001262436821320989,0.10746753871332494,0.10531628742563331,0.001174714557005537
4112,10,random_01,null,1.454987391211227,1.4548303275825234,0.00015706362870360202,0.13370365402125658,1.4424218285122377,1.4422506411186136,0.00017118739362409485,0.1457268002709257,0.13377423021590926,0.001174714557005537
4112,10,random_02,visible,1.454987391211227,1.4548676927805357,0.00011969843069126185,0.10189575840141533,1.4424218285122377,1.4422923966380494,0.00012943187418823499,0.11018155297076557,0.10194774122231211,0.001174714557005537
4112,10,random_02,null,1.454987391211227,1.4548272921871674,0.00016009902405955678,0.1362875969356036,1.4424218285122377,1.44225314668886,0.0001686818233777032,0.14359388191092973,0.13635880289385863,0.001174714557005537
4112,10,random_03,visible,1.454987391211227,1.454849796071023,0.00013759514020406094,0.11713070156788087,1.4424218285122377,1.4422742031008557,0.0001476254113819131,0.12566917682387863,0.11718341648942915,0.001174714557005537
4112,10,random_03,null,1.454987391211227,1.4548423755169477,0.0001450156942792713,0.12344760130403983,1.4424218285122377,1.4422688261066294,0.00015300240560822687,0.13024645408178567,0.12351158636679671,0.001174714557005537
4112,10,random_04,visible,1.454987391211227,1.4548372402908476,0.00015015092037939937,0.12781906845706317,1.4424218285122377,1.4422676554994283,0.00015417301280939988,0.131242957610402,0.12787802348547375,0.001174714557005537
4112,10,random_04,null,1.454987391211227,1.4548554282201205,0.00013196299110651566,0.1123362184622129,1.4424218285122377,1.4422752069720592,0.00014662154017841544,0.12481461075290338,0.11240229613502707,0.001174714557005537
4112,10,random_05,visible,1.454987391211227,1.4548423489803108,0.0001450422309161592,0.1234701911636186,1.4424218285122377,1.4422628010821998,0.00015902743003781694,0.1353753804185363,0.12353845631210167,0.001174714557005537
4112,10,random_05,null,1.454987391211227,1.454849829304843,0.00013756190638392063,0.11710241059290136,1.4424218285122377,1.4422805596767156,0.00014126883552201264,0.12025801049245596,0.11715508900171875,0.001174714557005537
4112,10,random_06,visible,1.454987391211227,1.4548390055566494,0.00014838565457764297,0.1263163495274057,1.4424218285122377,1.4422638705486774,0.00015795796356021796,0.13446497501730834,0.12638293444217974,0.001174714557005537
4112,10,random_06,null,1.454987391211227,1.4548534555589896,0.00013393565223740467,0.11401548694418141,1.4424218285122377,1.4422795513132745,0.00014227719896320323,0.12111640067343833,0.11408075625959622,0.001174714557005537
4112,10,random_07,visible,1.454987391211227,1.4548697122845318,0.0001176789266952305,0.10017661396416647,1.4424218285122377,1.442294514084375,0.0001273144278626237,0.1083790331049959,0.10023263561329754,0.001174714557005537
4112,10,random_07,null,1.454987391211227,1.454825798447054,0.00016159276417293533,0.13755917402168846,1.4424218285122377,1.4422515430175507,0.00017028549468700582,0.14495904019533076,0.1376244303348414,0.001174714557005537
4112,10,random_08,visible,1.454987391211227,1.454852346848369,0.00013504436285805,0.11495929973175045,1.4424218285122377,1.4422840215490986,0.00013780696313903107,0.1173110202109988,0.11502846480586765,0.001174714557005537
4112,10,random_08,null,1.454987391211227,1.4548400160927213,0.0001473751185057104,0.12545610984968472,1.4424218285122377,1.4422597534706334,0.00016207504160425934,0.13796972263407084,0.1255209837094299,0.001174714557005537
4112,10,random_09,visible,1.454987391211227,1.4548574514452468,0.00012993976598019152,0.11061390633603857,1.4424218285122377,1.4422852430037323,0.00013658550850537132,0.1162712317565394,0.11068493887865,0.001174714557005537
4112,10,random_09,null,1.454987391211227,1.454835491628804,0.0001518995824230096,0.12930765309507747,1.4424218285122377,1.4422588954716051,0.00016293304063252911,0.13870011200666607,0.12936734275854636,0.001174714557005537
4112,10,random_10,visible,1.454987391211227,1.454847883236119,0.00013950797510808854,0.11875904174007011,1.4424218285122377,1.442269919376244,0.0001519091359936109,0.12931578576913375,0.11882601274265413,0.001174714557005537
4112,10,random_10,null,1.454987391211227,1.4548442299693272,0.00014316124189983626,0.12186896046029118,1.4424218285122377,1.4422730209163406,0.00014880759589708248,0.1266755357798644,0.1219321276885641,0.001174714557005537
4112,10,random_11,visible,1.454987391211227,1.4548383876440607,0.00014900356716629481,0.1268423603654998,1.4424218285122377,1.4422598705037415,0.00016195800849616582,0.13787009578651405,0.12691018836366919,0.001174714557005537
4112,10,random_11,null,1.454987391211227,1.4548541314371897,0.00013325977403733091,0.11344013168358379,1.4424218285122377,1.4422839992040462,0.00013782930819150607,0.11733004189787734,0.11349391682586213,0.001174714557005537
4112,10,random_12,visible,1.454987391211227,1.4548449110287054,0.00014248018252160932,0.1212891946149074,1.4424218285122377,1.4422683826221752,0.00015344589006249798,0.1306239793721861,0.1213419767285837,0.001174714557005537
4112,10,random_12,null,1.454987391211227,1.454847171827606,0.00014021938362107633,0.11936464291249556,1.4424218285122377,1.4422746474964103,0.00014718101582733567,0.12529087594054725,0.11942859687100721,0.001174714557005537
4112,10,random_13,visible,1.454987391211227,1.4548444707108976,0.00014292050032937986,0.12166402423214902,1.4424218285122377,1.442269369623174,0.00015245888906356697,0.12978377441086597,0.12172472581650016,0.001174714557005537
4112,10,random_13,null,1.454987391211227,1.4548476265494235,0.00013976466180354308,0.11897755158480111,1.4424218285122377,1.4422736530606786,0.00014817545155909606,0.1261374098715605,0.11903846517775483,0.001174714557005537
4112,10,random_14,visible,1.454987391211227,1.4548669383847235,0.0001204528265035254,0.10253795339914022,1.4424218285122377,1.4422927216427908,0.0001291068694468933,0.10990488598013072,0.10260212091157168,0.001174714557005537
4112,10,random_14,null,1.454987391211227,1.454827853586296,0.00015953762493103874,0.13580969434627238,1.4424218285122377,1.4422529115611706,0.00016891695106702187,0.14379403920694384,0.13586710363964086,0.001174714557005537
4112,10,random_15,visible,1.454987391211227,1.454847472687563,0.00013991852366390667,0.11910852966747322,1.4424218285122377,1.4422740412451136,0.00014778726712405543,0.1258069598633218,0.11917213876261946,0.001174714557005537
4112,10,random_15,null,1.454987391211227,1.454844634288007,0.00014275692321996658,0.12152477584330615,1.4424218285122377,1.4422690001060852,0.00015282840615249427,0.13009833345563446,0.12159385843750775,0.001174714557005537
4112,20,dstm,visible,0.8987992178983212,0.8986941552470205,0.00010506265130072467,0.056614887458991646,0.8977437295273273,0.897639729397202,0.0001040001301252369,0.05604232893292844,0.05667989686281073,0.0018557424736881376
4112,20,dstm,null,0.8987992178983212,0.8986382246564263,0.00016099324189489117,0.08675408585919261,0.8977437295273273,0.8975834798948994,0.00016024963242788903,0.08635337860721908,0.08681482220642912,0.0018557424736881376
4112,20,random_00,visible,0.8987992178983212,0.8986528115683605,0.00014640632996065772,0.07889366764866194,0.8977437295273273,0.8975986922101105,0.0001450373172168229,0.07815595066301037,0.07897201524648116,0.0018557424736881376
4112,20,random_00,null,0.8987992178983212,0.8986746650969737,0.00012455280134748836,0.06711750316300612,0.8977437295273273,0.8976194268429581,0.0001243026843691375,0.0669827231588314,0.06717771111776813,0.0018557424736881376
4112,20,random_01,visible,0.8987992178983212,0.8986664112716314,0.00013280662668979648,0.07156522447096557,0.8977437295273273,0.8976193689848414,0.00012436054248587958,0.06701390103914746,0.07163696222891586,0.0018557424736881376
4112,20,random_01,null,0.8987992178983212,0.898660270863034,0.00013894703528716246,0.07487409339239647,0.8977437295273273,0.8975983852091066,0.00014534431822066374,0.07832138364101981,0.07495044833572143,0.0018557424736881376
4112,20,random_02,visible,0.8987992178983212,0.8986874826267341,0.00011173527158703234,0.0602105481613338,0.8977437295273273,0.8976238339287991,0.00011989559852820797,0.06460788618472756,0.06027751814531683,0.0018557424736881376
4112,20,random_02,null,0.8987992178983212,0.898642801822633,0.0001564160756881705,0.08428759804010211,0.8977437295273273,0.8975946105439133,0.000149118983413965,0.08035542944576955,0.08435665278656902,0.0018557424736881376
4112,20,random_03,visible,0.8987992178983212,0.898679399411713,0.00011981848660813643,0.06456633304836037,0.8977437295273273,0.8976257071445372,0.00011802238279012833,0.06359847040390708,0.06463489475676538,0.0018557424736881376
4112,20,random_03,null,0.8987992178983212,0.898648927823352,0.00015029007496913938,0.0809864930614268,0.8977437295273273,0.8975935531567798,0.00015017637054748345,0.08092522140155584,0.08106635826836325,0.0018557424736881376
4112,20,random_04,visible,0.8987992178983212,0.8986713645609694,0.00012785333735176874,0.06889605598004696,0.8977437295273273,0.8976273054253379,0.00011642410198942077,0.06273720822805619,0.06895103183107879,0.0018557424736881376
4112,20,random_04,null,0.8987992178983212,0.898655670004743,0.00014354789357817754,0.07735334811456233,0.8977437295273273,0.8975916299727229,0.00015209955460437907,0.08196156350406399,0.07742854300929553,0.0018557424736881376
4112,20,random_05,visible,0.8987992178983212,0.8986616274937954,0.00013759040452576698,0.07414304865928796,0.8977437295273273,0.8976053254563215,0.0001384040710057377,0.0745815073848425,0.07422054486850267,0.0018557424736881376
4112,20,random_05,null,0.8987992178983212,0.8986649906782097,0.00013422722011147137,0.07233073662678295,0.8977437295273273,0.8976120704084747,0.00013165911885260062,0.0709468693632575,0.07239291942265724,0.0018557424736881376
4112,20,random_06,visible,0.8987992178983212,0.898656339552833,0.00014287834548820655,0.0769925501593157,0.8977437295273273,0.8976074117607703,0.00013631776655698147,0.07345726494369716,0.07707116054864814,0.0018557424736881376
4112,20,random_06,null,0.8987992178983212,0.8986706402671351,0.00012857763118612198,0.0692863546581355,0.8977437295273273,0.8976096755475238,0.00013405397980348344,0.07223738299046528,0.0693502723484001,0.0018557424736881376
4112,20,random_07,visible,0.8987992178983212,0.8986831640272492,0.00011605387107194165,0.06253770268096197,0.8977437295273273,0.8976375475210114,0.00010618200631584696,0.05721807191534439,0.06261684627326577,0.0018557424736881376
4112,20,random_07,null,0.8987992178983212,0.8986459943321891,0.0001532235661321213,0.08256725720546876,0.8977437295273273,0.8975845417344633,0.00015918779286394624,0.08578118737971946,0.08263506898347071,0.0018557424736881376
4112,20,random_08,visible,0.8987992178983212,0.8986691809945375,0.00013003690378365906,0.0700727097791868,0.8977437295273273,0.8976159636427871,0.00012776588454022075,0.06884893046948289,0.07015357817858109,0.0018557424736881376
4112,20,random_08,null,0.8987992178983212,0.8986576579398318,0.00014155995848941227,0.07628211376122321,0.8977437295273273,0.8976017096509586,0.00014201987636863755,0.07652994873064718,0.07634068071385318,0.0018557424736881376
4112,20,random_09,visible,0.8987992178983212,0.898683855559261,0.00011536233906017657,0.06216505829653361,0.8977437295273273,0.8976193585503661,0.0001243709769611634,0.0670195238426516,0.06222322345279877,0.0018557424736881376
4112,20,random_09,null,0.8987992178983212,0.8986454403981373,0.00015377750018386038,0.08286575446982149,0.8977437295273273,0.8975982322979821,0.00014549722934520393,0.07840378253348913,0.08293186677180152,0.0018557424736881376
4112,20,random_10,visible,0.8987992178983212,0.8986685872716168,0.00013063062670437553,0.07039264798674234,0.8977437295273273,0.8976139596936082,0.00012976983371904005,0.06992879430147063,0.07047819794118616,0.0018557424736881376
4112,20,random_10,null,0.8987992178983212,0.8986582227228194,0.0001409951755018124,0.0759777703538767,0.8977437295273273,0.8976035656067238,0.00014016392060345328,0.07552983379471229,0.07604109203631773,0.0018557424736881376
4112,20,random_11,visible,0.8987992178983212,0.8986629411739429,0.00013627672437832583,0.07343514863217357,0.8977437295273273,0.8976131041028717,0.00013062542445563263,0.07038984466202641,0.07350148253172326,0.0018557424736881376
4112,20,random_11,null,0.8987992178983212,0.8986636976290903,0.00013552026923091542,0.07302751925571865,0.8977437295273273,0.8976042496787077,0.00013947984861961693,0.07516120937966789,0.07312288375571319,0.0018557424736881376
4112,20,random_12,visible,0.8987992178983212,0.8986644946727832,0.00013472322553798044,0.07259801801606068,0.8977437295273273,0.8976179603983938,0.0001257691289334728,0.06777294302237792,0.07266586333235937,0.0018557424736881376
4112,20,random_12,null,0.8987992178983212,0.8986621183601162,0.00013709953820495446,0.07387853656896706,0.8977437295273273,0.8975995294905459,0.00014420003678139448,0.07770476713550055,0.07395333913540098,0.0018557424736881376
4112,20,random_13,visible,0.8987992178983212,0.8986712495651743,0.00012796833314687728,0.06895802351958383,0.8977437295273273,0.8976086576057545,0.00013507192157280468,0.0727859191067391,0.06902463458359397,0.0018557424736881376
4112,20,random_13,null,0.8987992178983212,0.8986558048941049,0.00014341300421627512,0.0772806605709969,0.8977437295273273,0.8976082817162061,0.00013544781112118098,0.07298847390823009,0.07736293611099625,0.0018557424736881376
4112,20,random_14,visible,0.8987992178983212,0.898668583922873,0.0001306339754482133,0.07039445251721209,0.8977437295273273,0.8976176300144475,0.00012609951287978483,0.06795097631686592,0.07047262127494007,0.0018557424736881376
4112,20,random_14,null,0.8987992178983212,0.898658211652572,0.00014100624574919784,0.07598373575454108,0.8977437295273273,0.8976001686396212,0.00014356088770606235,0.07736035023261968,0.07604626035349554,0.0018557424736881376
4112,20,random_15,visible,0.8987992178983212,0.8986737266325416,0.00012549126577954262,0.0676232114955794,0.8977437295273273,0.8976244419295859,0.00011928759774137987,0.06428025409382664,0.06768670666427587,0.0018557424736881376
4112,20,random_15,null,0.8987992178983212,0.898653631889493,0.00014558600882819128,0.07845162294467017,0.8977437295273273,0.8975943775743696,0.00014935195295773251,0.08048096924833952,0.07853619422952093,0.0018557424736881376
4112,30,dstm,visible,0.5563082702955595,0.5562345182202376,7.375207532189787e-05,0.030706580993570997,0.5977342932156736,0.5976844290690502,4.986414662344618e-05,0.020760872833547654,0.030775603912225637,0.0024018328623867068
4112,30,dstm,null,0.5563082702955595,0.5561721953176065,0.0001360749779529824,0.056654640747051975,0.5977342932156736,0.5975936808637043,0.00014061235196927147,0.058543770539280844,0.056733193340439095,0.0024018328623867068
4112,30,random_00,visible,0.5563082702955595,0.5561891946304989,0.00011907566506064171,0.04957699885175022,0.5977342932156736,0.5976396878909292,9.460532474436789e-05,0.03938880436932583,0.049690969811965816,0.0024018328623867068
4112,30,random_00,null,0.5563082702955595,0.5562095284329445,9.874186261504825e-05,0.041111046551727266,0.5977342932156736,0.5976175720637271,0.00011672115194649724,0.048596700367614744,0.04118981114198197,0.0024018328623867068
4112,30,random_01,visible,0.5563082702955595,0.5562049513757998,0.00010331891975967622,0.04301669836301931,0.5977342932156736,0.5976634611073957,7.083210827796282e-05,0.02949085649847292,0.04311298466361723,0.0024018328623867068
4112,30,random_01,null,0.5563082702955595,0.5561931326616408,0.0001151376339186827,0.04793740468863024,0.5977342932156736,0.5975999336983407,0.00013435951733287155,0.055940410940733896,0.0480319016504713,0.0024018328623867068
4112,30,random_02,visible,0.5563082702955595,0.5561974659091011,0.0001108043864583852,0.04613326272348469,0.5977342932156736,0.5976342905260352,0.00010000268963838987,0.041635990249137056,0.04621980060555759,0.0024018328623867068
4112,30,random_02,null,0.5563082702955595,0.5562002591747851,0.00010801112077440944,0.04497029017542817,0.5977342932156736,0.5976257856817163,0.00010850753395730273,0.04517697116088192,0.04505022813203435,0.0024018328623867068
4112,30,random_03,visible,0.5563082702955595,0.5562191916926217,8.907860293783099e-05,0.037087760906607536,0.5977342932156736,0.5976667406552205,6.75525604530991e-05,0.028125421011173928,0.03715557542359867,0.0024018328623867068
4112,30,random_03,null,0.5563082702955595,0.5561817360374817,0.00012653425807784835,0.052682374389744574,0.5977342932156736,0.5976016320419495,0.00013266117372412456,0.05523330777991723,0.052775526882325965,0.0024018328623867068
4112,30,random_04,visible,0.5563082702955595,0.5562046444877667,0.0001036258077927732,0.043144470797938865,0.5977342932156736,0.5976690492769814,6.524393869222767e-05,0.027164229332508432,0.04322069233007036,0.0024018328623867068
4112,30,random_04,null,0.5563082702955595,0.5561934250432328,0.00011484525232674514,0.04781567199169019,0.5977342932156736,0.5975947618051936,0.0001395314104800649,0.05809372195091553,0.047935005760667636,0.0024018328623867068
4112,30,random_05,visible,0.5563082702955595,0.5562042950898493,0.00010397520571026053,0.04328994216814076,0.5977342932156736,0.5976430305748003,9.126264087333524e-05,0.03799708227101504,0.043384250017352986,0.0024018328623867068
4112,30,random_05,null,0.5563082702955595,0.5561937148060208,0.00011455548953875905,0.04769502963038194,0.5977342932156736,0.5976181954320419,0.00011609778363175227,0.04833716177752087,0.04778702620165486,0.0024018328623867068
4112,30,random_06,visible,0.5563082702955595,0.5561876507490155,0.00012061954654396523,0.050219791906796256,0.5977342932156736,0.5976306030041915,0.00010369021148215474,0.043171285190559655,0.05030288728468098,0.0024018328623867068
4112,30,random_06,null,0.5563082702955595,0.556211321310951,9.694898460854695e-05,0.04036458411690168,0.5977342932156736,0.5976280870724502,0.0001062061432234307,0.04421879011093778,0.04044023434143926,0.0024018328623867068
4112,30,random_07,visible,0.5563082702955595,0.5562042972956129,0.00010397299994657772,0.043289023801289614,0.5977342932156736,0.5976717193901294,6.257382554419877e-05,0.026052531183214395,0.043396202102829975,0.0024018328623867068
4112,30,random_07,null,0.5563082702955595,0.5561937457823503,0.0001145245132092576,0.047682132675732625,0.5977342932156736,0.5975921425699251,0.00014215064574851777,0.05918423716097478,0.0477761725739534,0.0024018328623867068
4112,30,random_08,visible,0.5563082702955595,0.55621206789923,9.620239632956995e-05,0.04005374305436616,0.5977342932156736,0.5976370576268529,9.723558882068772e-05,0.04048391140924956,0.04013534676463681,0.0024018328623867068
4112,30,random_08,null,0.5563082702955595,0.5561870474551922,0.00012122284036730768,0.05047097250840688,0.5977342932156736,0.5976233371973814,0.00011095601829225199,0.04619639444103315,0.05054648318971557,0.0024018328623867068
4112,30,random_09,visible,0.5563082702955595,0.5562107465533799,9.752374217963933e-05,0.040603883686864774,0.5977342932156736,0.5976371846040603,9.710861161327244e-05,0.04043104461347714,0.040687859415125115,0.0024018328623867068
4112,30,random_09,null,0.5563082702955595,0.5561881190278282,0.00012015126773134988,0.050024824629951684,0.5977342932156736,0.5976233659166447,0.00011092729902895115,0.04618443721297178,0.05010280550010005,0.0024018328623867068
4112,30,random_10,visible,0.5563082702955595,0.5561999929829697,0.00010827731258977735,0.045081118792829715,0.5977342932156736,0.5976231963598811,0.00011109685579246964,0.04625503195175389,0.045180336831680684,0.0024018328623867068
4112,30,random_10,null,0.5563082702955595,0.5561977573776467,0.00011051291791286388,0.04601191017223694,0.5977342932156736,0.5976368961426543,9.73970730193674e-05,0.04055114514612133,0.04609262616234531,0.0024018328623867068
4112,30,random_11,visible,0.5563082702955595,0.5561888622439252,0.00011940805163435098,0.04971538757101313,0.5977342932156736,0.5976225112929439,0.00011178192272975895,0.04654025868339606,0.049802144758396276,0.0024018328623867068
4112,30,random_11,null,0.5563082702955595,0.5562099361868552,9.833410870430104e-05,0.04094127873934834,0.5977342932156736,0.5976383700563928,9.592315928086403e-05,0.03993748307096813,0.04105532121698213,0.0024018328623867068
4112,30,random_12,visible,0.5563082702955595,0.5562080946667552,0.00010017562880426656,0.04170799324675815,0.5977342932156736,0.5976453204907647,8.897272490893116e-05,0.03704367872647007,0.04177921386362719,0.0024018328623867068
4112,30,random_12,null,0.5563082702955595,0.5561904118810105,0.00011785841454903245,0.04907019817853449,0.5977342932156736,0.5976166069156379,0.00011768630003572422,0.048998538523941704,0.04919644612879209,0.0024018328623867068
4112,30,random_13,visible,0.5563082702955595,0.5561947807324552,0.00011348956310430758,0.04725123254060765,0.5977342932156736,0.5976231836286765,0.0001111095869971157,0.0462603325723114,0.04734417101780453,0.0024018328623867068
4112,30,random_13,null,0.5563082702955595,0.5562030986311642,0.00010517166439527603,0.043788086191295886,0.5977342932156736,0.5976374491814216,9.684403425203048e-05,0.04032088817195895,0.043867100353256985,0.0024018328623867068
4112,30,random_14,visible,0.5563082702955595,0.5562006962596006,0.0001075740359589572,0.0447883104788818,0.5977342932156736,0.5976547472746169,7.954594105674673e-05,0.033118849484681356,0.04487647990537078,0.0024018328623867068
4112,30,random_14,null,0.5563082702955595,0.5561970441275352,0.00011122616802428098,0.04630887093190793,0.5977342932156736,0.5976062427852277,0.00012805043044594733,0.05331363079057188,0.04638851769639437,0.0024018328623867068
4112,30,random_15,visible,0.5563082702955595,0.5561981397691314,0.0001101305264281649,0.04585270197307899,0.5977342932156736,0.5976614574472036,7.283576847005868e-05,0.030325077823142785,0.04595876423762799,0.0024018328623867068
4112,30,random_15,null,0.5563082702955595,0.5561996654047929,0.00010860489076658375,0.04521750554227275,0.5977342932156736,0.5975983897247392,0.00013590349093439702,0.056583242349073956,0.04531649823757313,0.0024018328623867068
4112,40,dstm,visible,0.37833137683636175,0.37827425104494483,5.71257914169232e-05,0.020479776287435518,0.4423925906113853,0.4423613034720101,3.128713937522454e-05,0.011216538085257823,0.020568001146361946,0.002789375753678045
4112,40,dstm,null,0.37833137683636175,0.3782187622129534,0.00011261462340833583,0.04037269746101551,0.4423925906113853,0.44229958329378133,9.300731760397696e-05,0.033343416526560955,0.040433991885300134,0.002789375753678045
4112,40,random_00,visible,0.37833137683636175,0.3782415981849315,8.97786514302279e-05,0.03218592952629153,0.4423925906113853,0.4423366355010438,5.595511034151013e-05,0.02006008343183174,0.03227042435258829,0.002789375753678045
4112,40,random_00,null,0.37833137683636175,0.3782427156930364,8.866114332534147e-05,0.031785299348226465,0.4423925906113853,0.4423112066156497,8.138399573559552e-05,0.029176418999227096,0.031883696194781735,0.002789375753678045
4112,40,random_01,visible,0.37833137683636175,0.378249836489388,8.15403469737741e-05,0.029232471410944098,0.4423925906113853,0.44234874518431005,4.3845427075250853e-05,0.015718723810313716,0.02931820083815748,0.002789375753678045
4112,40,random_01,null,0.37833137683636175,0.3782350304946586,9.634634170313516e-05,0.03454046719094542,0.4423925906113853,0.44230254631215793,9.004429922737645e-05,0.032281165098909624,0.03461782012996667,0.002789375753678045
4112,40,random_02,visible,0.37833137683636175,0.3782448562617416,8.65205746201636e-05,0.03101789872019873,0.4423925906113853,0.4423238083361763,6.87822752090117e-05,0.02465866246894705,0.031091136064564862,0.002789375753678045
4112,40,random_02,null,0.37833137683636175,0.3782394642233681,9.191261299362763e-05,0.03295096147316564,0.4423925906113853,0.44232408294620207,6.850766518323725e-05,0.024560213909117005,0.03303470340644785,0.002789375753678045
4112,40,random_03,visible,0.37833137683636175,0.3782527229718193,7.865386454247725e-05,0.02819765836093075,0.4423925906113853,0.4423530413654566,3.954924592869391e-05,0.01417852932741121,0.02828607701453516,0.002789375753678045
4112,40,random_03,null,0.37833137683636175,0.37823265220526336,9.872463109839025e-05,0.03539309143567799,0.4423925906113853,0.44229999294493905,9.259766644625911e-05,0.033196555295270165,0.03546615595275373,0.002789375753678045
4112,40,random_04,visible,0.37833137683636175,0.3782430238436543,8.835299270743002e-05,0.031674826380393026,0.4423925906113853,0.4423680634508021,2.4527160583209806e-05,0.008793064380397127,0.03175602184824378,0.002789375753678045
4112,40,random_04,null,0.37833137683636175,0.37824127578166367,9.010105469808849e-05,0.03230151211405709,0.4423925906113853,0.44228079050113084,0.00011180011025446746,0.04008069192795157,0.03239607147959652,0.002789375753678045
4112,40,random_05,visible,0.37833137683636175,0.37824622711707306,8.514971928869075e-05,0.03052644276283434,0.4423925906113853,0.4423168853548531,7.570525653222138e-05,0.027140573095036452,0.03061883536510517,0.002789375753678045
4112,40,random_05,null,0.37833137683636175,0.3782382091895224,9.316764683936496e-05,0.03340089506281646,0.4423925906113853,0.44233034940375093,6.224120763437258e-05,0.022313669125538893,0.03347293371997513,0.002789375753678045
4112,40,random_06,visible,0.37833137683636175,0.3782339031347849,9.747370157686674e-05,0.034944629259194934,0.4423925906113853,0.4423366538366095,5.5936774775833253e-05,0.020053510073741603,0.03501686919710265,0.002789375753678045
4112,40,random_06,null,0.37833137683636175,0.37825116399321707,8.021284314468913e-05,0.02875655710383272,0.4423925906113853,0.44230788496117773,8.47056502075727e-05,0.030367242597516886,0.028840409889082146,0.002789375753678045
4112,40,random_07,visible,0.37833137683636175,0.3782474442474168,8.393258894495714e-05,0.03009009769812633,0.4423925906113853,0.4423449637788837,4.76268325015905e-05,0.01707436957490944,0.030189089864469467,0.002789375753678045
4112,40,random_07,null,0.37833137683636175,0.3782371857631241,9.41910732376594e-05,0.033767796652516224,0.4423925906113853,0.4423051601505779,8.74304608073917e-05,0.03134409578634456,0.03386102810152477,0.002789375753678045
4112,40,random_08,visible,0.37833137683636175,0.3782488117243095,8.256511205223527e-05,0.029599852921703244,0.4423925906113853,0.44231496420485744,7.762640652786423e-05,0.02782931142407285,0.029673134838826023,0.002789375753678045
4112,40,random_08,null,0.37833137683636175,0.37823587280594084,9.550403042091204e-05,0.03423849594124467,0.4423925906113853,0.44233140082018585,6.118979119945633e-05,0.021936733019483675,0.03431407058007127,0.002789375753678045
4112,40,random_09,visible,0.37833137683636175,0.3782499702241104,8.14066122513668e-05,0.029184527091419936,0.4423925906113853,0.44233378716771976,5.880344366554491e-05,0.021081219906642995,0.029269054069721974,0.002789375753678045
4112,40,random_09,null,0.37833137683636175,0.3782348654762144,9.651136014737771e-05,0.03459962682335599,0.4423925906113853,0.442315212985011,7.737762637433088e-05,0.02774012295485879,0.0346593832143758,0.002789375753678045
4112,40,random_10,visible,0.37833137683636175,0.37825071532179433,8.06615145674261e-05,0.028917407223127457,0.4423925906113853,0.442345842059864,4.6748551521313964e-05,0.016759503075077554,0.028990081664696347,0.002789375753678045
4112,40,random_10,null,0.37833137683636175,0.3782343369029717,9.70399333900529e-05,0.03478912199695468,0.4423925906113853,0.4423053637065415,8.72269048438068e-05,0.031271120331776814,0.03489305856487075,0.002789375753678045
4112,40,random_11,visible,0.37833137683636175,0.3782433471490399,8.802968732185557e-05,0.03155892038058352,0.4423925906113853,0.4423218167225223,7.077388886300717e-05,0.025372662241609212,0.03164181485799345,0.002789375753678045
4112,40,random_11,null,0.37833137683636175,0.3782410389012501,9.033793511165067e-05,0.03238643448898267,0.4423925906113853,0.4423261993847203,6.639122666501907e-05,0.023801464029174345,0.03250762869588811,0.002789375753678045
4112,40,random_12,visible,0.37833137683636175,0.3782455227235307,8.585411283107414e-05,0.030778970068076235,0.4423925906113853,0.44232639229069376,6.619832069154619e-05,0.02373230662963127,0.030876803769976778,0.002789375753678045
4112,40,random_12,null,0.37833137683636175,0.3782388946613492,9.248217501256484e-05,0.03315515125225373,0.4423925906113853,0.44232168649413267,7.090411725263479e-05,0.02541934952977966,0.03323512238412266,0.002789375753678045
4112,40,random_13,visible,0.37833137683636175,0.3782449504557072,8.642638065453623e-05,0.030984129886615384,0.4423925906113853,0.4423302605532881,6.233005809719305e-05,0.022345522296522875,0.03105285782846698,0.002789375753678045
4112,40,random_13,null,0.37833137683636175,0.3782393979851316,9.19788512301345e-05,0.03297470808974088,0.4423925906113853,0.4423180506134699,7.453999791540156e-05,0.026722824207930325,0.03307068780086499,0.002789375753678045
4112,40,random_14,visible,0.37833137683636175,0.3782460401833772,8.533665298454673e-05,0.030593459082026726,0.4423925906113853,0.4423337157247316,5.887488665368146e-05,0.021106832443083215,0.030669021721126434,0.002789375753678045
4112,40,random_14,null,0.37833137683636175,0.37823836376862774,9.301306773401574e-05,0.033345477966304674,0.4423925906113853,0.4423148694812025,7.772113018278404e-05,0.027863270152937148,0.03342695734891733,0.002789375753678045
4112,40,random_15,visible,0.37833137683636175,0.37823529608423473,9.608075212702571e-05,0.03444525249075336,0.4423925906113853,0.44234284836421156,4.97422471737452e-05,0.017832752402811108,0.03454429910258539,0.002789375753678045
4112,40,random_15,null,0.37833137683636175,0.378249559985175,8.181685118674453e-05,0.02933159904285451,0.4423925906113853,0.44230141834117215,9.117227021315788e-05,0.032685546252755285,0.029404791623957847,0.002789375753678045
4112,50,dstm,visible,0.2809084205264057,0.2808540034970093,5.441702939640303e-05,0.017749270359708847,0.3643793804144825,0.3643752874860669,4.0929284155777346e-06,0.0013349955669543757,0.01784312314830239,0.0030658741623503932
4112,50,dstm,null,0.2809084205264057,0.28080984159574274,9.857893066295143e-05,0.03215361278473928,0.3643793804144825,0.3643170399389172,6.234047556530342e-05,0.02033367068057069,0.032204449520055994,0.0030658741623503932
4112,50,random_00,visible,0.2809084205264057,0.2808323408504102,7.607967599548848e-05,0.02481500282358734,0.3643793804144825,0.3643229178229819,5.646259150060562e-05,0.018416473902933987,0.024890038972739146,0.0030658741623503932
4112,50,random_00,null,0.2809084205264057,0.280825521575382,8.289895102370215e-05,0.027039254266114192,0.3643793804144825,0.3643545196489194,2.4860765563072817e-05,0.008108866915794676,0.027129127750645538,0.0030658741623503932
4112,50,random_01,visible,0.2809084205264057,0.2808381264127596,7.02941136460633e-05,0.02292791873498607,0.3643793804144825,0.36435453348724967,2.4846927232813343e-05,0.008104353250351581,0.02300283165615509,0.0030658741623503932
4112,50,random_01,null,0.2809084205264057,0.28082051298441346,8.790754199222706e-05,0.02867291263018911,0.3643793804144825,0.3643269194073082,5.246100717426483e-05,0.017111272151511467,0.028746710218282526,0.0030658741623503932
4112,50,random_02,visible,0.2809084205264057,0.2808258318643094,8.258866209626126e-05,0.0269380469395868,0.3643793804144825,0.36432710308516164,5.227732932083784e-05,0.017051361716933756,0.02700613012531967,0.0030658741623503932
4112,50,random_02,null,0.2809084205264057,0.2808319324694868,7.64880569188997e-05,0.024948204938803363,0.3643793804144825,0.36435268798242265,2.6692432059827187e-05,0.008706303861918438,0.02502343997594297,0.0030658741623503932
4112,50,random_03,visible,0.2809084205264057,0.28084187299038965,6.654753601603725e-05,0.021705892835803757,0.3643793804144825,0.3643548522797397,2.4528134742796137e-05,0.008000372306211067,0.021773915959786835,0.0030658741623503932
4112,50,random_03,null,0.2809084205264057,0.2808176178887187,9.080263768701524e-05,0.02961720960439001,0.3643793804144825,0.36432733419270497,5.204622177751306e-05,0.01697598108123682,0.02968838487273196,0.0030658741623503932
4112,50,random_04,visible,0.2809084205264057,0.28082631981381095,8.210071259473484e-05,0.026778891841990643,0.3643793804144825,0.36436805222970914,1.132818477334041e-05,0.003694928158648193,0.02686029262745003,0.0030658741623503932
4112,50,random_04,null,0.2809084205264057,0.28083147842980977,7.694209659592222e-05,0.02509629962664092,0.3643793804144825,0.3643088940908296,7.0486323652863e-05,0.02299061211267263,0.025179918437975,0.0030658741623503932
4112,50,random_05,visible,0.2809084205264057,0.28083145275079235,7.696777561333468e-05,0.02510467538378314,0.3643793804144825,0.3643462350054141,3.3145409068402465e-05,0.01081107942244837,0.02519088208527021,0.0030658741623503932
4112,50,random_05,null,0.2809084205264057,0.280826347511547,8.207301485868568e-05,0.026769857636872476,0.3643793804144825,0.36433310791679735,4.62724976851292e-05,0.015092758291702124,0.026850010658123244,0.0030658741623503932
4112,50,random_06,visible,0.2809084205264057,0.2808206975515557,8.772297484999081e-05,0.02861271213517116,0.3643793804144825,0.36436287774003123,1.6502674451246424e-05,0.0053826979117091245,0.02867503266323266,0.0030658741623503932
4112,50,random_06,null,0.2809084205264057,0.2808378889665488,7.053155985686788e-05,0.02300536686176194,0.3643793804144825,0.36430992469343726,6.945572104521958e-05,0.022654459174532033,0.02309212234373142,0.0030658741623503932
4112,50,random_07,visible,0.2809084205264057,0.2808370996087043,7.13209177014007e-05,0.023262832694582576,0.3643793804144825,0.36435762963207136,2.1750782411122938e-05,0.007094479831634094,0.023349398253839308,0.0030658741623503932
4112,50,random_07,null,0.2809084205264057,0.28082144679820703,8.697372819865823e-05,0.028368329420272585,0.3643793804144825,0.36432423654794793,5.514386653454606e-05,0.017986343735736068,0.028465930755183912,0.0030658741623503932
4112,50,random_08,visible,0.2809084205264057,0.2808285490841173,7.987144228838172e-05,0.026051767965306775,0.3643793804144825,0.36432917085476013,5.020955972234731e-05,0.016376914727594404,0.026147773203088646,0.0030658741623503932
4112,50,random_08,null,0.2809084205264057,0.2808291642785012,7.925624790450225e-05,0.025851109245704326,0.3643793804144825,0.3643498296571831,2.955075729937917e-05,0.009638607370866342,0.025919058028700783,0.0030658741623503932
4112,50,random_09,visible,0.2809084205264057,0.2808381241925026,7.029633390309709e-05,0.022928642918992395,0.3643793804144825,0.36433451203392087,4.4868380561613463e-05,0.014634775657985906,0.0230059296709293,0.0030658741623503932
4112,50,random_09,null,0.2809084205264057,0.2808204927664818,8.792775992388924e-05,0.02867950713817984,0.3643793804144825,0.3643429284632095,3.645195127299772e-05,0.011889578418004127,0.028744230943818526,0.0030658741623503932
4112,50,random_10,visible,0.2809084205264057,0.28083834777293404,7.007275347165054e-05,0.022855717410766335,0.3643793804144825,0.36435554759559885,2.383281888362898e-05,0.007773580265068026,0.022932394590339782,0.0030658741623503932
4112,50,random_10,null,0.2809084205264057,0.28082042897827847,8.799154812721977e-05,0.028700313016031532,0.3643793804144825,0.3643262614536888,5.31189607936855e-05,0.017325877704309583,0.02880293198492602,0.0030658741623503932
4112,50,random_11,visible,0.2809084205264057,0.2808253890620141,8.303146439159192e-05,0.02708247631662007,0.3643793804144825,0.36432381388256546,5.5566531917017326e-05,0.01812420503078258,0.02716974577705623,0.0030658741623503932
4112,50,random_11,null,0.2809084205264057,0.28083252274568665,7.589778071903641e-05,0.024755673814365182,0.3643793804144825,0.36435649337769027,2.2887036792207383e-05,0.007465093340511235,0.024845694334943724,0.0030658741623503932
4112,50,random_12,visible,0.2809084205264057,0.28083685838947114,7.156213693454427e-05,0.023341511472761343,0.3643793804144825,0.3643517338165196,2.7646597962893704e-05,0.009017525344777677,0.023424343343032953,0.0030658741623503932
4112,50,random_12,null,0.2809084205264057,0.28082157723808465,8.684328832103683e-05,0.028325783682674077,0.3643793804144825,0.36432900221042597,5.03782040565115e-05,0.01643192166044089,0.028404291075874916,0.0030658741623503932
4112,50,random_13,visible,0.2809084205264057,0.2808262548044995,8.216572190616889e-05,0.02680009601019571,0.3643793804144825,0.36432800663223325,5.137378224923106e-05,0.016756650641475232,0.0268729288545498,0.0030658741623503932
4112,50,random_13,null,0.2809084205264057,0.28083154923753567,7.687128887001737e-05,0.025073204182354793,0.3643793804144825,0.3643517628931435,2.761752133895179e-05,0.009008041386075465,0.025166432153835874,0.0030658741623503932
4112,50,random_14,visible,0.2809084205264057,0.2808293603791906,7.906014721509314e-05,0.025787146839217692,0.3643793804144825,0.36435481765969774,2.456275478474046e-05,0.008011664368478156,0.025872963168876748,0.0030658741623503932
4112,50,random_14,null,0.2809084205264057,0.28082829606422427,8.0124462181419e-05,0.026134295779443577,0.3643793804144825,0.3643242334742874,5.514694019509436e-05,0.017987346275431287,0.026193384459387202,0.0030658741623503932
4112,50,random_15,visible,0.2809084205264057,0.2808249937771468,8.342674925887472e-05,0.02721140687487226,0.3643793804144825,0.36435779741948016,2.1582995002322747e-05,0.007039752403202537,0.02729624000998823,0.0030658741623503932
4112,50,random_15,null,0.2809084205264057,0.28083295358278054,7.54669436251465e-05,0.024615147142011604,0.3643793804144825,0.3643191941128331,6.018630164938976e-05,0.019631041087234024,0.024706656874057993,0.0030658741623503932
4112,60,dstm,visible,0.22267079837412884,0.2226259252897983,4.487308433054338e-05,0.013640837390342298,0.3304049893024601,0.33040188494124995,3.104361210148898e-06,0.0009436856659238823,0.013744218509180797,0.0032896136099616205
4112,60,dstm,null,0.22267079837412884,0.22258499379113456,8.580458299428662e-05,0.026083483705944325,0.3304049893024601,0.33036221946874134,4.2769833718758754e-05,0.01300147640113203,0.026136576391808764,0.0032896136099616205
4112,60,random_00,visible,0.22267079837412884,0.22260030681029683,7.049156383201471e-05,0.0214285238906332,0.3304049893024601,0.3303469580274428,5.8031275017300654e-05,0.017640757212813725,0.021504248120027235,0.0032896136099616205
4112,60,random_00,null,0.22267079837412884,0.22260453059368995,6.626778043888892e-05,0.02014454835614024,0.3304049893024601,0.33040935608405075,-4.3667815906589524e-06,-0.0013274451374579214,0.020238366552300317,0.0032896136099616205
4112,60,random_01,visible,0.22267079837412884,0.2226115811749143,5.9217199214534055e-05,0.018001262833790662,0.3304049893024601,0.3303752649924724,2.9724309987710917e-05,0.009035805876319226,0.018078008659457755,0.0032896136099616205
4112,60,random_01,null,0.22267079837412884,0.22259427028975204,7.652808437680347e-05,0.02326354807903908,0.3304049893024601,0.3303784180983756,2.657120408450231e-05,0.008077302454014444,0.023349727424994356,0.0032896136099616205
4112,60,random_02,visible,0.22267079837412884,0.22260159735158927,6.920102253957228e-05,0.0210362160254984,0.3304049893024601,0.3303716317856345,3.335751682559396e-05,0.010140253774662348,0.021099014033754544,0.0032896136099616205
4112,60,random_02,null,0.22267079837412884,0.22260311009845135,6.768827567749103e-05,0.020576360540495435,0.3304049893024601,0.3303829307153443,2.2058587115791894e-05,0.006705525247401092,0.02066048824970968,0.0032896136099616205
4112,60,random_03,visible,0.22267079837412884,0.22260267538239087,6.812299173797332e-05,0.02070850860164337,0.3304049893024601,0.33038600502551,1.8984276950073653e-05,0.005770974710399238,0.020796925201721172,0.0032896136099616205
4112,60,random_03,null,0.22267079837412884,0.22260203560454406,6.876276958478478e-05,0.02090299279421665,0.3304049893024601,0.33036852669967276,3.646260278733493e-05,0.011084159755698583,0.02096454316380345,0.0032896136099616205
4112,60,random_04,visible,0.22267079837412884,0.22259772470518818,7.30736689406597e-05,0.0222134504549038,0.3304049893024601,0.3303812829012173,2.3706401242773456e-05,0.007206439434402156,0.022299806370157244,0.0032896136099616205
4112,60,random_04,null,0.22267079837412884,0.22260732026563515,6.347810849369195e-05,0.019296524157568933,0.3304049893024601,0.3303724031453292,3.25861571309205e-05,0.009905770401801286,0.019358274813796233,0.0032896136099616205
4112,60,random_05,visible,0.22267079837412884,0.2226103684997824,6.0429874346429324e-05,0.01836990039299307,0.3304049893024601,0.3303994736627896,5.515639670494732e-06,0.0016766831380415775,0.018434204103609728,0.0032896136099616205
4112,60,random_05,null,0.22267079837412884,0.2225952405441509,7.555782997795135e-05,0.02296860328798095,0.3304049893024601,0.33035919003851744,4.579926394265854e-05,0.01392238401615589,0.023069553246203564,0.0032896136099616205
4112,60,random_06,visible,0.22267079837412884,0.22259740275466908,7.339561945976514e-05,0.022311319249625015,0.3304049893024601,0.3303989718131364,6.017489323717484e-06,0.0018292389432896618,0.022369766312341593,0.0032896136099616205
4112,60,random_06,null,0.22267079837412884,0.22260771944671895,6.307892740989307e-05,0.019175178269836075,0.3304049893024601,0.330351930999398,5.3058303062070156e-05,0.016129038043069494,0.019277388906285792,0.0032896136099616205
4112,60,random_07,visible,0.22267079837412884,0.22261100049211716,5.979788201168623e-05,0.018177782895415454,0.3304049893024601,0.33038095585478006,2.4033447680038567e-05,0.007305857322349466,0.018255625205787076,0.0032896136099616205
4112,60,random_07,null,0.22267079837412884,0.2225947881806327,7.601019349615101e-05,0.02310611594807872,0.3304049893024601,0.3303739548484935,3.1034453966571895e-05,0.009434072704646298,0.023211124838292407,0.0032896136099616205
4112,60,random_08,visible,0.22267079837412884,0.22260378458803262,6.701378609622055e-05,0.020371324429498086,0.3304049893024601,0.3303729506205128,3.203868194728843e-05,0.009739345025284661,0.02049362794040592,0.0032896136099616205
4112,60,random_08,null,0.22267079837412884,0.22260106056456927,6.973780955957243e-05,0.021199392338477726,0.3304049893024601,0.33038143374393747,2.3555558522625475e-05,0.0071605851979984645,0.021261123718025274,0.0032896136099616205
4112,60,random_09,visible,0.22267079837412884,0.22261029798414378,6.050038998506313e-05,0.01839133623531214,0.3304049893024601,0.33036013294504835,4.485635741174887e-05,0.01363575262332168,0.01847917328775885,0.0032896136099616205
4112,60,random_09,null,0.22267079837412884,0.22259522745980265,7.557091432619512e-05,0.022972580760655593,0.3304049893024601,0.33039062172469763,1.4367577762464112e-05,0.00436755785510984,0.02303354776220856,0.0032896136099616205
4112,60,random_10,visible,0.22267079837412884,0.2226069804936058,6.381788052303716e-05,0.019399810460956148,0.3304049893024601,0.3303921014987251,1.2887803734984438e-05,0.003917725685459697,0.01946775534457348,0.0032896136099616205
4112,60,random_10,null,0.22267079837412884,0.22259813484909002,7.266352503881857e-05,0.022088772012244417,0.3304049893024601,0.3303641363098375,4.085299262257536e-05,0.012418781494235118,0.0222042939486216,0.0032896136099616205
4112,60,random_11,visible,0.22267079837412884,0.22259830840391429,7.24899702145565e-05,0.02203601358987636,0.3304049893024601,0.33038395063126447,2.1038671195627856e-05,0.006395483996028735,0.022123022472334383,0.0032896136099616205
4112,60,random_11,null,0.22267079837412884,0.22260669955610113,6.409881802771356e-05,0.01948521182962317,0.3304049893024601,0.3303695428997974,3.5446402662675514e-05,0.010775248058111317,0.019560062489714883,0.0032896136099616205
4112,60,random_12,visible,0.22267079837412884,0.22260693674493473,6.386162919411187e-05,0.01941310949125631,0.3304049893024601,0.33038482527789476,2.0164024565338945e-05,0.006129602730326191,0.01950047141124048,0.0032896136099616205
4112,60,random_12,null,0.22267079837412884,0.22259806709564753,7.273127848131389e-05,0.02210936818265487,0.3304049893024601,0.3303704145458828,3.457475657731024e-05,0.01051027891926603,0.022175567245334576,0.0032896136099616205
4112,60,random_13,visible,0.22267079837412884,0.22259817216524025,7.262620888859317e-05,0.02207742838510462,0.3304049893024601,0.3303481633757915,5.68259266686133e-05,0.017274346900965153,0.022162145845213577,0.0032896136099616205
4112,60,random_13,null,0.22267079837412884,0.22260684731528727,6.395105884157704e-05,0.019440294947686315,0.3304049893024601,0.33041015500456494,-5.165702104847902e-06,-0.0015703066430674726,0.019515723390344655,0.0032896136099616205
4112,60,random_14,visible,0.22267079837412884,0.2226055212838271,6.527709030174078e-05,0.019843391364891137,0.3304049893024601,0.330388725528863,1.6263773597091635e-05,0.004943976869454095,0.019925687280190417,0.0032896136099616205
4112,60,random_14,null,0.22267079837412884,0.22259932043409586,7.147794003298236e-05,0.0217283695010662,0.3304049893024601,0.33036665679663124,3.833250582885306e-05,0.011652586100925172,0.021794291783056887,0.0032896136099616205
4112,60,random_15,visible,0.22267079837412884,0.2226022817720945,6.851660203432974e-05,0.020828161042028615,0.3304049893024601,0.33038104323448075,2.394606797934129e-05,0.00727929502322939,0.02090031659361708,0.0032896136099616205
4112,60,random_15,null,0.22267079837412884,0.22260240837847972,6.838999564912074e-05,0.02078967433805049,0.3304049893024601,0.3303734384779741,3.1550824485970796e-05,0.009591042665445106,0.02086147008720952,0.0032896136099616205
4112,70,dstm,visible,0.18341943634041652,0.18337686539896014,4.2570941456376854e-05,0.012265283474842188,0.31055575444307987,0.3105180009309653,3.7753512114546695e-05,0.010877314722539238,0.012417163955814391,0.003470848557531981
4112,70,dstm,null,0.18341943634041652,0.18334318982069975,7.624651971677165e-05,0.02196768843495388,0.31055575444307987,0.3105479339119134,7.820531166491396e-06,0.0022532043783703277,0.022015834248666905,0.003470848557531981
4112,70,random_00,visible,0.18341943634041652,0.18335856807578094,6.0868264635582925e-05,0.017536998122114716,0.31055575444307987,0.31051226238951285,4.349205356701802e-05,0.012530668753218075,0.01761096156197461,0.003470848557531981
4112,70,random_00,null,0.18341943634041652,0.18335684306987163,6.259327054489172e-05,0.018033996444200943,0.31055575444307987,0.3105625458672834,-6.791424203511642e-06,-0.0019567042730152494,0.01813110452324964,0.003470848557531981
4112,70,random_01,visible,0.18341943634041652,0.18336634996307252,5.3086377343997126e-05,0.015294927584436383,0.31055575444307987,0.31053549019287796,2.0264250201906808e-05,0.005838413824749566,0.015367097333337555,0.003470848557531981
4112,70,random_01,null,0.18341943634041652,0.18335008447805048,6.935186236603497e-05,0.019981241248782415,0.31055575444307987,0.31053928693431176,1.6467508768103212e-05,0.004744519530351614,0.02006826444708363,0.003470848557531981
4112,70,random_02,visible,0.18341943634041652,0.1833556649721637,6.377136825280738e-05,0.018373422866410898,0.31055575444307987,0.3105160242334297,3.9730209650146175e-05,0.01144682892139701,0.018442245858527877,0.003470848557531981
4112,70,random_02,null,0.18341943634041652,0.18335973946380238,5.969687661414036e-05,0.01719950485439476,0.31055575444307987,0.31056099991574143,-5.2454726615636105e-06,-0.0015112940177642073,0.0172848629171296,0.003470848557531981
4112,70,random_03,visible,0.18341943634041652,0.18335862079532397,6.0815545092546275e-05,0.01752180888462343,0.31055575444307987,0.31054686129624404,8.89314683583109e-06,0.0025622399503811098,0.017623009778053006,0.003470848557531981
4112,70,random_03,null,0.18341943634041652,0.18335675256359632,6.268377682019932e-05,0.018060072567606326,0.31055575444307987,0.3105290254577958,2.672898528405243e-05,0.007700994394021799,0.018119394160208534,0.003470848557531981
4112,70,random_04,visible,0.18341943634041652,0.1833535395793719,6.589676104462594e-05,0.018985778247692604,0.31055575444307987,0.3105316488102037,2.4105632876192384e-05,0.006945169884719256,0.019073462258237365,0.003470848557531981
4112,70,random_04,null,0.18341943634041652,0.18336212258983922,5.731375057729804e-05,0.016512892921508558,0.31055575444307987,0.31054472708131897,1.1027361760895804e-05,0.0031771371116050763,0.016585715415801207,0.003470848557531981
4112,70,random_05,visible,0.18341943634041652,0.18335947721564871,5.9959124767805516e-05,0.017275062214307815,0.31055575444307987,0.31056978178847316,-1.4027345393297086e-05,-0.0040414743428827445,0.01734533451038653,0.003470848557531981
4112,70,random_05,null,0.18341943634041652,0.1833559624837189,6.347385669761008e-05,0.018287705627451658,0.31055575444307987,0.31050766837826765,4.808606481221389e-05,0.013854267627973513,0.0183853824842766,0.003470848557531981
4112,70,random_06,visible,0.18341943634041652,0.18335770376724336,6.173257317315661e-05,0.017786017496843148,0.31055575444307987,0.3105722801263088,-1.652568322890735e-05,-0.004761280405924216,0.017830929091533877,0.003470848557531981
4112,70,random_06,null,0.18341943634041652,0.1833576463911188,6.17899492977303e-05,0.01780254836058515,0.31055575444307987,0.31050352818382126,5.2226259258603136e-05,0.01504711553757324,0.017914823083219157,0.003470848557531981
4112,70,random_07,visible,0.18341943634041652,0.1833656564231252,5.3779917291330026e-05,0.015494746140572424,0.31055575444307987,0.3105629102030011,-7.1557599212179746e-06,-0.002061674487551317,0.01557845153327708,0.003470848557531981
4112,70,random_07,null,0.18341943634041652,0.18335071596057528,6.872037984123613e-05,0.01979930230378625,0.31055575444307987,0.31051791952457997,3.7834918499901615e-05,0.010900769040411524,0.019904641825355406,0.003470848557531981
4112,70,random_08,visible,0.18341943634041652,0.18335658790444467,6.28484359718462e-05,0.018107513171515578,0.31055575444307987,0.31054794877392117,7.80566915870029e-06,0.0022489224261201053,0.018205337610524085,0.003470848557531981
4112,70,random_08,null,0.18341943634041652,0.18335883572955497,6.0600610861549775e-05,0.017459883327390433,0.31055575444307987,0.31052723889709777,2.85155459820996e-05,0.008215727511423365,0.01753421229645598,0.003470848557531981
4112,70,random_09,visible,0.18341943634041652,0.18336599771182327,5.343862859324977e-05,0.01539641609464183,0.31055575444307987,0.31051252381858707,4.323062449279602e-05,0.012455347381545237,0.015479136494376091,0.003470848557531981
4112,70,random_09,null,0.18341943634041652,0.18335031302993418,6.912331048233855e-05,0.019915392255399966,0.31055575444307987,0.31055709121798736,-1.336774907489957e-06,-0.00038514354208542555,0.019981973169805458,0.003470848557531981
4112,70,random_10,visible,0.18341943634041652,0.1833615663965916,5.7869943824923054e-05,0.01667313997303088,0.31055575444307987,0.310533371770213,2.2382672866860798e-05,0.006448761015022926,0.01673183939226711,0.003470848557531981
4112,70,random_10,null,0.18341943634041652,0.1833540938530608,6.534248735570736e-05,0.01882608424787352,0.31055575444307987,0.3105416503617571,1.4104081322741102e-05,0.00406358303710321,0.018945407594499766,0.003470848557531981
4112,70,random_11,visible,0.18341943634041652,0.18335780402482305,6.163231559347393e-05,0.017757131886301278,0.31055575444307987,0.31052821189693414,2.754254614573126e-05,0.007935392653753802,0.017850767258838458,0.003470848557531981
4112,70,random_11,null,0.18341943634041652,0.18335763270523872,6.180363517779841e-05,0.017806491453993364,0.31055575444307987,0.3105474799264558,8.274516624051653e-06,0.002384003936471207,0.01789505592729824,0.003470848557531981
4112,70,random_12,visible,0.18341943634041652,0.1833624952279592,5.6941112457326026e-05,0.01640553066879276,0.31055575444307987,0.3105260080761613,2.974636691854826e-05,0.008570344232967639,0.01648672071730712,0.003470848557531981
4112,70,random_12,null,0.18341943634041652,0.18335317298402873,6.626335638779124e-05,0.019091399491918248,0.31055575444307987,0.31054776788519284,7.986557887029733e-06,0.00230103899799902,0.019159095969274415,0.003470848557531981
4112,70,random_13,visible,0.18341943634041652,0.1833607694094855,5.866693093101172e-05,0.01690276310203752,0.31055575444307987,0.31051254543266177,4.3209010418099325e-05,0.012449120064409838,0.016980820320185736,0.003470848557531981
4112,70,random_13,null,0.18341943634041652,0.1833547556183808,6.46807220357204e-05,0.0186354204061594,0.31055575444307987,0.31056068083454863,-4.926391468762503e-06,-0.0014193622646173638,0.018722570860432556,0.003470848557531981
4112,70,random_14,visible,0.18341943634041652,0.18335902194123338,6.041439918313962e-05,0.017406233139165984,0.31055575444307987,0.31055055865006775,5.195793012113814e-06,0.0014969806161201082,0.017499667394079436,0.003470848557531981
4112,70,random_14,null,0.18341943634041652,0.1833563650287692,6.307131164731694e-05,0.018171726769941558,0.31055575444307987,0.31052550587512656,3.0248567953305994e-05,0.008715035373025572,0.018238545980064965,0.003470848557531981
4112,70,random_15,visible,0.18341943634041652,0.183359839251614,5.959708880251546e-05,0.017170754590598792,0.31055575444307987,0.31053749666705716,1.8257776022712058e-05,0.005260320558524924,0.01723740794355218,0.003470848557531981
4112,70,random_15,null,0.18341943634041652,0.18335557304904487,6.386329137164637e-05,0.018399907202248458,0.31055575444307987,0.310538110932079,1.7643511000864365e-05,0.005083342216869915,0.018486608281616048,0.003470848557531981
4112,80,dstm,visible,0.15485656866002304,0.1548190771376335,3.749152238954889e-05,0.010350979920814083,0.30558957966759503,0.3055747969008809,1.4782766714127593e-05,0.0040813525746468,0.010441557066613384,0.003622026385555993
4112,80,dstm,null,0.15485656866002304,0.15478634574584574,7.022291417729809e-05,0.01938774230285422,0.30558957966759503,0.30559747631917233,-7.896651577299352e-06,-0.0021801750558167704,0.0194331675999352,0.003622026385555993
4112,80,random_00,visible,0.15485656866002304,0.1548025241395705,5.4044520452545264e-05,0.014921073095454342,0.30558957966759503,0.3055674762065719,2.2103461023159632e-05,0.0061025124254490155,0.014985519644616644,0.003622026385555993
4112,80,random_00,null,0.15485656866002304,0.1547981707870282,5.83978729948309e-05,0.01612298387104837,0.30558957966759503,0.30560985804514834,-2.0278377553306637e-05,-0.005598627783103198,0.016189759662308883,0.003622026385555993
4112,80,random_01,visible,0.15485656866002304,0.15480683773608933,4.973092393370515e-05,0.013730138502586113,0.30558957966759503,0.30558764776486613,1.9319027289022017e-06,0.0005333762163098236,0.013786432332076609,0.003622026385555993
4112,80,random_01,null,0.15485656866002304,0.15479438486041133,6.218379961170362e-05,0.0171682348476758,0.30558957966759503,0.3055908828707176,-1.3032031225823637e-06,-0.0003597994558458518,0.01722232273810905,0.003622026385555993
4112,80,random_02,visible,0.15485656866002304,0.15479716520623,5.940345379304435e-05,0.016400613211967455,0.30558957966759503,0.3055631285365387,2.6451131056315358e-05,0.007302854325357164,0.016455511453463672,0.003622026385555993
4112,80,random_02,null,0.15485656866002304,0.15480355912313232,5.300953689071908e-05,0.014635325988267736,0.30558957966759503,0.3056188954331211,-2.9315765526061188e-05,-0.00809374709222642,0.01469320454317033,0.003622026385555993
4112,80,random_03,visible,0.15485656866002304,0.15480029512256224,5.6273537460793666e-05,0.01553647916127908,0.30558957966759503,0.30560524050581217,-1.5660838217135264e-05,-0.004323778059593366,0.015597856416189156,0.003622026385555993
4112,80,random_03,null,0.15485656866002304,0.15480028273381838,5.628592620465778e-05,0.01553989955156489,0.30558957966759503,0.30557374905596385,1.58306116311846e-05,0.00437065055470449,0.015600672811211126,0.003622026385555993
4112,80,random_04,visible,0.15485656866002304,0.1547924093231691,6.41593368539417e-05,0.01771365805334768,0.30558957966759503,0.305570905183346,1.867448424902607e-05,0.005155811212059813,0.01778393724416755,0.003622026385555993
4112,80,random_04,null,0.15485656866002304,0.15480956165318796,4.700700683507586e-05,0.012978096190169009,0.30558957966759503,0.30561476534145426,-2.518567385922932e-05,-0.006953476087216089,0.013053953157493157,0.003622026385555993
4112,80,random_05,visible,0.15485656866002304,0.15479988565176778,5.6683008255259404e-05,0.01564952935773779,0.30558957966759503,0.3056247710832426,-3.51914156475619e-05,-0.009715946793733778,0.015706403897739928,0.003622026385555993
4112,80,random_05,null,0.15485656866002304,0.1548007246848085,5.584397521454787e-05,0.015417881945102296,0.30558957966759503,0.3055536709057961,3.5908761798930655e-05,0.009913997849968324,0.015491384494084937,0.003622026385555993
4112,80,random_06,visible,0.15485656866002304,0.1548006386271696,5.5930032853424017e-05,0.015441641473530728,0.30558957966759503,0.3056258944405125,-3.6314772917489524e-05,-0.010026092869534712,0.01548718408410447,0.003622026385555993
4112,80,random_06,null,0.15485656866002304,0.15479992152884312,5.664713117992104e-05,0.015639624108156662,0.30558957966759503,0.3055535640825414,3.6015585053617016e-05,0.009943490527081985,0.015710545696683377,0.003622026385555993
4112,80,random_07,visible,0.15485656866002304,0.1548051225150128,5.144614501023659e-05,0.014203691396450011,0.30558957966759503,0.30561635688704325,-2.6777219448215206e-05,-0.007392883595491758,0.014271450851583082,0.003622026385555993
4112,80,random_07,null,0.15485656866002304,0.15479592370344697,6.0644956576066944e-05,0.01674337791074864,0.30558957966759503,0.3055666799666559,2.2899700939160716e-05,0.006322345146485049,0.016822598120782763,0.003622026385555993
4112,80,random_08,visible,0.15485656866002304,0.1548008561442978,5.571251572522584e-05,0.015381587485778017,0.30558957966759503,0.30557919969255865,1.0379975036389766e-05,0.0028657922200079184,0.015457189290397778,0.003622026385555993
4112,80,random_08,null,0.15485656866002304,0.15479979115427178,5.677750575125429e-05,0.015675619034050396,0.30558957966759503,0.3055996415958687,-1.0061928273685794e-05,-0.0027779831515891223,0.01574005769313847,0.003622026385555993
4112,80,random_09,visible,0.15485656866002304,0.15480594676637235,5.0621893650681926e-05,0.01397612503667924,0.30558957966759503,0.3055661910027758,2.3388664819212757e-05,0.006457342473396289,0.0140287358795663,0.003622026385555993
4112,80,random_09,null,0.15485656866002304,0.1547950731125247,6.149554749834696e-05,0.016978216322106443,0.30558957966759503,0.30560858801958346,-1.900835198842543e-05,-0.005247988270937896,0.017025530434141675,0.003622026385555993
4112,80,random_10,visible,0.15485656866002304,0.15480559737761532,5.097128240771909e-05,0.014072587270756403,0.30558957966759503,0.3055626071178238,2.6972549771242527e-05,0.007446812060454428,0.014138782394591218,0.003622026385555993
4112,80,random_10,null,0.15485656866002304,0.15479545494239083,6.111371763220519e-05,0.016872797469371287,0.30558957966759503,0.305611908470506,-2.232880291097583e-05,-0.006164726739711005,0.01693425372849104,0.003622026385555993
4112,80,random_11,visible,0.15485656866002304,0.15479759907439486,5.896958562817689e-05,0.016280827180977276,0.30558957966759503,0.30557943951718297,1.0140150412063509e-05,0.0027995793880742155,0.01636025010595917,0.003622026385555993
4112,80,random_11,null,0.15485656866002304,0.15480323837766244,5.333028236059745e-05,0.014723880138827613,0.30558957966759503,0.3056007448252797,-1.1165157684678295e-05,-0.0030825721560734593,0.014799200431542857,0.003622026385555993
4112,80,random_12,visible,0.15485656866002304,0.1548073061454354,4.9262514587644635e-05,0.013600816047087596,0.30558957966759503,0.3055904537649747,-8.740973796439455e-07,-0.00024132827500365344,0.013654294799155385,0.003622026385555993
4112,80,random_12,null,0.15485656866002304,0.15479398841297964,6.258024704339227e-05,0.01727768944283546,0.30558957966759503,0.3055886532699589,9.26397636158427e-07,0.0002557677768038186,0.017327271870674666,0.003622026385555993
4112,80,random_13,visible,0.15485656866002304,0.15480004183217597,5.652682784706986e-05,0.015606409735856412,0.30558957966759503,0.3055605387539172,2.904091367783579e-05,0.008017863644960144,0.015667211511431665,0.003622026385555993
4112,80,random_13,null,0.15485656866002304,0.1548005063129297,5.6062347093349674e-05,0.015478171919706742,0.30558957966759503,0.305618648176388,-2.906850879297318e-05,-0.00802548234018761,0.015531020584577768,0.003622026385555993
4112,80,random_14,visible,0.15485656866002304,0.1548016550733039,5.4913586719135266e-05,0.015161012337767895,0.30558957966759503,0.3056080712101221,-1.849154252708818e-05,-0.005105303097964502,0.015219783018773358,0.003622026385555993
4112,80,random_14,null,0.15485656866002304,0.15479896571866356,5.76029413594803e-05,0.01590351235131548,0.30558957966759503,0.305571718022848,1.786164474704144e-05,0.004931395535457872,0.01596973142554293,0.003622026385555993
4112,80,random_15,visible,0.15485656866002304,0.15480688205835166,4.968660167137262e-05,0.013717901633603247,0.30558957966759503,0.3055887424224373,8.37245157758737e-07,0.00023115379862982888,0.013773072314653011,0.003622026385555993
4112,80,random_15,null,0.15485656866002304,0.15479435226729285,6.221639273018553e-05,0.01717723343438182,0.30558957966759503,0.30559006568926395,-4.860216689106522e-07,-0.0001341850161138587,0.017233008906103832,0.003622026385555993
4112,90,dstm,visible,0.13392983743766712,0.1338884963330509,4.134110461623264e-05,0.011012149739631173,0.2959489733681108,0.29593190724076296,1.70661273478645e-05,0.00454595375655506,0.011098947128216751,0.0037541357131616036
4112,90,dstm,null,0.13392983743766712,0.13386228471712855,6.755272053857175e-05,0.017994213768495113,0.2959489733681108,0.29596641346793084,-1.7440099820020816e-05,-0.004645569886799155,0.01803192638941686,0.0037541357131616036
4112,90,random_00,visible,0.13392983743766712,0.1338761698237401,5.366761392702757e-05,0.014295597716106686,0.2959489733681108,0.2959222367182441,2.673664986674318e-05,0.007121918840868567,0.014361230048292291,0.0037541357131616036
4112,90,random_00,null,0.13392983743766712,0.13387164379003957,5.819364762754686e-05,0.015501210418026731,0.2959489733681108,0.2959815756991997,-3.260233108887123e-05,-0.008684377332063647,0.015559308087711537,0.0037541357131616036
4112,90,random_01,visible,0.13392983743766712,0.13387986678543637,4.997065223075192e-05,0.013310827324531739,0.2959489733681108,0.29595284131894695,-3.867950836122791e-06,-0.001030317263854411,0.013372080388073599,0.0037541357131616036
4112,90,random_01,null,0.13392983743766712,0.13386839321305133,6.144422461579202e-05,0.016367076022418436,0.2959489733681108,0.2959532360390048,-4.262670893984133e-06,-0.0011354599885773065,0.016417200210851923,0.0037541357131616036
4112,90,random_02,visible,0.13392983743766712,0.1338683578919626,6.147954570451253e-05,0.016376484603092992,0.2959489733681108,0.2959240020253858,2.497134272499979e-05,0.0066516888660825176,0.01642620587703979,0.0037541357131616036
4112,90,random_02,null,0.13392983743766712,0.1338799043881404,4.9933049526718065e-05,0.01330081098337976,0.2959489733681108,0.2959887860854392,-3.981271732839131e-05,-0.010605028792329517,0.013361016321874718,0.0037541357131616036
4112,90,random_03,visible,0.13392983743766712,0.13387336073545736,5.647670220976231e-05,0.015043862695682777,0.2959489733681108,0.2959539803745518,-5.007006440960193e-06,-0.0013337308034459588,0.015096515670799225,0.0037541357131616036
4112,90,random_03,null,0.13392983743766712,0.1338743416829119,5.5495754755219284e-05,0.014782564881886668,0.2959489733681108,0.29595217366700016,-3.200298889338704e-06,-0.0008524728816059564,0.014846959664174096,0.0037541357131616036
4112,90,random_04,visible,0.13392983743766712,0.13386853532738266,6.130211028446131e-05,0.01632922061649039,0.2959489733681108,0.29591453827533204,3.443509277878398e-05,0.00917257537015995,0.016401883480111266,0.0037541357131616036
4112,90,random_04,null,0.13392983743766712,0.13387986560344858,4.997183421853735e-05,0.013311142174040584,0.2959489733681108,0.2960003533648635,-5.137999675269844e-05,-0.013686238505594136,0.013390863115316813,0.0037541357131616036
4112,90,random_05,visible,0.13392983743766712,0.13387401472272026,5.582271494686264e-05,0.014869658214846653,0.2959489733681108,0.29598885420122467,-3.9880833113847824e-05,-0.010623172991330556,0.014933389230490323,0.0037541357131616036
4112,90,random_05,null,0.13392983743766712,0.13387374853359793,5.6088904069190315e-05,0.01494056378211063,0.2959489733681108,0.29591742736556215,3.15460025486769e-05,0.008403000040216964,0.01501102537333725,0.0037541357131616036
4112,90,random_06,visible,0.13392983743766712,0.1338774233228144,5.24141148527113e-05,0.01396169953817944,0.2959489733681108,0.29598013103535264,-3.115766724182123e-05,-0.008299558040106472,0.01401120287144569,0.0037541357131616036
4112,90,random_06,null,0.13392983743766712,0.13387044051399896,5.9396923668159074e-05,0.015821730541045635,0.2959489733681108,0.2959291811739156,1.9792194195233925e-05,0.005272104076004653,0.015875238289975092,0.0037541357131616036
4112,90,random_07,visible,0.13392983743766712,0.1338755514275523,5.428601011481238e-05,0.014460321699210648,0.2959489733681108,0.29598774664444105,-3.877327633022842e-05,-0.01032814988395156,0.014533920113635938,0.0037541357131616036
4112,90,random_07,null,0.13392983743766712,0.13387233472925802,5.7502708409096215e-05,0.015317162937796253,0.2959489733681108,0.29592042124337603,2.8552124734793072e-05,0.007605512138171334,0.015398122054287913,0.0037541357131616036
4112,90,random_08,visible,0.13392983743766712,0.1338769232734586,5.291416420852291e-05,0.014094899132977913,0.2959489733681108,0.295927855756354,2.1117611756826804e-05,0.005625159389627468,0.01416581848160929,0.0037541357131616036
4112,90,random_08,null,0.13392983743766712,0.1338710051732315,5.883226443562095e-05,0.015671320626305874,0.2959489733681108,0.2959759630028878,-2.6989634776986016e-05,-0.007189307163926761,0.01573742620044319,0.0037541357131616036
4112,90,random_09,visible,0.13392983743766712,0.13387931534737568,5.052209029143828e-05,0.013457715477443495,0.2959489733681108,0.29592776010630095,2.1213261809871486e-05,0.005650637971211331,0.01350879633530855,0.0037541357131616036
4112,90,random_09,null,0.13392983743766712,0.13386878498328292,6.105245438420281e-05,0.016262719051460862,0.2959489733681108,0.2959740183053281,-2.5044937217277852e-05,-0.0066712924440831866,0.016304889396725558,0.0037541357131616036
4112,90,random_10,visible,0.13392983743766712,0.13387933073352548,5.05067041416396e-05,0.013453617024171085,0.2959489733681108,0.2959373191316821,1.165423642873753e-05,0.0031043727023184076,0.013508135010563553,0.0037541357131616036
4112,90,random_10,null,0.13392983743766712,0.13386886585986263,6.0971577804491695e-05,0.01624117572274539,0.2959489733681108,0.29596616215957766,-1.7188791466837827e-05,-0.004578628153099457,0.01630543728958798,0.0037541357131616036
4112,90,random_11,visible,0.13392983743766712,0.13387505195033267,5.478548733445221e-05,0.01459336889244043,0.2959489733681108,0.2959414956812873,7.4776868235204574e-06,0.0019918530907938347,0.014665585802406941,0.0037541357131616036
4112,90,random_11,null,0.13392983743766712,0.1338727749112729,5.706252639423037e-05,0.015199910379951151,0.2959489733681108,0.29596439233251504,-1.541896440421242e-05,-0.004107194193900651,0.015272772824230023,0.0037541357131616036
4112,90,random_12,visible,0.13392983743766712,0.13388001487862689,4.982255904023569e-05,0.013271379312570683,0.2959489733681108,0.29595136651604104,-2.3931479302130576e-06,-0.0006374697435212408,0.013317727415910143,0.0037541357131616036
4112,90,random_12,null,0.13392983743766712,0.1338682274947248,6.160994294232558e-05,0.01641121889289394,0.2959489733681108,0.295954422911555,-5.449543444169258e-06,-0.001451610666354904,0.016461322338858882,0.0037541357131616036
4112,90,random_13,visible,0.13392983743766712,0.13387172882576817,5.8108611898949336e-05,0.015478559204779592,0.2959489733681108,0.2959196766472061,2.9296720904736784e-05,0.007803852375934512,0.015534278568855553,0.0037541357131616036
4112,90,random_13,null,0.13392983743766712,0.1338760156125433,5.382182512381206e-05,0.014336675399112084,0.2959489733681108,0.29598906940772485,-4.009603961402375e-05,-0.010680498169911989,0.014388300317045586,0.0037541357131616036
4112,90,random_14,visible,0.13392983743766712,0.13387179241403324,5.80450236338792e-05,0.015461621014493289,0.2959489733681108,0.29597070084710414,-2.1727478993316396e-05,-0.005787611491279377,0.015523104650244885,0.0037541357131616036
4112,90,random_14,null,0.13392983743766712,0.13387599629447694,5.384114319018085e-05,0.014341821208386124,0.2959489733681108,0.29593404838371196,1.4924984398867469e-05,0.003975611309559761,0.014400354811109507,0.0037541357131616036
4112,90,random_15,visible,0.13392983743766712,0.13388140287261405,4.843456505307375e-05,0.012901655335279243,0.2959489733681108,0.29595168443045455,-2.711062343729864e-06,-0.0007221535263696423,0.01295702519090684,0.0037541357131616036
4112,90,random_15,null,0.13392983743766712,0.13386712534642825,6.271209123887012e-05,0.016704801325910554,0.2959489733681108,0.2959541664345743,-5.193066463460294e-06,-0.0013832921503753716,0.01674671594284995,0.0037541357131616036
4113,0,dstm,visible,2.3469273498895245,2.3468518891669343,7.546072259012604e-05,0.1944020518248358,2.3739986053901125,2.373923328129388,7.527726072442675e-05,0.19392941703021194,0.19440570138182614,0.0003881683443244685
4113,0,dstm,null,2.3469273498895245,2.346846114440089,8.12354494352796e-05,0.20927891370599552,2.3739986053901125,2.3739172802085773,8.132518153525226e-05,0.20951008170638674,0.20928646378601234,0.0003881683443244685
4113,0,random_00,visible,2.3469273498895245,2.346848768639105,7.858125041959596e-05,0.20244116133774726,2.3739986053901125,2.373920166852878,7.843853723432659e-05,0.20207350336832233,0.20244688805727723,0.0003881683443244685
4113,0,random_00,null,2.3469273498895245,2.3468491290024938,7.822088703068886e-05,0.2015127925148484,2.3739986053901125,2.3739203245703955,7.828081971705814e-05,0.20166719121130466,0.2015183817167503,0.0003881683443244685
4113,0,random_01,visible,2.3469273498895245,2.3468653100300894,6.203985943509238e-05,0.15982719956997185,2.3739986053901125,2.3739366885000863,6.191689002621459e-05,0.15951040555346904,0.15983243829218005,0.0003881683443244685
4113,0,random_01,null,2.3469273498895245,2.3468354561830287,9.189370649576034e-05,0.23673673507736306,2.3739986053901125,2.373906700280021,9.190511009160574e-05,0.236766113041878,0.2367445718984705,0.0003881683443244685
4113,0,random_02,visible,2.3469273498895245,2.3468431978906543,8.415199887013003e-05,0.21679253370488058,2.3739986053901125,2.373917656537071,8.094885304155142e-05,0.20854058355126084,0.21679828468161072,0.0003881683443244685
4113,0,random_02,null,2.3469273498895245,2.34685515596761,7.219392191437635e-05,0.18598611393728107,2.3739986053901125,2.3739227687017146,7.583668839794555e-05,0.19537061562792957,0.18599167834321217,0.0003881683443244685
4113,0,random_03,visible,2.3469273498895245,2.3468548855385145,7.246435100993764e-05,0.18668279386885026,2.3739986053901125,2.3739239890716326,7.461631847993644e-05,0.19222669640872345,0.18669073035984113,0.0003881683443244685
4113,0,random_03,null,2.3469273498895245,2.3468434313221027,8.391856742173687e-05,0.21619116717974726,2.3739986053901125,2.3739166230343134,8.198235579914837e-05,0.2112030952493633,0.21619660462533333,0.0003881683443244685
4113,0,random_04,visible,2.3469273498895245,2.3468506825807753,7.66673087491121e-05,0.19751046129878683,2.3739986053901125,2.3739213749004353,7.72304896772269e-05,0.19896132903787284,0.19751704034255377,0.0003881683443244685
4113,0,random_04,null,2.3469273498895245,2.3468472544463532,8.009544317122419e-05,0.20634202747937813,2.3739986053901125,2.3739191302522,7.947513791251026e-05,0.2047439959351175,0.20635265791390145,0.0003881683443244685
4113,0,random_05,visible,2.3469273498895245,2.3468510320095324,7.631787999207162e-05,0.19661026229454143,2.3739986053901125,2.373922634388329,7.597100178369232e-05,0.195716634018431,0.19661312159852082,0.0003881683443244685
4113,0,random_05,null,2.3469273498895245,2.346846918201564,8.043168796056932e-05,0.20720826192188604,2.3739986053901125,2.373917925686541,8.067970357172882e-05,0.20784720019386474,0.20721409476456681,0.0003881683443244685
4113,0,random_06,visible,2.3469273498895245,2.346846115918964,8.123397056047921e-05,0.2092751038260246,2.3739986053901125,2.373920784806482,7.78205836304835e-05,0.20048153016164955,0.2092831847673281,0.0003881683443244685
4113,0,random_06,null,2.3469273498895245,2.3468518906855804,7.545920394402827e-05,0.1943981394859757,2.3739986053901125,2.373919558656557,7.904673355563219e-05,0.20364033984584098,0.19440923133292315,0.0003881683443244685
4113,0,random_07,visible,2.3469273498895245,2.346858996733247,6.835315627728988e-05,0.17609152646449122,2.3739986053901125,2.373931264946096,6.734044401657258e-05,0.17348257528255046,0.17609858520768737,0.0003881683443244685
4113,0,random_07,null,2.3469273498895245,2.34684005273792,8.72971516043819e-05,0.2248950819426185,2.3739986053901125,2.3739105903130886,8.801507702393963e-05,0.22674460272414215,0.22490817891233858,0.0003881683443244685
4113,0,random_08,visible,2.3469273498895245,2.3468576789739397,6.967091558474081e-05,0.17948634040725162,2.3739986053901125,2.3739285934595418,7.001193057076804e-05,0.18036486383919376,0.17948893539572655,0.0003881683443244685
4113,0,random_08,null,2.3469273498895245,2.346841097342748,8.625254677641081e-05,0.22220396907047274,2.3739986053901125,2.3739127042819024,8.590110821016239e-05,0.22129859239206268,0.2222118870004985,0.0003881683443244685
4113,0,random_09,visible,2.3469273498895245,2.346860044611151,6.730527837328637e-05,0.17339198148787252,2.3739986053901125,2.373930241932113,6.836345799943189e-05,0.17611806577995223,0.1733982071749301,0.0003881683443244685
4113,0,random_09,null,2.3469273498895245,2.346839240249425,8.810964009953182e-05,0.22698821629277757,2.3739986053901125,2.3739113783138253,8.722707628727733e-05,0.22471455378227476,0.22699661319573394,0.0003881683443244685
4113,0,random_10,visible,2.3469273498895245,2.3468587457390244,6.860415050002899e-05,0.17673813824107984,2.3739986053901125,2.3739322598323613,6.634555775120177e-05,0.170919547462489,0.17674472629345792,0.0003881683443244685
4113,0,random_10,null,2.3469273498895245,2.346840247855501,8.710203402362282e-05,0.22439241967349752,2.3739986053901125,2.3739097998154275,8.88055746850469e-05,0.2287810842473405,0.2244007628803081,0.0003881683443244685
4113,0,random_11,visible,2.3469273498895245,2.3468503713104276,7.697857909683137e-05,0.19831235653901044,2.3739986053901125,2.3739256729000253,7.293249008721858e-05,0.18788881461764584,0.1983196367943347,0.0003881683443244685
4113,0,random_11,null,2.3469273498895245,2.3468475519100345,7.979797948998169e-05,0.20557570099863384,2.3739986053901125,2.373914986162647,8.36192274653591e-05,0.21542000703556108,0.2055814250256496,0.0003881683443244685
4113,0,random_12,visible,2.3469273498895245,2.346847432931598,7.991695792641806e-05,0.2058822134646193,2.3739986053901125,2.3739179992825696,8.06061075429021e-05,0.20765760196953037,0.20589228854642422,0.0003881683443244685
4113,0,random_12,null,2.3469273498895245,2.3468504965334653,7.685335605911447e-05,0.19798975671976238,2.3739986053901125,2.3739225532989874,7.60520911251561e-05,0.19592553652851308,0.19799688424550932,0.0003881683443244685
4113,0,random_13,visible,2.3469273498895245,2.3468517336488937,7.561624063079364e-05,0.19480269768620365,2.3739986053901125,2.3739221954314433,7.640995866919909e-05,0.19684747555129917,0.1948087859317942,0.0003881683443244685
4113,0,random_13,null,2.3469273498895245,2.3468462595327813,8.109035674319642e-05,0.20890512564675623,2.3739986053901125,2.3739183362117626,8.02691783499121e-05,0.2067896043650983,0.20891131510187283,0.0003881683443244685
4113,0,random_14,visible,2.3469273498895245,2.3468516346541826,7.571523534188884e-05,0.19505772804234328,2.3739986053901125,2.3739257778223153,7.282756779725119e-05,0.1876185136219529,0.1950651231296902,0.0003881683443244685
4113,0,random_14,null,2.3469273498895245,2.346846353548634,8.099634089031582e-05,0.2086629218342732,2.3739986053901125,2.373914990214206,8.361517590671497e-05,0.21540956940275724,0.20867198755993197,0.0003881683443244685
4113,0,random_15,visible,2.3469273498895245,2.346846144841568,8.120504795661176e-05,0.20920059336093816,2.3739986053901125,2.3739162112815433,8.239410856925033e-05,0.21226385349027174,0.20920882720861497,0.0003881683443244685
4113,0,random_15,null,2.3469273498895245,2.3468518575173043,7.549237222015392e-05,0.19448358765971427,2.3739986053901125,2.373924479407646,7.412598246636648e-05,0.19096349187198233,0.1944892471881402,0.0003881683443244685
4113,10,dstm,visible,1.4636729703094096,1.4635823639801073,9.060632930224521e-05,0.07991545723295007,1.4854760955837412,1.4853891014950988,8.699408864232261e-05,0.07672943406882642,0.07995124244571414,0.0011337772746282577
4113,10,dstm,null,1.4636729703094096,1.4635221158926146,0.00015085441679496547,0.13305471909765304,1.4854760955837412,1.4853295786529368,0.00014651693080436345,0.1292290241506237,0.1330952099815823,0.0011337772746282577
4113,10,random_00,visible,1.4636729703094096,1.4635490530398825,0.00012391726952709625,0.1092959545936623,1.4854760955837412,1.4853533759205269,0.00012271966321431016,0.10823965690664193,0.10933298101632304,0.0011337772746282577
4113,10,random_00,null,1.4636729703094096,1.463548028499141,0.000124941810268675,0.1101996071579763,1.4854760955837412,1.4853578243661467,0.00011827121759444559,0.10431609474023396,0.11023989908712359,0.0011337772746282577
4113,10,random_01,visible,1.4636729703094096,1.463555999277792,0.00011697103161756317,0.10316932102552115,1.4854760955837412,1.485365802520658,0.00011029306308318887,0.09727930304419949,0.10321453541447864,0.0011337772746282577
4113,10,random_01,null,1.4636729703094096,1.4635415114274053,0.00013145888200427613,0.11594771296450514,1.4854760955837412,1.4853461649066209,0.0001299306771203046,0.1145998248755746,0.11598834324115584,0.0011337772746282577
4113,10,random_02,visible,1.4636729703094096,1.4635369857026992,0.00013598460671038204,0.11993943586051202,1.4854760955837412,1.4853419184300194,0.00013417715372177064,0.11834524886359586,0.11998964950250526,0.0011337772746282577
4113,10,random_02,null,1.4636729703094096,1.463561304452958,0.00011166585645150384,0.09849011701889754,1.4854760955837412,1.4853710233797173,0.00010507220402389272,0.0926744664716831,0.09853436000157907,0.0011337772746282577
4113,10,random_03,visible,1.4636729703094096,1.4635664293423114,0.00010654096709816763,0.09396992644176981,1.4854760955837412,1.4853722550760193,0.00010384050772183073,0.09158810116023705,0.09401227430698618,0.0011337772746282577
4113,10,random_03,null,1.4636729703094096,1.4635329267804826,0.0001400435289269364,0.12351943548423458,1.4854760955837412,1.485341009934357,0.00013508564938424783,0.11914654880389947,0.12356467281663813,0.0011337772746282577
4113,10,random_04,visible,1.4636729703094096,1.4635484479948873,0.00012452231452231288,0.10982960878550083,1.4854760955837412,1.4853572508286814,0.00011884475505974379,0.10482195905603289,0.10987725751541376,0.0011337772746282577
4113,10,random_04,null,1.4636729703094096,1.4635486475786863,0.00012432273072326971,0.10965357438834941,1.4854760955837412,1.4853539848956465,0.00012211068809464543,0.10770253631577067,0.10969742189106498,0.0011337772746282577
4113,10,random_05,visible,1.4636729703094096,1.4635683343962917,0.00010463591311782316,0.09228965464326415,1.4854760955837412,1.4853736596086407,0.00010243597510051217,0.09034929292801253,0.0923376182199816,0.0011337772746282577
4113,10,random_05,null,1.4636729703094096,1.4635314957443681,0.00014147456504143285,0.1247816199948261,1.4854760955837412,1.485339938595757,0.00013615698798408182,0.12009147742772044,0.12482107334146655,0.0011337772746282577
4113,10,random_06,visible,1.4636729703094096,1.4635466304349611,0.00012633987444843342,0.1114327101765712,1.4854760955837412,1.485358349698262,0.00011774588547908138,0.10385274790208494,0.11147865877719124,0.0011337772746282577
4113,10,random_06,null,1.4636729703094096,1.4635504916029358,0.0001224787064737498,0.1080271312669484,1.4854760955837412,1.4853527716325983,0.00012332395114289518,0.10877264336007314,0.10806962906336551,0.0011337772746282577
4113,10,random_07,visible,1.4636729703094096,1.463559676120797,0.00011329418861261153,0.09992631811195754,1.4854760955837412,1.4853687788223704,0.00010731676137076818,0.09465418276791192,0.09997230364178408,0.0011337772746282577
4113,10,random_07,null,1.4636729703094096,1.4635383418707482,0.0001346284386614105,0.11874328554129152,1.4854760955837412,1.485343725385457,0.00013237019828427066,0.11675150071046549,0.11879425319942784,0.0011337772746282577
4113,10,random_08,visible,1.4636729703094096,1.463562988603252,0.0001099817061576136,0.09700468391701919,1.4854760955837412,1.4853730210354295,0.00010307454831171015,0.09091251925604715,0.09704773956239944,0.0011337772746282577
4113,10,random_08,null,1.4636729703094096,1.4635356128409642,0.0001373574684453427,0.12115031013510072,1.4854760955837412,1.485340355953451,0.00013573963029012148,0.11972336483338646,0.12119518280230258,0.0011337772746282577
4113,10,random_09,visible,1.4636729703094096,1.4635640934471053,0.00010887686230431903,0.09603020341011644,1.4854760955837412,1.4853791273201302,9.696826361094146e-05,0.0855267306735667,0.09607159698150552,0.0011337772746282577
4113,10,random_09,null,1.4636729703094096,1.463534752720068,0.0001382175893416271,0.12190894317135241,1.4854760955837412,1.4853356044728923,0.00014049111084890598,0.12391420607276692,0.12197042404647951,0.0011337772746282577
4113,10,random_10,visible,1.4636729703094096,1.4635408944015196,0.00013207590788999468,0.11649193439099373,1.4854760955837412,1.485351112435081,0.0001249831486602737,0.11023606792723299,0.11654204044538442,0.0011337772746282577
4113,10,random_10,null,1.4636729703094096,1.4635566994977605,0.00011627081164911068,0.10255172179847537,1.4854760955837412,1.485360211838782,0.00011588374495907772,0.1022103260951968,0.10258893165191471,0.0011337772746282577
4113,10,random_11,visible,1.4636729703094096,1.4635544851751274,0.00011848513428214247,0.10450477085192178,1.4854760955837412,1.4853528478562177,0.0001232477275234789,0.10870541356007449,0.10454768645199719,0.0011337772746282577
4113,10,random_11,null,1.4636729703094096,1.4635428703880426,0.00013009992136692183,0.1147490995615333,1.4854760955837412,1.485357882871355,0.000118212712386212,0.10426449271085586,0.11478814113918616,0.0011337772746282577
4113,10,random_12,visible,1.4636729703094096,1.4635552261995561,0.00011774410985343486,0.1038511817870408,1.4854760955837412,1.4853590007186104,0.0001170948651307846,0.10327854310642944,0.10389737859040783,0.0011337772746282577
4113,10,random_12,null,1.4636729703094096,1.463542213245592,0.00013075706381759922,0.11532870409708271,1.4854760955837412,1.4853522655670175,0.00012383001672366944,0.10921899697122679,0.11537708095933226,0.0011337772746282577
4113,10,random_13,visible,1.4636729703094096,1.4635677179845128,0.00010525232489677627,0.09283333442301209,1.4854760955837412,1.4853741713530562,0.00010192423068500212,0.08989793054232893,0.09287061997328111,0.0011337772746282577
4113,10,random_13,null,1.4636729703094096,1.4635319577315207,0.00014101257788889932,0.12437414388565377,1.4854760955837412,1.4853395642047962,0.0001365313789449818,0.12042169304350153,0.12442501370075572,0.0011337772746282577
4113,10,random_14,visible,1.4636729703094096,1.4635595079594352,0.00011346234997433591,0.10007463768537597,1.4854760955837412,1.4853658159351268,0.00011027964861431983,0.09726747138275307,0.10012303966899967,0.0011337772746282577
4113,10,random_14,null,1.4636729703094096,1.4635384690273092,0.00013450128210035217,0.11863113250744277,1.4854760955837412,1.485346208596204,0.00012988698753724215,0.11456129033793645,0.11866723648966791,0.0011337772746282577
4113,10,random_15,visible,1.4636729703094096,1.4635407009145793,0.00013226939483024225,0.11666259131328123,1.4854760955837412,1.48534399299274,0.00013210259100127075,0.11651546909386103,0.11670439125197014,0.0011337772746282577
4113,10,random_15,null,1.4636729703094096,1.463556916722401,0.00011605358700861323,0.10236012804778154,1.4854760955837412,1.4853683154981985,0.00010778008554268581,0.09506283813813846,0.10240420475332997,0.0011337772746282577
4113,20,dstm,visible,0.8524698901641953,0.8523872848276992,8.26053364960666e-05,0.04460964339058047,0.8982007391789694,0.8981440908693521,5.6648309617268744e-05,0.030591981074078418,0.04468489871899987,0.0018517372078681333
4113,20,dstm,null,0.8524698901641953,0.8522658404930084,0.0002040496711869233,0.11019364428165347,0.8982007391789694,0.8980154533804283,0.0001852857985410461,0.1000605257342978,0.11027275464772646,0.0018517372078681333
4113,20,random_00,visible,0.8524698901641953,0.8523244310304222,0.00014545913377306263,0.07855279526435974,0.8982007391789694,0.8980838601809388,0.00011687899803058954,0.06311856646502767,0.07862845826409258,0.0018517372078681333
4113,20,random_00,null,0.8524698901641953,0.8523046805279298,0.00016520963626542873,0.0892187269140804,0.8982007391789694,0.8980465230156417,0.00015421616332766952,0.08328188399109579,0.08929941848711448,0.0018517372078681333
4113,20,random_01,visible,0.8524698901641953,0.8523162878346157,0.00015360232957961628,0.08295039324530043,0.8982007391789694,0.8980655238360586,0.00013521534291072168,0.07302080572566358,0.08301569634721327,0.0018517372078681333
4113,20,random_01,null,0.8524698901641953,0.8523122023391825,0.00015768782501279777,0.08515669736654506,0.8982007391789694,0.8980630156982661,0.000137723480703289,0.07437528398635311,0.08523622909955739,0.0018517372078681333
4113,20,random_02,visible,0.8524698901641953,0.8523177198459074,0.00015217031828784755,0.08217705927237812,0.8982007391789694,0.8980717086864579,0.0001290304925114505,0.06968077973655917,0.08226474123039135,0.0018517372078681333
4113,20,random_02,null,0.8524698901641953,0.8523109152059218,0.000158974958273439,0.08585179235905918,0.8982007391789694,0.8980571926650396,0.00014354651392978202,0.07751991660579319,0.08596122929217394,0.0018517372078681333
4113,20,random_03,visible,0.8524698901641953,0.8523252739415611,0.00014461622263417517,0.07809759506894007,0.8982007391789694,0.8980999491027588,0.00010079007621055514,0.05443001079326621,0.07817585632323104,0.0018517372078681333
4113,20,random_03,null,0.8524698901641953,0.8523039571367312,0.00016593302746403804,0.08960938234592872,0.8982007391789694,0.8980326145102865,0.00016812466868287856,0.0907929418756115,0.08969590893265139,0.0018517372078681333
4113,20,random_04,visible,0.8524698901641953,0.8523153431007567,0.00015454706343853708,0.08346058111370129,0.8982007391789694,0.898063031429443,0.00013770774952637233,0.07436678862488938,0.08353208090641873,0.0018517372078681333
4113,20,random_04,null,0.8524698901641953,0.8523131636110773,0.00015672655311793626,0.08463757840583237,0.8982007391789694,0.8980655294900816,0.00013520968888780516,0.07301775236426192,0.08473023103101086,0.0018517372078681333
4113,20,random_05,visible,0.8524698901641953,0.8523219994401311,0.00014789072406418136,0.07986593531511142,0.8982007391789694,0.8980779956478208,0.0001227435311486058,0.06628561041332527,0.07995411322394512,0.0018517372078681333
4113,20,random_05,null,0.8524698901641953,0.8523068575941448,0.00016303257005045868,0.08804303837376293,0.8982007391789694,0.8980515573972997,0.00014918178166967166,0.08056314958504375,0.08811447310003913,0.0018517372078681333
4113,20,random_06,visible,0.8524698901641953,0.8523261547705493,0.00014373539364598287,0.07762191796721656,0.8982007391789694,0.8980869379988248,0.0001138011801445904,0.061456441908194596,0.07770021339588529,0.0018517372078681333
4113,20,random_06,null,0.8524698901641953,0.8523031982921009,0.0001666918720943933,0.09001918381620802,0.8982007391789694,0.8980440660661785,0.0001566731127908838,0.0846087188425934,0.09010825394689903,0.0018517372078681333
4113,20,random_07,visible,0.8524698901641953,0.852335754407206,0.00013413575698928426,0.07243779323509515,0.8982007391789694,0.8980876221831153,0.00011311699585403456,0.06108695951747053,0.07253633896469938,0.0018517372078681333
4113,20,random_07,null,0.8524698901641953,0.8522953876653226,0.0001745024988726307,0.09423718340332525,0.8982007391789694,0.8980442927569259,0.00015644642204348802,0.08448629826021671,0.09431489872084467,0.0018517372078681333
4113,20,random_08,visible,0.8524698901641953,0.8523343198861763,0.000135570278019026,0.07321248255042909,0.8982007391789694,0.8980978566093124,0.00010288256965695908,0.055560027211099594,0.0732956869030572,0.0018517372078681333
4113,20,random_08,null,0.8524698901641953,0.8522964458568514,0.00017344430734389515,0.09366572460007865,0.8982007391789694,0.8980361932614881,0.00016454591748127356,0.08886029658102074,0.09372599891456994,0.0018517372078681333
4113,20,random_09,visible,0.8524698901641953,0.8523253358387378,0.00014455432545745772,0.07806416852415042,0.8982007391789694,0.8980863461780217,0.00011439300094762128,0.061776044927735495,0.07814286409849987,0.0018517372078681333
4113,20,random_09,null,0.8524698901641953,0.8523039228391626,0.00016596732503271205,0.08962790417965776,0.8982007391789694,0.8980445106298236,0.0001562285491457649,0.08436863961146387,0.08972465314287001,0.0018517372078681333
4113,20,random_10,visible,0.8524698901641953,0.8523137941033482,0.0001560960608470996,0.08429709150080197,0.8982007391789694,0.8980749756472872,0.00012576353168214371,0.0679165116668648,0.08439170823733966,0.0018517372078681333
4113,20,random_10,null,0.8524698901641953,0.8523146872910251,0.00015520287317016823,0.08381474029398053,0.8982007391789694,0.8980535151543999,0.00014722402456945893,0.07950589529869355,0.08387407329985047,0.0018517372078681333
4113,20,random_11,visible,0.8524698901641953,0.8523226053666234,0.0001472847975718672,0.07953871475177254,0.8982007391789694,0.898058002687663,0.00014273649130636112,0.0770824773082627,0.07961813141871765,0.0018517372078681333
4113,20,random_11,null,0.8524698901641953,0.8523062881875829,0.00016360197661235976,0.0883505369537351,0.8982007391789694,0.8980695514340218,0.00013118774494758068,0.07084576817388381,0.0884181753968988,0.0018517372078681333
4113,20,random_12,visible,0.8524698901641953,0.8523237858794063,0.00014610428478900594,0.07890119838182265,0.8982007391789694,0.8980760431276502,0.00012469605131915085,0.06734003658257255,0.07897508314085416,0.0018517372078681333
4113,20,random_12,null,0.8524698901641953,0.8523052455939428,0.00016464457025244794,0.08891357237563953,0.8982007391789694,0.8980533970293268,0.00014734214964251535,0.07956968678733162,0.08899301564740981,0.0018517372078681333
4113,20,random_13,visible,0.8524698901641953,0.8523546654181077,0.00011522474608760547,0.06222521511044288,0.8982007391789694,0.8980998055255142,0.00010093365345520411,0.054507547305487764,0.06228161127046711,0.0018517372078681333
4113,20,random_13,null,0.8524698901641953,0.8522823325003328,0.00018755766386246986,0.10128740896144821,0.8982007391789694,0.8980362593387786,0.00016447984019074546,0.08882461263502271,0.10137959108557984,0.0018517372078681333
4113,20,random_14,visible,0.8524698901641953,0.8523166800656855,0.00015321009850977063,0.08273857535441449,0.8982007391789694,0.898052624042038,0.00014811513693135936,0.07998712576601583,0.0828245260661813,0.0018517372078681333
4113,20,random_14,null,0.8524698901641953,0.8523118602520608,0.00015802991213442752,0.08534143584896914,0.8982007391789694,0.8980755732850529,0.00012516589391642352,0.06759376729299749,0.08542200227714991,0.0018517372078681333
4113,20,random_15,visible,0.8524698901641953,0.852319904390385,0.00014998577381031275,0.0809973322202605,0.8982007391789694,0.8980488395621408,0.0001518996168285991,0.08203087143422363,0.08107119139932496,0.0018517372078681333
4113,20,random_15,null,0.8524698901641953,0.85230875984312,0.00016113032107523129,0.08701576033066662,0.8982007391789694,0.89807847100649,0.00012226817247940058,0.06602890083964204,0.0870877862631665,0.0018517372078681333
4113,30,dstm,visible,0.46759014753741046,0.4675123224951123,7.78250422981408e-05,0.03174210311881786,0.5585493798305361,0.5584827453418476,6.663448868848842e-05,0.02717786908636516,0.03182287997207185,0.0024517922459902576
4113,30,dstm,null,0.46759014753741046,0.4674304046440861,0.0001597428933243772,0.06515351926152227,0.5585493798305361,0.5584053778163973,0.00014400201413877767,0.05873336714164234,0.06523212195578765,0.0024517922459902576
4113,30,random_00,visible,0.46759014753741046,0.46747054408732996,0.00011960345008049655,0.04878204924422124,0.5585493798305361,0.5584340672529287,0.0001153125776074404,0.047031952970740656,0.04888600122095397,0.0024517922459902576
4113,30,random_00,null,0.46759014753741046,0.4674587900901458,0.00013135744726466836,0.05357609213402754,0.5585493798305361,0.5584399185245444,0.00010946130599165382,0.044645424656461194,0.053647780095699496,0.0024517922459902576
4113,30,random_01,visible,0.46759014753741046,0.4674679437261947,0.00012220381121574864,0.04984264527942969,0.5585493798305361,0.5584535099262165,9.586990431964537e-05,0.039101968968388,0.04994443645299355,0.0024517922459902576
4113,30,random_01,null,0.46759014753741046,0.467461217340973,0.00012893019643744896,0.052586101717348066,0.5585493798305361,0.5584217336235228,0.00012764620701333218,0.05206240749887721,0.052663827167843895,0.0024517922459902576
4113,30,random_02,visible,0.46759014753741046,0.46746149378399604,0.00012865375341442054,0.052473350311318244,0.5585493798305361,0.558420262717471,0.00012911711306506923,0.05266233844903933,0.052573891866468166,0.0024517922459902576
4113,30,random_02,null,0.46759014753741046,0.4674676998494955,0.00012244768791497274,0.049942114025047495,0.5585493798305361,0.558455118844499,9.426098603704247e-05,0.03844574767344175,0.0500390978993882,0.0024517922459902576
4113,30,random_03,visible,0.46759014753741046,0.46747169758069784,0.00011844995671261849,0.04831157978671948,0.5585493798305361,0.558469449417584,7.993041295206726e-05,0.03260080991070435,0.04838621284792768,0.0024517922459902576
4113,30,random_03,null,0.46759014753741046,0.4674577296596188,0.00013241787779166847,0.05400860452521174,0.5585493798305361,0.5584081168520358,0.00014126297850025615,0.05761621064398189,0.05409898179084966,0.0024517922459902576
4113,30,random_04,visible,0.46759014753741046,0.46746958192191956,0.00012056561549089739,0.049174482743419394,0.5585493798305361,0.5584629737027728,8.640612776333878e-05,0.035242026686661654,0.049249208350083735,0.0024517922459902576
4113,30,random_04,null,0.46759014753741046,0.4674596099018373,0.0001305376355731358,0.05324171972018485,0.5585493798305361,0.5584132732145003,0.00013610661603580265,0.055513111381437774,0.0533145468091185,0.0024517922459902576
4113,30,random_05,visible,0.46759014753741046,0.4674868858635774,0.00010326167383306606,0.042116812304119004,0.5585493798305361,0.5584748631342736,7.451669626246105e-05,0.03039274489277308,0.042187538077483114,0.0024517922459902576
4113,30,random_05,null,0.46759014753741046,0.4674455380942477,0.0001446094431627465,0.05898111611995085,0.5585493798305361,0.5584076809495246,0.0001416988810114539,0.057793999978257925,0.05906045255103076,0.0024517922459902576
4113,30,random_06,visible,0.46759014753741046,0.4674639754095002,0.00012617212791027343,0.051461182372454076,0.5585493798305361,0.5584307873001699,0.00011859253036616835,0.048369730575711915,0.05154139404778723,0.0024517922459902576
4113,30,random_06,null,0.46759014753741046,0.4674650567845634,0.00012509075284705684,0.051020127440093835,0.5585493798305361,0.5584437000776852,0.00010567975285091791,0.04310306186168509,0.051101958124736946,0.0024517922459902576
4113,30,random_07,visible,0.46759014753741046,0.46748921424165624,0.00010093329575422416,0.041167148611100234,0.5585493798305361,0.5584871452133596,6.223461717647094e-05,0.025383315930724352,0.04126731465240236,0.0024517922459902576
4113,30,random_07,null,0.46759014753741046,0.46744397137437,0.00014617616304046788,0.05962012616669672,0.5585493798305361,0.5583996358666959,0.00014974396384015431,0.06107530688419892,0.05970706964800116,0.0024517922459902576
4113,30,random_08,visible,0.46759014753741046,0.46748285284152397,0.0001072946958864951,0.04376174044190261,0.5585493798305361,0.5584709390057015,7.844082483454695e-05,0.03199325920164389,0.04383901557412726,0.0024517922459902576
4113,30,random_08,null,0.46759014753741046,0.4674484592526942,0.00014168828471627926,0.05778967812138283,0.5585493798305361,0.5584097481275385,0.000139631702997578,0.056950870623698364,0.05784519114034521,0.0024517922459902576
4113,30,random_09,visible,0.46759014753741046,0.467473913723698,0.0001162338137124519,0.04740769284287628,0.5585493798305361,0.5584602338374794,8.914599305664961e-05,0.03635952157139004,0.04749671949751624,0.0024517922459902576
4113,30,random_09,null,0.46759014753741046,0.4674558185027764,0.00013432903463406198,0.05478809832021785,0.5585493798305361,0.5584168329869378,0.00013254684359831348,0.05406120515108284,0.054881573060052716,0.0024517922459902576
4113,30,random_10,visible,0.46759014753741046,0.4674739222645131,0.00011622527289734119,0.047404209344172554,0.5585493798305361,0.5584862065150001,6.317331553595817e-05,0.02576617804354097,0.04748322338662208,0.0024517922459902576
4113,30,random_10,null,0.46759014753741046,0.467455789308197,0.00013435822921348262,0.05480000576444294,0.5585493798305361,0.5583943586539664,0.00015502117656973624,0.0632276967280825,0.054893250235231936,0.0024517922459902576
4113,30,random_11,visible,0.46759014753741046,0.46746913775200566,0.000121009785404802,0.04935564406107631,0.5585493798305361,0.5584320200026275,0.0001173598279086141,0.047866954510745456,0.049443573821216294,0.0024517922459902576
4113,30,random_11,null,0.46759014753741046,0.4674600425517674,0.00013010498564308692,0.05306525699959486,0.5585493798305361,0.5584419118031787,0.00010746802735739358,0.0438324362650018,0.05313434324763579,0.0024517922459902576
4113,30,random_12,visible,0.46759014753741046,0.4674688675813776,0.00012127995603283814,0.04946583717734788,0.5585493798305361,0.558440409895981,0.00010896993455511428,0.04444501149448014,0.049540742290498936,0.0024517922459902576
4113,30,random_12,null,0.46759014753741046,0.46746032785295627,0.000129819684454191,0.05294889265862653,0.5585493798305361,0.5584341309914176,0.00011524883911850914,0.04700595627830658,0.05304375814248095,0.0024517922459902576
4113,30,random_13,visible,0.46759014753741046,0.46748984397770155,0.00010030355970891414,0.0409103013817561,0.5585493798305361,0.5584619262190358,8.745361150030995e-05,0.03566925853662132,0.04098840732370995,0.0024517922459902576
4113,30,random_13,null,0.46759014753741046,0.467443493332123,0.00014665420528747752,0.059815102820118905,0.5585493798305361,0.5584170415892468,0.00013233824128933147,0.05397612359112475,0.05989888053742978,0.0024517922459902576
4113,30,random_14,visible,0.46759014753741046,0.4674676690983893,0.0001224784390211342,0.049954656321896565,0.5585493798305361,0.5584216547297611,0.0001277251007749669,0.0520945854951017,0.05003186715957921,0.0024517922459902576
4113,30,random_14,null,0.46759014753741046,0.46746142252626344,0.00012872501114702395,0.052502413839323095,0.5585493798305361,0.5584519648519563,9.741497857984616e-05,0.039732150527501606,0.05258077303632824,0.0024517922459902576
4113,30,random_15,visible,0.46759014753741046,0.46745844193712477,0.000131705600285692,0.05371809153124116,0.5585493798305361,0.5584409542931156,0.00010842553742052008,0.044222971011447974,0.05379933369285574,0.0024517922459902576
4113,30,random_15,null,0.46759014753741046,0.4674709447807851,0.0001192027566253584,0.048618620448085084,0.5585493798305361,0.5584328774996622,0.00011650233087390216,0.04751721156816363,0.048719165825949866,0.0024517922459902576
4113,40,dstm,visible,0.28135948779456027,0.28130022927843423,5.9258516126037275e-05,0.02058206185365108,0.4336996291914795,0.43365045607251484,4.917311896462939e-05,0.01707913464985079,0.02068125016624245,0.0028791340997513003
4113,40,dstm,null,0.28135948779456027,0.2812352981323603,0.0001241896621999583,0.043134379260308095,0.4336996291914795,0.4336046778069854,9.495138449405749e-05,0.03297914623089609,0.043216541741987455,0.0028791340997513003
4113,40,random_00,visible,0.28135948779456027,0.2812626316456821,9.685614887816607e-05,0.033640721662298576,0.4336996291914795,0.4336022241542466,9.74050372328783e-05,0.033831365215427844,0.033733408757326805,0.0028791340997513003
4113,40,random_00,null,0.28135948779456027,0.2812617519035504,9.773589100986468e-05,0.03394627954922527,0.4336996291914795,0.43364576683292205,5.386235855742161e-05,0.01870783252578414,0.03402118049372706,0.0028791340997513003
4113,40,random_01,visible,0.28135948779456027,0.28125901483191196,0.00010047296264831251,0.03489693747053719,0.4336996291914795,0.4336250828500868,7.454634139270055e-05,0.02589193097992201,0.03500929007496065,0.0028791340997513003
4113,40,random_01,null,0.28135948779456027,0.2812655395696332,9.394822492708732e-05,0.032630722179700686,0.4336996291914795,0.433622923986071,7.670520540847825e-05,0.02664176198500238,0.03270677601083465,0.0028791340997513003
4113,40,random_02,visible,0.28135948779456027,0.2812546215390223,0.00010486625553796092,0.036422845169670724,0.4336996291914795,0.4336021327862203,9.749640525918979e-05,0.03386309976586764,0.036516700057518614,0.0028791340997513003
4113,40,random_02,null,0.28135948779456027,0.28127045046814486,8.903732641540874e-05,0.03092503625416398,0.4336996291914795,0.4336494224431108,5.020674836869743e-05,0.017438141687472732,0.03101474174461022,0.0028791340997513003
4113,40,random_03,visible,0.28135948779456027,0.28127088213778817,8.860565677210053e-05,0.03077510588331203,0.4336996291914795,0.4336499250903164,4.9704101163061676e-05,0.01726355891771596,0.030884941638827428,0.0028791340997513003
4113,40,random_03,null,0.28135948779456027,0.28125426378734875,0.00010522400721152403,0.036547101859761684,0.4336996291914795,0.4336018329274019,9.779626407757647e-05,0.03396724872454677,0.03662654731942217,0.0028791340997513003
4113,40,random_04,visible,0.28135948779456027,0.2812648258383472,9.466195621304907e-05,0.032878620075815844,0.4336996291914795,0.4336402582112418,5.9370980237671844e-05,0.020621123636721302,0.032982075490793065,0.0028791340997513003
4113,40,random_04,null,0.28135948779456027,0.28125963034305007,9.985745151019909e-05,0.0346831540492764,0.4336996291914795,0.4336086807930102,9.09483984692927e-05,0.03158880250737499,0.03475005445888215,0.0028791340997513003
4113,40,random_05,visible,0.28135948779456027,0.28127626877012435,8.3219024435921e-05,0.028904184922511757,0.4336996291914795,0.43367826391854475,2.1365272934725787e-05,0.007420728661638692,0.028986830939164935,0.0028791340997513003
4113,40,random_05,null,0.28135948779456027,0.28124993109804036,0.00010955669651990796,0.038051960320073824,0.4336996291914795,0.43358169709643907,0.00011793209504040725,0.04096095942547248,0.038146391974601186,0.0028791340997513003
4113,40,random_06,visible,0.28135948779456027,0.28128038787921567,7.909991534460481e-05,0.027473508563368918,0.4336996291914795,0.43362499175643643,7.463743504304565e-05,0.025923570232276726,0.027551162984022878,0.0028791340997513003
4113,40,random_06,null,0.28135948779456027,0.2812468824074241,0.00011260538713614432,0.03911085181682617,0.4336996291914795,0.43362142819488264,7.820099659683333e-05,0.027161290126635065,0.039195879972306474,0.0028791340997513003
4113,40,random_07,visible,0.28135948779456027,0.28127985256862753,7.96352259327393e-05,0.027659436196326596,0.4336996291914795,0.4336887191557804,1.091003569908544e-05,0.0037893461440465207,0.027770687032876353,0.0028791340997513003
4113,40,random_07,null,0.28135948779456027,0.28124740104379425,0.00011208675076601615,0.03893071558413976,0.4336996291914795,0.43357635885328616,0.00012327033819331534,0.04281507353338055,0.0390406522780765,0.0028791340997513003
4113,40,random_08,visible,0.28135948779456027,0.2812664700219517,9.301777260856126e-05,0.03230755129349346,0.4336996291914795,0.43366136955123824,3.825964024123385e-05,0.013288592651706886,0.03240020837515078,0.0028791340997513003
4113,40,random_08,null,0.28135948779456027,0.281258063259295,0.00010142453526529316,0.03522744399924068,0.4336996291914795,0.43358970291580345,0.00010992627567601998,0.03818032501004917,0.035293201694128806,0.0028791340997513003
4113,40,random_09,visible,0.28135948779456027,0.281275037219651,8.445057490924501e-05,0.029331935221961303,0.4336996291914795,0.43363079268176347,6.883650971600819e-05,0.023908754275097602,0.02942709142041161,0.0028791340997513003
4113,40,random_09,null,0.28135948779456027,0.2812508988872769,0.00010858890728338011,0.037715821327238636,0.4336996291914795,0.43361779892310015,8.183026837932372e-05,0.02842183293455912,0.03780780182859598,0.0028791340997513003
4113,40,random_10,visible,0.28135948779456027,0.2812677281303548,9.175966420549297e-05,0.03187057671729121,0.4336996291914795,0.4336821180755682,1.7511115911250652e-05,0.006082077216467014,0.03193856608096639,0.0028791340997513003
4113,40,random_10,null,0.28135948779456027,0.2812569450635146,0.0001025427310456517,0.03561582319299033,0.4336996291914795,0.43357189515700784,0.00012773403447163822,0.044365434205607825,0.035711504942628654,0.0028791340997513003
4113,40,random_11,visible,0.28135948779456027,0.2812574130733785,0.00010207472118178851,0.03545327089509506,0.4336996291914795,0.43361867454203956,8.095464943991271e-05,0.028117707142194442,0.03553949861417812,0.0028791340997513003
4113,40,random_11,null,0.28135948779456027,0.2812671907280132,9.22970665470646e-05,0.032057230871961544,0.4336996291914795,0.43362975913015384,6.987006132563867e-05,0.024267734292638208,0.03212985569261832,0.0028791340997513003
4113,40,random_12,visible,0.28135948779456027,0.281268368429751,9.111936480926675e-05,0.03164818367339598,0.4336996291914795,0.4335937189860663,0.00010591020541317331,0.036785436781955325,0.03175258623234502,0.0028791340997513003
4113,40,random_12,null,0.28135948779456027,0.28125644273289874,0.00010304506166153304,0.035790296002688474,0.4336996291914795,0.43365070669055633,4.89225009231431e-05,0.016992088325225637,0.03587696832416503,0.0028791340997513003
4113,40,random_13,visible,0.28135948779456027,0.28127619814884997,8.328964571030495e-05,0.028928713573118915,0.4336996291914795,0.4336541361371854,4.5493054294076796e-05,0.015800950118303448,0.029039260513474052,0.0028791340997513003
4113,40,random_13,null,0.28135948779456027,0.28125003111579905,0.00010945667876122167,0.03801722148707021,0.4336996291914795,0.43360000832556,9.962086591946973e-05,0.03460098156875534,0.03810649468799556,0.0028791340997513003
4113,40,random_14,visible,0.28135948779456027,0.28126314244381334,9.634535074692918e-05,0.03346330785886336,0.4336996291914795,0.4336017326302057,9.789656127379143e-05,0.03400208461365094,0.033552274254308415,0.0028791340997513003
4113,40,random_14,null,0.28135948779456027,0.28126127761757436,9.821017698591339e-05,0.03411101170813711,0.4336996291914795,0.43364603237930666,5.359681217281809e-05,0.018615601189763194,0.03419983159226548,0.0028791340997513003
4113,40,random_15,visible,0.28135948779456027,0.2812656835619982,9.380423256205583e-05,0.032580709794017115,0.4336996291914795,0.43363510388610826,6.452530537121026e-05,0.02241135811519997,0.0326647333842604,0.0028791340997513003
4113,40,random_15,null,0.28135948779456027,0.2812588766963073,0.00010061109825298953,0.034944915647270584,0.4336996291914795,0.4336137088192268,8.592037225269022e-05,0.02984243500853678,0.035048520389751564,0.0028791340997513003
4113,50,dstm,visible,0.19866539850069867,0.19861947298922977,4.592551146889723e-05,0.014504198393116143,0.3775770475270477,0.37750065577596,7.639175108770102e-05,0.024126048419165644,0.014574430453355696,0.003166359851413367
4113,50,dstm,null,0.19866539850069867,0.1985730724351403,9.232606555836798e-05,0.029158424781427297,0.3775770475270477,0.377555917362256,2.1130164791660633e-05,0.00667333019089058,0.029209021665842664,0.003166359851413367
4113,50,random_00,visible,0.19866539850069867,0.1985922120678364,7.318643286227666e-05,0.023113744582634363,0.3775770475270477,0.37753985110488314,3.7196422164542664e-05,0.0117473767701859,0.02319521141432914,0.003166359851413367
4113,50,random_00,null,0.19866539850069867,0.198592841865366,7.255663533267676e-05,0.02291484188074507,0.3775770475270477,0.37753941791084,3.762961620767946e-05,0.011884188144592201,0.022968742611643833,0.003166359851413367
4113,50,random_01,visible,0.19866539850069867,0.19859598618601207,6.941231468660103e-05,0.021921802304187717,0.3775770475270477,0.3775615970991074,1.5450427940266742e-05,0.004879555282817946,0.02199983578616976,0.003166359851413367
4113,50,random_01,null,0.19866539850069867,0.19858925104581523,7.61474548834351e-05,0.024048894774055828,0.3775770475270477,0.3775195405165137,5.750701053397478e-05,0.018161868275428452,0.02411613972212245,0.003166359851413367
4113,50,random_02,visible,0.19866539850069867,0.19859250290011723,7.289560058143518e-05,0.023021893910414763,0.3775770475270477,0.3775369020167779,4.014551026976232e-05,0.012678757991402202,0.023088701599565546,0.003166359851413367
4113,50,random_02,null,0.19866539850069867,0.19859258439713098,7.281410356768658e-05,0.02299615551756841,0.3775770475270477,0.377542399715339,3.464781170869902e-05,0.010942474429504051,0.02307580612159817,0.003166359851413367
4113,50,random_03,visible,0.19866539850069867,0.19860391369878672,6.148480191195405e-05,0.019418134639532236,0.3775770475270477,0.3775737223402208,3.325186826885762e-06,0.0010501607470172728,0.019501358070207215,0.003166359851413367
4113,50,random_03,null,0.19866539850069867,0.19858273644482685,8.26620558718183e-05,0.02610633653497105,0.3775770475270477,0.37751358347805614,6.346404899154612e-05,0.020043220597058067,0.026177815094712013,0.003166359851413367
4113,50,random_04,visible,0.19866539850069867,0.19859324441463316,7.215408606550677e-05,0.022787708741727312,0.3775770475270477,0.37755431991942495,2.2727607622730073e-05,0.007177834702706061,0.022852684863377732,0.003166359851413367
4113,50,random_04,null,0.19866539850069867,0.198591765736454,7.36327642446577e-05,0.023254704992482226,0.3775770475270477,0.3775251149760518,5.1932550995892335e-05,0.016401342056150448,0.02330956379365591,0.003166359851413367
4113,50,random_05,visible,0.19866539850069867,0.1986058505241866,5.954797651205879e-05,0.018806446299992837,0.3775770475270477,0.3775462280132132,3.081951383449022e-05,0.009733421114701579,0.01887886986364655,0.003166359851413367
4113,50,random_05,null,0.19866539850069867,0.1985812987826572,8.409971804146377e-05,0.02656037910660224,0.3775770475270477,0.3775340131961257,4.303433092200937e-05,0.01359110554121009,0.026630231737385733,0.003166359851413367
4113,50,random_06,visible,0.19866539850069867,0.19860375635845953,6.164214223913778e-05,0.019467825873178184,0.3775770475270477,0.3775449288409674,3.211868608027357e-05,0.010143725788443397,0.01953005627092287,0.003166359851413367
4113,50,random_06,null,0.19866539850069867,0.19858277244586806,8.262605483061458e-05,0.026094966683503397,0.3775770475270477,0.3775349362746034,4.211125244429903e-05,0.013299578828825109,0.026156411676106384,0.003166359851413367
4113,50,random_07,visible,0.19866539850069867,0.19860200800157077,6.339049912790218e-05,0.02001999207373937,0.3775770475270477,0.37756964984223723,7.3976848104506665e-06,0.002336337358228113,0.020099267957148406,0.003166359851413367
4113,50,random_07,null,0.19866539850069867,0.19858417749871146,8.122100198720839e-05,0.025651222791671577,0.3775770475270477,0.3775156722478672,6.137527918048669e-05,0.01938354516246491,0.025721593988361522,0.003166359851413367
4113,50,random_08,visible,0.19866539850069867,0.19859760146069866,6.779704000001163e-05,0.02141166613445692,0.3775770475270477,0.3775747689569798,2.2785700679039955e-06,0.0007196181656001326,0.021481352120170452,0.003166359851413367
4113,50,random_08,null,0.19866539850069867,0.19858774077340657,7.765772729209641e-05,0.0245258691166869,0.3775770475270477,0.37750869745329807,6.835007374961233e-05,0.02158632529372899,0.024579106590855097,0.003166359851413367
4113,50,random_09,visible,0.19866539850069867,0.19859381847933785,7.158002136081754e-05,0.02260640758468005,0.3775770475270477,0.3775502446820996,2.680284494810392e-05,0.008464876453047478,0.02270381377463228,0.003166359851413367
4113,50,random_09,null,0.19866539850069867,0.19859134855576036,7.404994493831474e-05,0.02338645902968391,0.3775770475270477,0.3775293713139792,4.767621306850378e-05,0.015057105100427093,0.02345459037805149,0.003166359851413367
4113,50,random_10,visible,0.19866539850069867,0.198599897437744,6.550106295466485e-05,0.020686550495966894,0.3775770475270477,0.37758425390463807,-7.206377590385227e-06,-0.0022759186979864334,0.020733921312430834,0.003166359851413367
4113,50,random_10,null,0.19866539850069867,0.19858577859082896,7.961990986971035e-05,0.025145565761949148,0.3775770475270477,0.3775025382382249,7.450928882279939e-05,0.02353152904889844,0.025212803825145957,0.003166359851413367
4113,50,random_11,visible,0.19866539850069867,0.19858652491225223,7.887358844643755e-05,0.024909862475432403,0.3775770475270477,0.37753148221085703,4.5565316190654404e-05,0.014390441493980992,0.024966053795048657,0.003166359851413367
4113,50,random_11,null,0.19866539850069867,0.19859900120444324,6.639729625543267e-05,0.020969598962605255,0.3775770475270477,0.3775488546850276,2.819284202010275e-05,0.008903865430051583,0.021030385817148115,0.003166359851413367
4113,50,random_12,visible,0.19866539850069867,0.1985986720281767,6.672647252198294e-05,0.02107355943519757,0.3775770475270477,0.37751850811757776,5.853940946992653e-05,0.018487920582935736,0.02115685772993339,0.003166359851413367
4113,50,random_12,null,0.19866539850069867,0.1985868894812326,7.850901946607203e-05,0.024794724273372776,0.3775770475270477,0.3775573466911056,1.97008359421047e-05,0.006221919449019935,0.024858969019465108,0.003166359851413367
4113,50,random_13,visible,0.19866539850069867,0.19859824357401934,6.715492667933032e-05,0.021208873858526975,0.3775770475270477,0.3775904424367539,-1.3394909706199165e-05,-0.004230381363703839,0.021299647315568427,0.003166359851413367
4113,50,random_13,null,0.19866539850069867,0.19858728158317027,7.811691752840355e-05,0.02467089061072276,0.3775770475270477,0.37749565891752146,8.138860952622284e-05,0.0257041566169093,0.024736733696019093,0.003166359851413367
4113,50,random_14,visible,0.19866539850069867,0.19859022748125402,7.51710194446531e-05,0.02374051686232032,0.3775770475270477,0.3775244226765641,5.262485048357357e-05,0.016619984131015127,0.023818121353886484,0.003166359851413367
4113,50,random_14,null,0.19866539850069867,0.19859489941046402,7.049909023465473e-05,0.022265027837308535,0.3775770475270477,0.37755579687763946,2.1250649408222078e-05,0.006711381651310552,0.022322142927750123,0.003166359851413367
4113,50,random_15,visible,0.19866539850069867,0.1985961947638868,6.920373681187919e-05,0.02185592922452852,0.3775770475270477,0.37754270104737037,3.43464796773163e-05,0.010847307725300102,0.02191528017228955,0.003166359851413367
4113,50,random_15,null,0.19866539850069867,0.19858902465669748,7.637384400119296e-05,0.024120393001794155,0.3775770475270477,0.37753669029534453,4.0357231703147534e-05,0.012745623869988527,0.024193004457599324,0.003166359851413367
4113,60,dstm,visible,0.15302369087770312,0.15298692808349754,3.6762794205585925e-05,0.01091434629260467,0.34897768519590994,0.3489891274736455,-1.1442277735584927e-05,-0.003397048137417113,0.010977972377614689,0.003368300145515414
4113,60,dstm,null,0.15302369087770312,0.1529424404561745,8.12504215286225e-05,0.024122084736658656,0.34897768519590994,0.34900501107460175,-2.732587869180847e-05,-0.008112661434934889,0.024176183191696766,0.003368300145515414
4113,60,random_00,visible,0.15302369087770312,0.15296120320726256,6.248767044056414e-05,0.018551693062080824,0.34897768519590994,0.34903002308088277,-5.233788497283065e-05,-0.01553836734012965,0.018635462805517002,0.003368300145515414
4113,60,random_00,null,0.15302369087770312,0.15296014888245138,6.354199525174242e-05,0.018864706975814736,0.34897768519590994,0.34896778669210926,9.898503800676028e-06,0.0029387237992596913,0.018913572831867193,0.003368300145515414
4113,60,random_01,visible,0.15302369087770312,0.15295968060543108,6.401027227204148e-05,0.019003731706411422,0.34897768519590994,0.3490128022254414,-3.5117029531461785e-05,-0.01042574236687812,0.019077966950719685,0.003368300145515414
4113,60,random_01,null,0.15302369087770312,0.1529616926047159,6.199827298722371e-05,0.018406397977855028,0.34897768519590994,0.3489841013276379,-6.416131727970953e-06,-0.001904857480267443,0.01846712994131464,0.003368300145515414
4113,60,random_02,visible,0.15302369087770312,0.15296317178893887,6.0519088764254825e-05,0.017967249398730248,0.34897768519590994,0.3489793497904295,-1.6645945195570278e-06,-0.0004941942367497399,0.018028998890293517,0.003368300145515414
4113,60,random_02,null,0.15302369087770312,0.15295828261819336,6.540825950976381e-05,0.019418774065265227,0.34897768519590994,0.349016592423667,-3.89072277570679e-05,-0.01155099785536314,0.01949253473142853,0.003368300145515414
4113,60,random_03,visible,0.15302369087770312,0.1529745886245208,4.910225318233152e-05,0.014577754671805812,0.34897768519590994,0.3490135484123009,-3.586321639098555e-05,-0.010647274542541637,0.014665950287580606,0.003368300145515414
4113,60,random_03,null,0.15302369087770312,0.15294938353580212,7.430734190100319e-05,0.022060783983261313,0.34897768519590994,0.3489895603971987,-1.1875201288757964e-05,-0.003525576930716438,0.022133992260872568,0.003368300145515414
4113,60,random_04,visible,0.15302369087770312,0.15296092178252194,6.276909518118656e-05,0.01863524403095666,0.34897768519590994,0.34901959571051167,-4.1910514601728455e-05,-0.012442630641906573,0.01869265876684794,0.003368300145515414
4113,60,random_04,null,0.15302369087770312,0.15296039396694755,6.329691075557253e-05,0.01879194490427067,0.34897768519590994,0.34897787193052643,-1.8673461649187928e-07,-5.543882920900012e-05,0.018857046944533367,0.003368300145515414
4113,60,random_05,visible,0.15302369087770312,0.15297395717291112,4.973370479199879e-05,0.014765223597491663,0.34897768519590994,0.3490032875204414,-2.560232453147071e-05,-0.0076009629265247885,0.014827166381864964,0.003368300145515414
4113,60,random_05,null,0.15302369087770312,0.15294971391420278,7.397696350033844e-05,0.021962699374885597,0.34897768519590994,0.34899618622921164,-1.8501033301698833e-05,-0.0054926914177560095,0.022026321715771013,0.003368300145515414
4113,60,random_06,visible,0.15302369087770312,0.15297246711975604,5.1223757947083115e-05,0.015207599006663021,0.34897768519590994,0.34902758301048187,-4.9897814571930876e-05,-0.014813945437245339,0.015278457615973474,0.003368300145515414
4113,60,random_06,null,0.15302369087770312,0.1529507646727691,7.292620493401514e-05,0.021650744228096704,0.34897768519590994,0.34897886249540194,-1.1772994920056234e-06,-0.0003495233325845652,0.021715718825750498,0.003368300145515414
4113,60,random_07,visible,0.15302369087770312,0.15296517934422815,5.8511533474969735e-05,0.01737123502870507,0.34897768519590994,0.34901358100277363,-3.589580686369498e-05,-0.010656950186427712,0.017442072667399177,0.003368300145515414
4113,60,random_07,null,0.15302369087770312,0.15295647692545172,6.721395225139926e-05,0.019954858340308104,0.34897768519590994,0.348985808566913,-8.123371003088131e-06,-0.002411712333268062,0.02001943586386287,0.003368300145515414
4113,60,random_08,visible,0.15302369087770312,0.15296268206530564,6.10088123974839e-05,0.018112641321086424,0.34897768519590994,0.3490386417049033,-6.095650899334837e-05,-0.018097113190612312,0.018178207880843747,0.003368300145515414
4113,60,random_08,null,0.15302369087770312,0.1529586699255477,6.502095215540904e-05,0.019303788067099228,0.34897768519590994,0.348961068401773,1.661679413694772e-05,0.004933287836320488,0.019353461434146152,0.003368300145515414
4113,60,random_09,visible,0.15302369087770312,0.1529619589105108,6.173196719233554e-05,0.018327335607109137,0.34897768519590994,0.3489713073865094,6.37780940054844e-06,0.001893480130931893,0.018404997751380416,0.003368300145515414
4113,60,random_09,null,0.15302369087770312,0.15295946602254115,6.422485516197063e-05,0.01906743828856232,0.34897768519590994,0.3490250573819561,-4.737218604616844e-05,-0.014064122554292026,0.019137914437415436,0.003368300145515414
4113,60,random_10,visible,0.15302369087770312,0.15296197219801944,6.17186796836866e-05,0.018323390736380615,0.34897768519590994,0.34904729949947033,-6.961430356039466e-05,-0.02066748821451669,0.018381877373024682,0.003368300145515414
4113,60,random_10,null,0.15302369087770312,0.15295933730585043,6.43535718526933e-05,0.019105652427790394,0.34897768519590994,0.34895201774415446,2.566745175547336e-05,0.007620298265179023,0.019160122533147732,0.003368300145515414
4113,60,random_11,visible,0.15302369087770312,0.15295551182723435,6.81790504687696e-05,0.020241382158161833,0.34897768519590994,0.3490152285209352,-3.75433250252577e-05,-0.011146074697423635,0.020296228707242278,0.003368300145515414
4113,60,random_11,null,0.15302369087770312,0.15296623356700825,5.745731069486948e-05,0.01705825140653474,0.34897768519590994,0.34897910100771956,-1.4158118096241346e-06,-0.000420334218584754,0.01711919424229618,0.003368300145515414
4113,60,random_12,visible,0.15302369087770312,0.1529690444460359,5.4646431667221274e-05,0.016223741741061302,0.34897768519590994,0.34896783930124553,9.84589466440644e-06,0.002923104901300247,0.016304046799384103,0.003368300145515414
4113,60,random_12,null,0.15302369087770312,0.1529533262470659,7.036463063722631e-05,0.02089024956131372,0.34897768519590994,0.3490228136752892,-4.51284793792639e-05,-0.013397998227488241,0.020956664076270472,0.003368300145515414
4113,60,random_13,visible,0.15302369087770312,0.15296453892794926,5.915194975386617e-05,0.017561365436100353,0.34897768519590994,0.3490643081661946,-8.662297028466659e-05,-0.025717117401190395,0.01763175920765428,0.003368300145515414
4113,60,random_13,null,0.15302369087770312,0.15295706781754712,6.662306015600694e-05,0.01977943095264521,0.34897768519590994,0.3489404086798192,3.727651609075622e-05,0.011066862951743335,0.019852576117105072,0.003368300145515414
4113,60,random_14,visible,0.15302369087770312,0.15295859735350392,6.509352419920011e-05,0.019325333665963895,0.34897768519590994,0.3489820982265002,-4.413030590288969e-06,-0.0013101654839651148,0.019408109637151835,0.003368300145515414
4113,60,random_14,null,0.15302369087770312,0.15296286562840222,6.082524930089983e-05,0.018058144070647365,0.34897768519590994,0.34901647735372937,-3.8792157819433903e-05,-0.011516835241384929,0.018119850759717813,0.003368300145515414
4113,60,random_15,visible,0.15302369087770312,0.15296370112074628,5.9989756956840834e-05,0.017810098377578302,0.34897768519590994,0.3490083913921608,-3.070619625084037e-05,-0.009116229232636195,0.017859965538401298,0.003368300145515414
4113,60,random_15,null,0.15302369087770312,0.1529577384995541,6.595237814902011e-05,0.019580315084696272,0.34897768519590994,0.34898979057995383,-1.2105384043892276e-05,-0.0035939148890901237,0.019647527636048014,0.003368300145515414
4113,70,dstm,visible,0.1221036877349319,0.12206754838022388,3.6139354708017435e-05,0.010239997064679691,0.3346588618258,0.33467069704745384,-1.1835221653822003e-05,-0.0033534808790618644,0.010304605035160492,0.0035292348698683813
4113,70,dstm,null,0.1221036877349319,0.12203334206960899,7.034566532290731e-05,0.019932270850970813,0.3346588618258,0.3346749734599894,-1.611163418940853e-05,-0.00456519182867798,0.01997408638311547,0.0035292348698683813
4113,70,random_00,visible,0.1221036877349319,0.12204653519028082,5.7152544651078996e-05,0.016194032632690845,0.3346588618258,0.3347143690602204,-5.550723442038219e-05,-0.015727838034891757,0.016265944077938584,0.0035292348698683813
4113,70,random_00,null,0.1221036877349319,0.12204912956405178,5.4558170880111834e-05,0.015458923220416474,0.3346588618258,0.33462937233916334,2.948948663666906e-05,0.008355773340120273,0.015510257090847603,0.0035292348698683813
4113,70,random_01,visible,0.1221036877349319,0.12205053015347998,5.315758145191252e-05,0.01506206965871188,0.3346588618258,0.3346958095401188,-3.694771431878019e-05,-0.010469043767596603,0.01511727536636755,0.0035292348698683813
4113,70,random_01,null,0.1221036877349319,0.12204526636633663,5.8421368595268364e-05,0.0165535507693335,0.3346588618258,0.3346521006460711,6.761179728920208e-06,0.0019157636083235114,0.016631806795060797,0.0035292348698683813
4113,70,random_02,visible,0.1221036877349319,0.12205347933938758,5.0208395544315554e-05,0.014226425102217131,0.3346588618258,0.33464473073488304,1.4131090916968958e-05,0.004004009774927777,0.014273754655108873,0.0035292348698683813
4113,70,random_02,null,0.1221036877349319,0.12204268765154908,6.1000083382820036e-05,0.017284223247260096,0.3346588618258,0.33469624229022,-3.738046441997822e-05,-0.010591662441942347,0.017361133022258987,0.0035292348698683813
4113,70,random_03,visible,0.1221036877349319,0.12206032294437742,4.3364790554473176e-05,0.012287306499408585,0.3346588618258,0.33469479607705216,-3.5934251252145444e-05,-0.010181881506085642,0.012377407540561958,0.0035292348698683813
4113,70,random_03,null,0.1221036877349319,0.12203772744999843,6.59602849334695e-05,0.01868968412859681,0.3346588618258,0.3346590273035964,-1.6547779640996296e-07,-4.688772567186334e-05,0.018760298354388014,0.0035292348698683813
4113,70,random_04,visible,0.1221036877349319,0.12205052040805656,5.3167326875339094e-05,0.015064831000415085,0.3346588618258,0.3347059575405785,-4.7095714778511155e-05,-0.013344454680701808,0.015125360379029116,0.0035292348698683813
4113,70,random_04,null,0.1221036877349319,0.12204525359554547,5.843413938642905e-05,0.01655716934152594,0.3346588618258,0.33464280880765834,1.6053018141670705e-05,0.004548583116053532,0.016624454432411007,0.0035292348698683813
4113,70,random_05,visible,0.1221036877349319,0.12205628729267537,4.7400442256526065e-05,0.01343079846037388,0.3346588618258,0.33466053316713656,-1.6713413365510021e-06,-0.0004735704474701999,0.013503650772388624,0.0035292348698683813
4113,70,random_05,null,0.1221036877349319,0.12204045309728173,6.323463765016413e-05,0.01791737869022086,0.3346588618258,0.3346823379641941,-2.3476138394096235e-05,-0.0066519059398763535,0.017966647644682684,0.0035292348698683813
4113,70,random_06,visible,0.1221036877349319,0.12205915959698016,4.452813795173538e-05,0.012616938116503424,0.3346588618258,0.33472564350816003,-6.678168236001758e-05,-0.018922425064475272,0.012683248565689781,0.0035292348698683813
4113,70,random_06,null,0.1221036877349319,0.12203840204289075,6.528569204114487e-05,0.01849853989558355,0.3346588618258,0.33463718182336877,2.1680002431245793e-05,0.006142975242691718,0.01855489740181125,0.0035292348698683813
4113,70,random_07,visible,0.1221036877349319,0.12204811062191266,5.557711301923396e-05,0.01574763796360956,0.3346588618258,0.33466960472918883,-1.0742903388816227e-05,-0.003043975191488707,0.01582359185738697,0.0035292348698683813
4113,70,random_07,null,0.1221036877349319,0.12204757937497764,5.610835995426e-05,0.015898165473003077,0.3346588618258,0.33467619068601345,-1.7328860213439157e-05,-0.00491008982184442,0.015961295451862624,0.0035292348698683813
4113,70,random_08,visible,0.1221036877349319,0.1220509657546402,5.272198029170061e-05,0.014938643143823073,0.3346588618258,0.3347118479345996,-5.2986108799613074e-05,-0.015013483305402434,0.014997955642804959,0.0035292348698683813
4113,70,random_08,null,0.1221036877349319,0.12204478642536176,5.890130957013351e-05,0.016689540861396443,0.3346588618258,0.33463795455936957,2.0907266430447713e-05,0.005924022401837888,0.016739484409839762,0.0035292348698683813
4113,70,random_09,visible,0.1221036877349319,0.12205256706927944,5.112066565245155e-05,0.014484914588401432,0.3346588618258,0.3346786321105022,-1.9770284702180785e-05,-0.005601861432055412,0.014557430747066299,0.0035292348698683813
4113,70,random_09,null,0.1221036877349319,0.12204351594510716,6.017178982473115e-05,0.017049528309510096,0.3346588618258,0.33466792408752105,-9.062261721037856e-06,-0.0025677695180926917,0.017123966299172122,0.0035292348698683813
4113,70,random_10,visible,0.1221036877349319,0.12205255893030849,5.1128804623407076e-05,0.014487220745757243,0.3346588618258,0.3347343516077483,-7.548978194826805e-05,-0.021389843615333925,0.014537752772396897,0.0035292348698683813
4113,70,random_10,null,0.1221036877349319,0.12204339515301015,6.0292581921750354e-05,0.017083754452420136,0.3346588618258,0.33462084558303945,3.801624276056348e-05,0.010771808667407066,0.017140675485507566,0.0035292348698683813
4113,70,random_11,visible,0.1221036877349319,0.12204315299475574,6.053474017615745e-05,0.01715236939683049,0.3346588618258,0.33468011953063503,-2.125770483502043e-05,-0.006023318259862147,0.017207332140113614,0.0035292348698683813
4113,70,random_11,null,0.1221036877349319,0.12205285181274539,5.083592218650679e-05,0.014404233229284243,0.3346588618258,0.3346642541326247,-5.392306824669735e-06,-0.001527896845491282,0.014458794292423785,0.0035292348698683813
4113,70,random_12,visible,0.1221036877349319,0.12205655844435691,4.7129290574987603e-05,0.013353968299861334,0.3346588618258,0.3346216368230288,3.7225002771201776e-05,0.01054761276701033,0.013406115135727684,0.0035292348698683813
4113,70,random_12,null,0.1221036877349319,0.1220402597412028,6.342799372908992e-05,0.017972165658517194,0.3346588618258,0.33471114278521374,-5.228095941373079e-05,-0.014813680965268413,0.01803954236499437,0.0035292348698683813
4113,70,random_13,visible,0.1221036877349319,0.12205333225798945,5.03554769424458e-05,0.014268100253787799,0.3346588618258,0.33471242541528873,-5.3563589488714314e-05,-0.0151771110350363,0.014334293358041046,0.0035292348698683813
4113,70,random_13,null,0.1221036877349319,0.12204284041330589,6.084732162600637e-05,0.017240938580059876,0.3346588618258,0.33464022371512,1.8638110680035958e-05,0.005281062713950529,0.017311182677576767,0.0035292348698683813
4113,70,random_14,visible,0.1221036877349319,0.12204685522177669,5.6832513155205544e-05,0.016103352497286484,0.3346588618258,0.33465252352674013,6.3382990598825906e-06,0.001795941413249997,0.016165074001310988,0.0035292348698683813
4113,70,random_14,null,0.1221036877349319,0.12204880368960902,5.4884045322875497e-05,0.015551258940417964,0.3346588618258,0.3346940609294042,-3.519910360416656e-05,-0.00997357923233918,0.015615357642492635,0.0035292348698683813
4113,70,random_15,visible,0.1221036877349319,0.12205229273503193,5.1394999899964655e-05,0.014562646521137135,0.3346588618258,0.33468186268264827,-2.300085684825426e-05,-0.006517236085540561,0.014609628014494582,0.0035292348698683813
4113,70,random_15,null,0.1221036877349319,0.12204360329525797,6.0084439673924184e-05,0.01702477785961719,0.3346588618258,0.33466524238369155,-6.380557891538796e-06,-0.0018079153490220253,0.01707945494004152,0.0035292348698683813
4113,80,dstm,visible,0.10162907541667139,0.10159808408468188,3.0991331989513315e-05,0.00845682129489966,0.3263755826998134,0.3264033748581564,-2.7792158342976325e-05,-0.00758384042949928,0.008523666199922189,0.0036646549464400178
4113,80,dstm,null,0.10162907541667139,0.10156864169627812,6.043372039327144e-05,0.01649097153116121,0.3263755826998134,0.326404425893131,-2.884319331758478e-05,-0.007870643686550662,0.01652748117810095,0.0036646549464400178
4113,80,random_00,visible,0.10162907541667139,0.10158145060630888,4.762481036250932e-05,0.012995714755839109,0.3263755826998134,0.32642082695193747,-4.5244252124043705e-05,-0.012346115196464991,0.01305853679398127,0.0036646549464400178
4113,80,random_00,null,0.10162907541667139,0.10158070388536988,4.8371531301508175e-05,0.013199477715766414,0.3263755826998134,0.32638488949356975,-9.306793756325149e-06,-0.002539609838401325,0.013239529311135438,0.0036646549464400178
4113,80,random_01,visible,0.10162907541667139,0.10158171407067654,4.736134599485353e-05,0.012923821393024221,0.3263755826998134,0.3264164268878364,-4.084418802297041e-05,-0.011145438962172407,0.012975187102190559,0.0036646549464400178
4113,80,random_01,null,0.10162907541667139,0.1015805082885903,4.856712808108676e-05,0.013252851575635157,0.3263755826998134,0.3263894217596984,-1.3839059884945826e-05,-0.0037763609636398657,0.013321225140478813,0.0036646549464400178
4113,80,random_02,visible,0.10162907541667139,0.10158671807137251,4.235734529887958e-05,0.011558344760405636,0.3263755826998134,0.32634215713265347,3.342556715996148e-05,0.009121068053741955,0.011603121520351584,0.0036646549464400178
4113,80,random_02,null,0.10162907541667139,0.10157608974530007,5.298567137132504e-05,0.014458570355388382,0.3263755826998134,0.32645154966649964,-7.596696668621394e-05,-0.02072963697714872,0.01453196788339869,0.0036646549464400178
4113,80,random_03,visible,0.10162907541667139,0.10159165648485037,3.741893182102052e-05,0.010210765370248748,0.3263755826998134,0.3264271687612409,-5.158606142746658e-05,-0.014076649011001486,0.010291998940761073,0.0036646549464400178
4113,80,random_03,null,0.10162907541667139,0.10157251988508244,5.655553158895321e-05,0.015432703055411359,0.3263755826998134,0.32638750734188215,-1.1924642068728009e-05,-0.003253960398184841,0.015488230285721799,0.0036646549464400178
4113,80,random_04,visible,0.10162907541667139,0.10158419044138861,4.4884975282780126e-05,0.012248076814539677,0.3263755826998134,0.3264495664301393,-7.398373032585503e-05,-0.02018845741472211,0.012300222573127502,0.0036646549464400178
4113,80,random_04,null,0.10162907541667139,0.10157818965659825,5.0885760073143826e-05,0.013885552887476118,0.3263755826998134,0.32636150202100117,1.4080678812256053e-05,0.0038422932085146375,0.013946865032389958,0.0036646549464400178
4113,80,random_05,visible,0.10162907541667139,0.10158875735221283,4.031806445856101e-05,0.011001871949152397,0.3263755826998134,0.3263854075159194,-9.824816105952205e-06,-0.0026809662163408856,0.01107798191378272,0.0036646549464400178
4113,80,random_05,null,0.10162907541667139,0.10157449706548077,5.4578351190617824e-05,0.014893176025654821,0.3263755826998134,0.3264160916678586,-4.0508968045194216e-05,-0.011053965144671024,0.014936158686157561,0.0036646549464400178
4113,80,random_06,visible,0.10162907541667139,0.1015873124341921,4.176298247929311e-05,0.01139615682504112,0.3263755826998134,0.32646145399851634,-8.587129870291088e-05,-0.0234323012556283,0.011449598404285728,0.0036646549464400178
4113,80,random_06,null,0.10162907541667139,0.10157555287555406,5.352254111733179e-05,0.014605069754063907,0.3263755826998134,0.32635722857001054,1.8354129802888863e-05,0.005008419638721716,0.014653232270074572,0.0036646549464400178
4113,80,random_07,visible,0.10162907541667139,0.10158069826494057,4.8377151730824575e-05,0.013201011401583645,0.3263755826998134,0.32639470241038515,-1.9119710571724458e-05,-0.0052173290121892806,0.013268788024817353,0.0036646549464400178
4113,80,random_07,null,0.10162907541667139,0.10158154689994128,4.752851673010816e-05,0.012969438439566904,0.3263755826998134,0.3264110392172336,-3.5456517420151545e-05,-0.009675267641390175,0.013028805928888519,0.0036646549464400178
4113,80,random_08,visible,0.10162907541667139,0.10158485041893411,4.422499773727717e-05,0.012067984130467448,0.3263755826998134,0.3264593470829514,-8.376438313795198e-05,-0.022857372484501936,0.012117441921808136,0.0036646549464400178
4113,80,random_08,null,0.10162907541667139,0.10157757081507109,5.150460160030512e-05,0.01405442049880811,0.3263755826998134,0.3263542598582733,2.1322841540105664e-05,0.005818512752699805,0.01410596047250182,0.0036646549464400178
4113,80,random_09,visible,0.10162907541667139,0.10158654424973418,4.2531166937212483e-05,0.011605776685340824,0.3263755826998134,0.32643265917470476,-5.7076474891337714e-05,-0.015574856494138398,0.011664414498389347,0.0036646549464400178
4113,80,random_09,null,0.10162907541667139,0.1015762302526246,5.284516404678585e-05,0.014420229140023569,0.3263755826998134,0.3263788534850966,-3.2707852831714845e-06,-0.0008925220330358379,0.014482815817027485,0.0036646549464400178
4113,80,random_10,visible,0.10162907541667139,0.1015822183572368,4.6857059434593507e-05,0.01278621319590053,0.3263755826998134,0.3264645484201744,-8.896572036098949e-05,-0.024276697714041017,0.012838242690415214,0.0036646549464400178
4113,80,random_10,null,0.10162907541667139,0.10157994709038047,4.912832629092034e-05,0.013405989652216897,0.3263755826998134,0.3263437240195489,3.185868026450711e-05,0.008693500678817202,0.013453254037673465,0.0036646549464400178
4113,80,random_11,visible,0.10162907541667139,0.10157906537897284,5.001003769855572e-05,0.013646588404492852,0.3263755826998134,0.32641631772174584,-4.0735021932414295e-05,-0.011115650048304223,0.013691725085280687,0.0036646549464400178
4113,80,random_11,null,0.10162907541667139,0.10158316685110423,4.590856556715983e-05,0.012527391047213633,0.3263755826998134,0.326387882117708,-1.2299417894545694e-05,-0.003356228096316082,0.012583607740599377,0.0036646549464400178
4113,80,random_12,visible,0.10162907541667139,0.10158788534078741,4.119007588397616e-05,0.011239823799506618,0.3263755826998134,0.32636822360322604,7.359096587389313e-06,0.0020081281034489244,0.011292863588865257,0.0036646549464400178
4113,80,random_12,null,0.10162907541667139,0.10157513220457147,5.39432120999217e-05,0.0147198611842908,0.3263755826998134,0.3264294986109491,-5.391591113568239e-05,-0.014712411379428319,0.014774361290541745,0.0036646549464400178
4113,80,random_13,visible,0.10162907541667139,0.101585482649154,4.359276751739194e-05,0.011895463053005734,0.3263755826998134,0.32642252129720917,-4.6938597395740356e-05,-0.012808463029060418,0.011962464102329085,0.0036646549464400178
4113,80,random_13,null,0.10162907541667139,0.10157709773836812,5.197767830326938e-05,0.014183512244109757,0.3263755826998134,0.32638629142972414,-1.0708729910713366e-05,-0.0029221659521085947,0.01423762522967454,0.0036646549464400178
4113,80,random_14,visible,0.10162907541667139,0.10157999525672635,4.908015994503634e-05,0.013392846164879625,0.3263755826998134,0.3263723576187336,3.2250810798051255e-06,0.0008800504077302255,0.013451044712678778,0.0036646549464400178
4113,80,random_14,null,0.10162907541667139,0.10158223172405903,4.68436926123611e-05,0.01278256569772464,0.3263755826998134,0.32643479115835544,-5.920845854201495e-05,-0.016156625768964213,0.012840557453541233,0.0036646549464400178
4113,80,random_15,visible,0.10162907541667139,0.10158161690992593,4.7458506745465256e-05,0.012950334325901055,0.3263755826998134,0.32643881261467866,-6.32299148652371e-05,-0.017253988653600522,0.012996941643317283,0.0036646549464400178
4113,80,random_15,null,0.10162907541667139,0.10158050961631115,4.856580036023683e-05,0.013252489271170117,0.3263755826998134,0.3263674494094386,8.133290374801039e-06,0.0022193877714740975,0.013300001033848912,0.0036646549464400178
4113,90,dstm,visible,0.08774813401359763,0.08771800470592545,3.0129307672183137e-05,0.007974640831934136,0.3232999707680721,0.3232916294318805,8.341336191597382e-06,0.0022077892034610617,0.00803957649909352,0.0037781397691958123
4113,90,dstm,null,0.08774813401359763,0.0876953036159854,5.283039761222463e-05,0.013983177129381248,0.3232999707680721,0.32333419785784334,-3.422708977124378e-05,-0.00905924393012308,0.014018296510412191,0.0037781397691958123
4113,90,random_00,visible,0.08774813401359763,0.08770663302055652,4.150099304110755e-05,0.010984504432439552,0.3232999707680721,0.32334832510587574,-4.835433780364662e-05,-0.012798451290207026,0.011035059433763077,0.0037781397691958123
4113,90,random_00,null,0.08774813401359763,0.08770369407292104,4.443994067658552e-05,0.011762386621828097,0.3232999707680721,0.3232897037701141,1.0266997957975033e-05,0.002717474361770473,0.011805714321121276,0.0037781397691958123
4113,90,random_01,visible,0.08774813401359763,0.08770510835787743,4.302565572020245e-05,0.011388052943674072,0.3232999707680721,0.32332283118019073,-2.2860412118630435e-05,-0.006050705774576556,0.011431823688882438,0.0037781397691958123
4113,90,random_01,null,0.08774813401359763,0.08770518339262325,4.295062097438296e-05,0.011368192708107546,0.3232999707680721,0.32331322738492757,-1.3256616855472636e-05,-0.0035087682471562835,0.011421945302132985,0.0037781397691958123
4113,90,random_02,visible,0.08774813401359763,0.08770733352037187,4.0800493225759404e-05,0.010799095776820323,0.3232999707680721,0.32325363135566276,4.633941240933526e-05,0.012265139788409344,0.01084777637899834,0.0037781397691958123
4113,90,random_02,null,0.08774813401359763,0.08770312723892056,4.50067746770727e-05,0.011912416540019248,0.3232999707680721,0.32337655249782465,-7.658172975255617e-05,-0.020269692078876373,0.011978028843255353,0.0037781397691958123
4113,90,random_03,visible,0.08774813401359763,0.08771390910201589,3.4224911581740014e-05,0.00905866740579184,0.3232999707680721,0.3233243177101552,-2.434694208308663e-05,-0.006444161299058808,0.009146065587295292,0.0037781397691958123
4113,90,random_03,null,0.08774813401359763,0.08769796513299298,5.016888060464797e-05,0.013278725422941819,0.3232999707680721,0.3233143222309975,-1.4351462925388248e-05,-0.003798552674625639,0.013322796688815164,0.0037781397691958123
4113,90,random_04,visible,0.08774813401359763,0.08770779074797797,4.034326561966339e-05,0.010678076536128405,0.3232999707680721,0.3233443711616114,-4.4400393539312244e-05,-0.011751919264956943,0.010729096717714772,0.0037781397691958123
4113,90,random_04,null,0.08774813401359763,0.08770269853132083,4.543548227679828e-05,0.01202588709058515,0.3232999707680721,0.32329471565294327,5.255115128832699e-06,0.0013909266067071058,0.012084449137653466,0.0037781397691958123
4113,90,random_05,visible,0.08774813401359763,0.08771216469719569,3.596931640194312e-05,0.009520377381273877,0.3232999707680721,0.3233089354317497,-8.96466367761306e-06,-0.002372771846797297,0.009578244445394839,0.0037781397691958123
4113,90,random_05,null,0.08774813401359763,0.08769910844850728,4.9025565090343726e-05,0.012976112077711448,0.3232999707680721,0.32332502451712497,-2.5053749052872387e-05,-0.006631239335596404,0.013015554566858621,0.0037781397691958123
4113,90,random_06,visible,0.08774813401359763,0.08771259565972321,3.5538353874417505e-05,0.00940630999524455,0.3232999707680721,0.323396700868134,-9.673010006189253e-05,-0.025602573216205234,0.009456809214493633,0.0037781397691958123
4113,90,random_06,null,0.08774813401359763,0.0876988032663147,4.933074728293019e-05,0.013056887859241475,0.3232999707680721,0.3232616530447661,3.83177233059806e-05,0.010141954942587164,0.013104052305271062,0.0037781397691958123
4113,90,random_07,visible,0.08774813401359763,0.08770503720433352,4.309680926410653e-05,0.011406885900698112,0.3232999707680721,0.32332238633537175,-2.2415567299649553e-05,-0.005932964016421439,0.011458551038046053,0.0037781397691958123
4113,90,random_07,null,0.08774813401359763,0.08770534471504127,4.27892985563616e-05,0.01132549380656434,0.3232999707680721,0.3233137525745184,-1.3781806446289124e-05,-0.003647775701326852,0.01139513209432454,0.0037781397691958123
4113,90,random_08,visible,0.08774813401359763,0.08770746074463504,4.067326896259327e-05,0.010765421992646578,0.3232999707680721,0.32336017550967716,-6.020474160506328e-05,-0.015935022334517292,0.010816849507190297,0.0037781397691958123
4113,90,random_08,null,0.08774813401359763,0.08770294643601217,4.5187577585453775e-05,0.011960271547887197,0.3232999707680721,0.32328010622265513,1.9864545416969914e-05,0.0052577582171339675,0.012005964937372108,0.0037781397691958123
4113,90,random_09,visible,0.08774813401359763,0.08770718673154837,4.094728204925846e-05,0.010837947919003062,0.3232999707680721,0.32334678175758125,-4.6810989509149525e-05,-0.012389957060565119,0.010904943093662514,0.0037781397691958123
4113,90,random_09,null,0.08774813401359763,0.08770329398741103,4.484002618659888e-05,0.011868281462795964,0.3232999707680721,0.3232917772809475,8.193487124608101e-06,0.0021686564354796507,0.01192600702090158,0.0037781397691958123
4113,90,random_10,visible,0.08774813401359763,0.08770523933053681,4.2894683060817895e-05,0.011353387032038826,0.3232999707680721,0.3233880440013335,-8.80732332613765e-05,-0.023311269206994726,0.011404542434593665,0.0037781397691958123
4113,90,random_10,null,0.08774813401359763,0.08770503098880147,4.310302479615391e-05,0.011408531030954556,0.3232999707680721,0.32324821542272764,5.175534534446191e-05,0.01369863173576508,0.01144918508873727,0.0037781397691958123
4113,90,random_11,visible,0.08774813401359763,0.08770396145633796,4.417255725966407e-05,0.011691615439909023,0.3232999707680721,0.3233382497178094,-3.827894973729151e-05,-0.010131692334251386,0.011737515462045881,0.0037781397691958123
4113,90,random_11,null,0.08774813401359763,0.08770634388707178,4.179012652584524e-05,0.0110610324336255,0.3232999707680721,0.32329645727572853,3.5134923435653498e-06,0.0009299529816794487,0.011107572107208905,0.0037781397691958123
4113,90,random_12,visible,0.08774813401359763,0.0877108983943115,3.723561928613284e-05,0.009855543087559872,0.3232999707680721,0.323268468604274,3.150216379810278e-05,0.00833800910568433,0.009904689181529012,0.0037781397691958123
4113,90,random_12,null,0.08774813401359763,0.08770006757425067,4.8066439346960976e-05,0.01272225017688852,0.3232999707680721,0.32335668758909974,-5.671682102764697e-05,-0.015011837701207995,0.012768890302446555,0.0037781397691958123
4113,90,random_13,visible,0.08774813401359763,0.08770714023401374,4.0993779583886614e-05,0.010850254910662624,0.3232999707680721,0.3233503173755378,-5.034660746572328e-05,-0.01332576626100831,0.010904563470047188,0.0037781397691958123
4113,90,random_13,null,0.08774813401359763,0.08770326532811862,4.486868547901035e-05,0.011875867019223796,0.3232999707680721,0.3232884933556418,1.1477412430294098e-05,0.003037847494121981,0.011926354131348097,0.0037781397691958123
4113,90,random_14,visible,0.08774813401359763,0.08770291586884003,4.521814475759445e-05,0.011968362082914486,0.3232999707680721,0.32327533504283884,2.463572523325741e-05,0.006520596573509295,0.01201938737768218,0.0037781397691958123
4113,90,random_14,null,0.08774813401359763,0.0877075294594903,4.0604554107329105e-05,0.010747234509000681,0.3232999707680721,0.3233658160437394,-6.58452756672756e-05,-0.01742796182505735,0.010801932901283257,0.0037781397691958123
4113,90,random_15,visible,0.08774813401359763,0.08770569937354193,4.243464005569686e-05,0.01123162261006802,0.3232999707680721,0.3233631006268279,-6.312985875578381e-05,-0.016709243864003787,0.011279518793468425,0.0037781397691958123
4113,90,random_15,null,0.08774813401359763,0.08770459032591954,4.354368767808814e-05,0.011525165911836166,0.3232999707680721,0.323274045273738,2.59254943341114e-05,0.006861973330232225,0.011572375863512384,0.0037781397691958123
4114,0,dstm,visible,2.371953577876146,2.371883511681586,7.006619456007002e-05,0.18545913369148723,2.3921204365946234,2.392052965620005,6.747097461845541e-05,0.17858981182902936,0.18546715364039676,0.0003777985649206455
4114,0,dstm,null,2.371953577876146,2.3718705069938664,8.307088227965664e-05,0.2198814129881759,2.3921204365946234,2.3920375883854965,8.28482091268512e-05,0.2192920164856979,0.21989386968317498,0.0003777985649206455
4114,0,random_00,visible,2.371953577876146,2.3718895530069837,6.402486916234906e-05,0.1694682698855596,2.3921204365946234,2.3920521713271423,6.826526748104911e-05,0.18069223607397197,0.16947418115370116,0.0003777985649206455
4114,0,random_00,null,2.371953577876146,2.3718657658099365,8.781206620955828e-05,0.23243091521007422,2.3921204365946234,2.392037997329967,8.243926465656415e-05,0.21820957597835253,0.23244328539666217,0.0003777985649206455
4114,0,random_01,visible,2.371953577876146,2.371883560941193,7.001693495300998e-05,0.1853287477884323,2.3921204365946234,2.392057236595762,6.319999886139627e-05,0.16728490981608432,0.18533605791785032,0.0003777985649206455
4114,0,random_01,null,2.371953577876146,2.371870464060906,8.311381523995465e-05,0.21999505280654583,2.3921204365946234,2.392033990448538,8.644614608543932e-05,0.2288154432338748,0.22000437413647686,0.0003777985649206455
4114,0,random_02,visible,2.371953577876146,2.3718906171216467,6.296075449929717e-05,0.1666516507613567,2.3921204365946234,2.392058007936055,6.242865856842528e-05,0.16524323903013785,0.1666572620131439,0.0003777985649206455
4114,0,random_02,null,2.371953577876146,2.371864999038313,8.857883783308651e-05,0.23446049312466818,2.3921204365946234,2.392033740970432,8.669562419116872e-05,0.22947579011947453,0.23447118377743983,0.0003777985649206455
4114,0,random_03,visible,2.371953577876146,2.371876741116502,7.683675964420544e-05,0.20338023163307828,2.3921204365946234,2.3920382854278253,8.215116679810563e-05,0.21744700596033506,0.20338911936557466,0.0003777985649206455
4114,0,random_03,null,2.371953577876146,2.371876725954056,7.685192209017089e-05,0.20342036531111019,2.3921204365946234,2.3920515042500683,6.893234455507269e-05,0.18245793117173842,0.20343118032250534,0.0003777985649206455
4114,0,random_04,visible,2.371953577876146,2.3718922288726354,6.134900351062456e-05,0.1623854858302878,2.3921204365946234,2.392059834414529,6.06021800941825e-05,0.1604087090879015,0.16239381828789357,0.0003777985649206455
4114,0,random_04,null,2.371953577876146,2.3718638755423758,8.970233377025849e-05,0.2374342893258474,2.3921204365946234,2.392032456505709,8.798008891419684e-05,0.23287565672113278,0.23744394451236334,0.0003777985649206455
4114,0,random_05,visible,2.371953577876146,2.3718813986607983,7.217921534774518e-05,0.19105211625911292,2.3921204365946234,2.3920485114506156,7.192514400777839e-05,0.190379611481282,0.19105809113313657,0.0003777985649206455
4114,0,random_05,null,2.371953577876146,2.3718723343124357,8.124356371030927e-05,0.2150446593871367,2.3921204365946234,2.3920414329480044,7.900364661894699e-05,0.20911579332108174,0.21505391141821564,0.0003777985649206455
4114,0,random_06,visible,2.371953577876146,2.371879260872583,7.431700356308468e-05,0.19671065605740073,2.3921204365946234,2.392047187591399,7.324900322425165e-05,0.19388375188676854,0.1967174699531796,0.0003777985649206455
4114,0,random_06,null,2.371953577876146,2.3718742862070967,7.92916690492973e-05,0.20987816368744563,2.3921204365946234,2.3920426704255315,7.776616909183076e-05,0.20584029774746526,0.20988953289511977,0.0003777985649206455
4114,0,random_07,visible,2.371953577876146,2.3718850380192547,6.853985689136977e-05,0.18141905040260325,2.3921204365946234,2.392054362346841,6.607424778248827e-05,0.17489279716127773,0.1814263297056323,0.0003777985649206455
4114,0,random_07,null,2.371953577876146,2.3718692423703676,8.43355057784656e-05,0.223228761591987,2.3921204365946234,2.3920364726097367,8.396398488663692e-05,0.22224537804761935,0.22323948103607227,0.0003777985649206455
4114,0,random_08,visible,2.371953577876146,2.3718825154236716,7.106245247445742e-05,0.18809614189345503,2.3921204365946234,2.3920468260935683,7.361050105503253e-05,0.194840605258768,0.18810402194237105,0.0003777985649206455
4114,0,random_08,null,2.371953577876146,2.3718713557371367,8.222213900932474e-05,0.21763486324146053,2.3921204365946234,2.3920428530327587,7.75835618647136e-05,0.20535695227166784,0.21764249569607413,0.0003777985649206455
4114,0,random_09,visible,2.371953577876146,2.371877211818347,7.636605779914873e-05,0.2021343247166357,2.3921204365946234,2.392048554925706,7.188166891758385e-05,0.1902645366921449,0.2021458597386073,0.0003777985649206455
4114,0,random_09,null,2.371953577876146,2.3718762571588345,7.732071731147983e-05,0.20466122556002989,2.3921204365946234,2.392041277472096,7.915912252753898e-05,0.20952732455234688,0.2046666323420869,0.0003777985649206455
4114,0,random_10,visible,2.371953577876146,2.371879063736746,7.451413940007257e-05,0.19723245750211849,2.3921204365946234,2.3920459052172656,7.453137735780047e-05,0.19727808487958487,0.19723822861930326,0.0003777985649206455
4114,0,random_10,null,2.371953577876146,2.371874470278934,7.910759721196925e-05,0.20939094151558083,2.3921204365946234,2.3920438774846495,7.655910997383941e-05,0.20264531706180575,0.20940023919478012,0.0003777985649206455
4114,0,random_11,visible,2.371953577876146,2.3718882705283373,6.53073478087407e-05,0.17286287951479684,2.3921204365946234,2.3920577669078704,6.266968675294748e-05,0.16588121970794384,0.1728708255158092,0.0003777985649206455
4114,0,random_11,null,2.371953577876146,2.371866714154012,8.68637221338453e-05,0.22992073077908737,2.3921204365946234,2.3920338958228284,8.654077179492958e-05,0.22906590927127263,0.22992837295382734,0.0003777985649206455
4114,0,random_12,visible,2.371953577876146,2.3718877064652073,6.587141093872262e-05,0.1743559056465938,2.3921204365946234,2.3920512395878886,6.919700673480023e-05,0.1831584689828948,0.17436114529466762,0.0003777985649206455
4114,0,random_12,null,2.371953577876146,2.3718671412261063,8.643665003971179e-05,0.22879030802530267,2.3921204365946234,2.3920388518937843,8.158470083907687e-05,0.21594761974867027,0.22880028412404452,0.0003777985649206455
4114,0,random_13,visible,2.371953577876146,2.371884284293881,6.929358226503979e-05,0.1834140960265281,2.3921204365946234,2.3920474098695523,7.30267250710348e-05,0.19329540091390676,0.18342390217560697,0.0003777985649206455
4114,0,random_13,null,2.371953577876146,2.371869860543204,8.371733294199046e-05,0.2215925117650323,2.3921204365946234,2.3920422014319773,7.823516264604535e-05,0.2070816829663665,0.221601108107304,0.0003777985649206455
4114,0,random_14,visible,2.371953577876146,2.3718811889179614,7.238895818462154e-05,0.19160728733796656,2.3921204365946234,2.3920466478419566,7.37887526667258e-05,0.195312421798703,0.1916127305872258,0.0003777985649206455
4114,0,random_14,null,2.371953577876146,2.371872521569687,8.105630645882655e-05,0.2145490057005695,2.3921204365946234,2.3920431015483845,7.733504623885779e-05,0.20469915298672875,0.2145598762131888,0.0003777985649206455
4114,0,random_15,visible,2.371953577876146,2.3718917858521626,6.17920239833758e-05,0.16355812255759858,2.3921204365946234,2.3920618265633244,5.8610031298922394e-05,0.15513566418981264,0.16356387921093113,0.0003777985649206455
4114,0,random_15,null,2.371953577876146,2.371864179638953,8.939823719300577e-05,0.2366293720882274,2.3921204365946234,2.3920310793818675,8.935721275582509e-05,0.23652078396484663,0.23663946505429645,0.0003777985649206455
4114,10,dstm,visible,1.343608544257456,1.3435204422372757,8.810202018016966e-05,0.08333975040265391,1.3782995772775037,1.3782183806376918,8.119663981198677e-05,0.07680763371403702,0.08339159657118007,0.0010571428370556302
4114,10,dstm,null,1.343608544257456,1.3434375446363676,0.00017099962108835243,0.16175640140042294,1.3782995772775037,1.3781423066674665,0.00015727061003723009,0.14876949880799695,0.1618073475351977,0.0010571428370556302
4114,10,random_00,visible,1.343608544257456,1.3434866202975098,0.00012192395994614635,0.11533347781623415,1.3782995772775037,1.3781783069089901,0.00012127036851361517,0.11471521563857841,0.11539731485364253,0.0010571428370556302
4114,10,random_00,null,1.343608544257456,1.3434597773324477,0.00014876692500820354,0.14072547227634005,1.3782995772775037,1.378170143197236,0.00012943408026777625,0.12243764582303557,0.14078080771055404,0.0010571428370556302
4114,10,random_01,visible,1.343608544257456,1.3435004695974044,0.00010807466005147148,0.102232788477745,1.3782995772775037,1.3781867987065126,0.00011277857099112332,0.10668243404574906,0.10228971003175787,0.0010571428370556302
4114,10,random_01,null,1.343608544257456,1.3434494291989947,0.0001591150584612233,0.15051424735033245,1.3782995772775037,1.3781622341218938,0.00013734315560998134,0.12991920372133584,0.15057420534967333,0.0010571428370556302
4114,10,random_02,visible,1.343608544257456,1.343486574607953,0.00012196964950295097,0.11537669766808678,1.3782995772775037,1.3781987359991104,0.00010084127839338208,0.0953904002927804,0.1154237080704729,0.0010571428370556302
4114,10,random_02,null,1.343608544257456,1.3434597983315912,0.0001487459258646684,0.14070560822126718,1.3782995772775037,1.3781533760863736,0.0001462011911301797,0.1382984266699299,0.14075916918740658,0.0010571428370556302
4114,10,random_03,visible,1.343608544257456,1.3434805941744232,0.00012795008303267963,0.12103386462802708,1.3782995772775037,1.3781880030576046,0.00011157421989915761,0.10554318299116114,0.12109103296782345,0.0010571428370556302
4114,10,random_03,null,1.343608544257456,1.3434649262884162,0.00014361796903972213,0.13585483815955185,1.3782995772775037,1.3781619498294562,0.00013762744804757254,0.1301881290052483,0.13591445040852795,0.0010571428370556302
4114,10,random_04,visible,1.343608544257456,1.3434622047764406,0.0001463394810152785,0.1384292414285901,1.3782995772775037,1.3781733220261716,0.00012625525133214133,0.11943064542137874,0.1384753668952746,0.0010571428370556302
4114,10,random_04,null,1.343608544257456,1.3434837048427157,0.00012483941474017435,0.11809134051163694,1.3782995772775037,1.3781748704334968,0.00012470684400689436,0.11796593576155678,0.11815392019855202,0.0010571428370556302
4114,10,random_05,visible,1.343608544257456,1.3434664348144507,0.00014210944300518946,0.13442785404571703,1.3782995772775037,1.3781699982146591,0.00012957906284460918,0.12257479150642944,0.13447646161828317,0.0010571428370556302
4114,10,random_05,null,1.343608544257456,1.343478911818365,0.00012963243909092093,0.12262528255119726,1.3782995772775037,1.3781790052294214,0.00012057204808235689,0.11405464224510657,0.12268601128773043,0.0010571428370556302
4114,10,random_06,visible,1.343608544257456,1.3434708019867136,0.0001377422707422582,0.13029674506985262,1.3782995772775037,1.378169009953766,0.00013056732373772917,0.12350963290957653,0.1303456367908957,0.0010571428370556302
4114,10,random_06,null,1.343608544257456,1.3434742793019685,0.00013426495548740647,0.12700739273924724,1.3782995772775037,1.3781799650103277,0.00011961226717605022,0.11314674137053804,0.1270660893576355,0.0010571428370556302
4114,10,random_07,visible,1.343608544257456,1.3434729809665058,0.00013556329095010256,0.12823554792999917,1.3782995772775037,1.3781749460609816,0.00012463121652217524,0.1178943962476253,0.12827587554484413,0.0010571428370556302
4114,10,random_07,null,1.343608544257456,1.3434720660296198,0.00013647822783613428,0.12910102878458266,1.3782995772775037,1.378173898320006,0.00012567895749771019,0.11888550259466646,0.1291552393372811,0.0010571428370556302
4114,10,random_08,visible,1.343608544257456,1.343488105727843,0.00012043852961296508,0.11392834098787658,1.3782995772775037,1.3781921763079101,0.00010740096959360734,0.1015955137081968,0.11396672588525569,0.0010571428370556302
4114,10,random_08,null,1.343608544257456,1.34345855096556,0.00014999329189580024,0.1418855490839476,1.3782995772775037,1.3781588264940623,0.00014075078344144565,0.13314263551505187,0.14194140159256458,0.0010571428370556302
4114,10,random_09,visible,1.343608544257456,1.3434926192548255,0.0001159250026303571,0.10965878835563331,1.3782995772775037,1.378187830367827,0.0001117469096767465,0.10570653818928163,0.1097029548719698,0.0010571428370556302
4114,10,random_09,null,1.343608544257456,1.3434550449970761,0.00015349926037977468,0.1452020058209949,1.3782995772775037,1.37816217720951,0.000137400067993676,0.12997303976098887,0.1452619626310524,0.0010571428370556302
4114,10,random_10,visible,1.343608544257456,1.3434909131290864,0.00011763112836948864,0.11127269111250528,1.3782995772775037,1.37818879929991,0.00011077797759373453,0.1047899807960436,0.11131846633791923,0.0010571428370556302
4114,10,random_10,null,1.343608544257456,1.3434563384019529,0.00015220585550301813,0.14397851469811224,1.3782995772775037,1.3781614966455058,0.00013808063199793885,0.13061681653401075,0.14402768882142158,0.0010571428370556302
4114,10,random_11,visible,1.343608544257456,1.3434633257640163,0.000145218493439625,0.1373688477557959,1.3782995772775037,1.3781599294711928,0.00013964780631092744,0.13209927875014182,0.13742454521942354,0.0010571428370556302
4114,10,random_11,null,1.343608544257456,1.3434824054407055,0.0001261388167503874,0.11932050459870787,1.3782995772775037,1.378190453917226,0.00010912336027768532,0.10322480222409425,0.11937449671643148,0.0010571428370556302
4114,10,random_12,visible,1.343608544257456,1.3434872335891546,0.0001213106683013443,0.11475333706012761,1.3782995772775037,1.3781814174293645,0.00011815984813923208,0.11177283144473894,0.11480951844739998,0.0010571428370556302
4114,10,random_12,null,1.343608544257456,1.3434592730881383,0.00014927116931762185,0.14120246014566407,1.3782995772775037,1.3781675457187499,0.00013203155875385342,0.12489472011331,0.14126057683919754,0.0010571428370556302
4114,10,random_13,visible,1.343608544257456,1.3434787605466378,0.0001297837108180655,0.12276837743094492,1.3782995772775037,1.3781862305887624,0.00011334668874130038,0.10721984273856053,0.12283711057312299,0.0010571428370556302
4114,10,random_13,null,1.343608544257456,1.3434665842967013,0.00014195996075461181,0.13428645191410538,1.3782995772775037,1.378163407085899,0.0001361701916047231,0.12880964315473803,0.13433845451363902,0.0010571428370556302
4114,10,random_14,visible,1.343608544257456,1.343481136453864,0.00012740780359199455,0.12052089757979409,1.3782995772775037,1.3781791196525728,0.00012045762493095857,0.1139464041268623,0.12057347785742084,0.0010571428370556302
4114,10,random_14,null,1.343608544257456,1.3434644407420768,0.00014410351537907928,0.13631413875956302,1.3782995772775037,1.3781698428453317,0.00012973443217201286,0.12272176249460395,0.13637379708885702,0.0010571428370556302
4114,10,random_15,visible,1.343608544257456,1.3434710602384565,0.00013748401899937868,0.13005245287600037,1.3782995772775037,1.3781748618534422,0.0001247154240615611,0.11797405202963901,0.13010841808602322,0.0010571428370556302
4114,10,random_15,null,1.343608544257456,1.343474008740255,0.00013453551720088441,0.12726332950010305,1.3782995772775037,1.3781739641300268,0.00012561314747694396,0.11882324987113714,0.12730897705275657,0.0010571428370556302
4114,20,dstm,visible,0.712227113997142,0.7121398138273353,8.73001698067366e-05,0.04475229900284063,0.7932992018397473,0.7932256554058137,7.354643393364668e-05,0.03770178235938825,0.0448553774998827,0.0019507415652812667
4114,20,dstm,null,0.712227113997142,0.7120539711253581,0.00017314287178393784,0.08875746273390824,0.7932992018397473,0.7931372483025133,0.0001619535372340275,0.08302152377148754,0.08882362060038997,0.0019507415652812667
4114,20,random_00,visible,0.712227113997142,0.7120969403769863,0.00013017362015566025,0.06673032577582425,0.7932992018397473,0.7931825117791197,0.00011669006062764442,0.05981830843432073,0.06680013257462138,0.0019507415652812667
4114,20,random_00,null,0.712227113997142,0.712083408545922,0.00014370545121999978,0.0736670883409816,0.7932992018397473,0.7931651301472776,0.00013407169246970607,0.06872857730407514,0.07375217118995217,0.0019507415652812667
4114,20,random_01,visible,0.712227113997142,0.712111153889982,0.00011596010715997362,0.05944411562443638,0.7932992018397473,0.7931804833308087,0.00011871850893863112,0.060858142898858957,0.05953459566185074,0.0019507415652812667
4114,20,random_01,null,0.712227113997142,0.7120717288016938,0.00015538519544822105,0.07965442384256416,0.7932992018397473,0.7931660688697404,0.0001331329700069439,0.06824736416981415,0.07973250520709196,0.0019507415652812667
4114,20,random_02,visible,0.712227113997142,0.7120947600933178,0.00013235390382415613,0.06784799492652055,0.7932992018397473,0.7931706663869091,0.00012853545283819656,0.06589055932668546,0.0679235090594596,0.0019507415652812667
4114,20,random_02,null,0.712227113997142,0.7120854153348347,0.000141698662307288,0.07263835703775413,0.7932992018397473,0.7931760990542045,0.00012310278554283904,0.06310563517678956,0.07271889289770929,0.0019507415652812667
4114,20,random_03,visible,0.712227113997142,0.7121106438236295,0.0001164701735124618,0.0597055886773339,0.7932992018397473,0.7931763614189199,0.0001228404208274414,0.06297114031592889,0.05976446510063386,0.0019507415652812667
4114,20,random_03,null,0.712227113997142,0.7120720783351272,0.0001550356620148019,0.0794752440682465,0.7932992018397473,0.7931691970219558,0.00013000481779157358,0.06664379336830756,0.07956034928564681,0.0019507415652812667
4114,20,random_04,visible,0.712227113997142,0.712081521634425,0.00014559236271705078,0.07463436741609523,0.7932992018397473,0.7931878287955922,0.00011137304415509419,0.057092669852982766,0.07470198402003013,0.0019507415652812667
4114,20,random_04,null,0.712227113997142,0.7120990125542551,0.0001281014428868854,0.06566807472952736,0.7932992018397473,0.7931567163316561,0.00014248550809126126,0.0730417143035126,0.06573624609521121,0.0019507415652812667
4114,20,random_05,visible,0.712227113997142,0.7120946665128581,0.00013244748428387076,0.06789596666269522,0.7932992018397473,0.79319388651848,0.00010531532126734078,0.0539873262259401,0.06797921116359458,0.0019507415652812667
4114,20,random_05,null,0.712227113997142,0.7120855605928882,0.00014155340425381358,0.07256389404580292,0.7932992018397473,0.7931544149391362,0.00014478690061114907,0.07422146694776202,0.07266682404505113,0.0019507415652812667
4114,20,random_06,visible,0.712227113997142,0.7120783066161025,0.0001488073810395063,0.07628246800495615,0.7932992018397473,0.7931462942606168,0.00015290757913055675,0.07838433437414856,0.07636029852531238,0.0019507415652812667
4114,20,random_06,null,0.712227113997142,0.7121028100499972,0.0001243039471447993,0.06372138132345409,0.7932992018397473,0.7932050521124686,9.414972727872506e-05,0.04826355728220213,0.06380239240298267,0.0019507415652812667
4114,20,random_07,visible,0.712227113997142,0.7120908280179886,0.00013628597915338325,0.0698636772696915,0.7932992018397473,0.7931807105005874,0.00011849133915997623,0.060741689862384006,0.06993083600750881,0.0019507415652812667
4114,20,random_07,null,0.712227113997142,0.7120891467990659,0.00013796719807612767,0.07072551307237612,0.7932992018397473,0.7931664038596118,0.0001327979801355461,0.06807563979721666,0.07079066776426052,0.0019507415652812667
4114,20,random_08,visible,0.712227113997142,0.7120980080447475,0.00012910595239445932,0.06618301198490342,0.7932992018397473,0.79317742380998,0.00012177802976731655,0.06242653149688644,0.06626153698742386,0.0019507415652812667
4114,20,random_08,null,0.712227113997142,0.7120824499869244,0.0001446640102176211,0.07415847019016217,0.7932992018397473,0.7931696895495367,0.0001295122902106316,0.06639131113810964,0.0742364410736618,0.0019507415652812667
4114,20,random_09,visible,0.712227113997142,0.7121161763310977,0.00011093766604430844,0.05686948390229894,0.7932992018397473,0.7931935592074536,0.00010564263229373427,0.054155114226267204,0.056966935138900075,0.0019507415652812667
4114,20,random_09,null,0.712227113997142,0.7120681219638072,0.00015899203333480383,0.0815033811574521,0.7932992018397473,0.7931562444023763,0.0001429574373710274,0.07328363731790129,0.08158681736714182,0.0019507415652812667
4114,20,random_10,visible,0.712227113997142,0.7120957051603485,0.0001314088367935229,0.06736352940456045,0.7932992018397473,0.7931605659884333,0.00013863585131401734,0.07106828181724226,0.06743646461021774,0.0019507415652812667
4114,20,random_10,null,0.712227113997142,0.712084501257119,0.00014261274002302926,0.07310693664461224,0.7932992018397473,0.793185268538324,0.00011393330142328573,0.0584051231854786,0.07317078452561414,0.0019507415652812667
4114,20,random_11,visible,0.712227113997142,0.7120876178758107,0.0001394961213313506,0.07150927822222182,0.7932992018397473,0.7931711850667976,0.0001280167729497128,0.06562467075501863,0.07156704555817914,0.0019507415652812667
4114,20,random_11,null,0.712227113997142,0.7120924227323885,0.000134691264753517,0.06904618589705223,0.7932992018397473,0.7931759289611556,0.000123272878591707,0.06319282922232344,0.06913608650547495,0.0019507415652812667
4114,20,random_12,visible,0.712227113997142,0.7121014518347323,0.00012566216240972317,0.06441763719306644,0.7932992018397473,0.7931887978842762,0.0001104039554711278,0.05659589021737447,0.0644973902127394,0.0019507415652812667
4114,20,random_12,null,0.712227113997142,0.7120794317748456,0.00014768222229644135,0.07570568286688856,0.7932992018397473,0.7931597851215675,0.00013941671817985224,0.07146857413670299,0.07577418506961742,0.0019507415652812667
4114,20,random_13,visible,0.712227113997142,0.7121053967933341,0.00012171720380793616,0.06239535055500108,0.7932992018397473,0.7932050309037232,9.417093602415161e-05,0.0482744294273412,0.06248471454533412,0.0019507415652812667
4114,20,random_13,null,0.712227113997142,0.712076256016573,0.0001508579805690191,0.07733365775044002,0.7932992018397473,0.7931468917913396,0.00015231004840776663,0.07807802484887633,0.07744224244820853,0.0019507415652812667
4114,20,random_14,visible,0.712227113997142,0.7120995504142351,0.00012756358290688663,0.0653923539525821,0.7932992018397473,0.7931901956991886,0.0001090061405587539,0.055879334556054795,0.06545159952994398,0.0019507415652812667
4114,20,random_14,null,0.712227113997142,0.7120810656044806,0.00014604839266141312,0.07486814002466555,0.7932992018397473,0.7931584681912145,0.00014073364853284254,0.07214366630494744,0.07495150823159491,0.0019507415652812667
4114,20,random_15,visible,0.712227113997142,0.712081239088567,0.0001458749085749833,0.0747792076465805,0.7932992018397473,0.7931690362011304,0.000130165638616897,0.06672623423499419,0.07485487109418668,0.0019507415652812667
4114,20,random_15,null,0.712227113997142,0.7120993877030327,0.00012772629410928715,0.06547576387488878,0.7932992018397473,0.7931780908163512,0.00012111102339618096,0.062084606978023066,0.06556209835485514,0.0019507415652812667
4114,30,dstm,visible,0.4186146240594914,0.4185494041969794,6.52198625120115e-05,0.025613158522203843,0.5422470581670006,0.5421895071002001,5.7551066800498596e-05,0.022601467410509116,0.025715560448672636,0.002546342047407895
4114,30,dstm,null,0.4186146240594914,0.41848225964249325,0.00013236441699815416,0.05198218249307764,0.5422470581670006,0.5421499887430903,9.706942391030093e-05,0.03812112516820546,0.05203715528405948,0.002546342047407895
4114,30,random_00,visible,0.4186146240594914,0.41850432022581113,0.00011030383368026975,0.04331854543758407,0.5422470581670006,0.5421548722511516,9.218591584903013e-05,0.03620327282537427,0.043385694255613866,0.002546342047407895
4114,30,random_00,null,0.4186146240594914,0.4185166367792501,9.798728024129622e-05,0.03848158590517897,0.5422470581670006,0.5421813847068722,6.567346012842368e-05,0.025791295476299984,0.03855952687994304,0.002546342047407895
4114,30,random_01,visible,0.4186146240594914,0.41851907395121274,9.555010827866361e-05,0.0375244592045012,0.5422470581670006,0.5421719403848005,7.51177822000404e-05,0.02950027168443776,0.03761595362331488,0.002546342047407895
4114,30,random_01,null,0.4186146240594914,0.4185022325627496,0.00011239149674180382,0.04413841292697312,0.5422470581670006,0.542163275291314,8.378287568655551e-05,0.032903229073974624,0.04420628475969542,0.002546342047407895
4114,30,random_02,visible,0.4186146240594914,0.41851366963113057,0.00010095442836083324,0.03964684495690672,0.5422470581670006,0.5421667516847427,8.030648225787473e-05,0.03153797909421654,0.03971372035396599,0.002546342047407895
4114,30,random_02,null,0.4186146240594914,0.4185070200204634,0.00010760403902798643,0.04225828149738341,0.5422470581670006,0.5421680983171996,7.89598498009969e-05,0.031009129304280163,0.04233173744241598,0.002546342047407895
4114,30,random_03,visible,0.4186146240594914,0.4185269997482427,8.762431124870185e-05,0.034411838479398695,0.5422470581670006,0.5421617274531745,8.533071382610391e-05,0.03351109640315927,0.03448139343818981,0.002546342047407895
4114,30,random_03,null,0.4186146240594914,0.41849589492583295,0.00011872913365845728,0.046627331068628514,0.5422470581670006,0.5421702121467378,7.684602026281073e-05,0.030178985710516713,0.04669249496233218,0.002546342047407895
4114,30,random_04,visible,0.4186146240594914,0.41850778281585865,0.00010684124363274927,0.04195871632466293,0.5422470581670006,0.5421820820246545,6.497614234612925e-05,0.02551744468590665,0.0420113210545193,0.002546342047407895
4114,30,random_04,null,0.4186146240594914,0.41851278018874827,0.00010184387074313461,0.039996146961799116,0.5422470581670006,0.5421520992880466,9.49588789539435e-05,0.03729227149612873,0.04005252154984452,0.002546342047407895
4114,30,random_05,visible,0.4186146240594914,0.4185064058325679,0.00010821822692352878,0.04249948550065845,0.5422470581670006,0.5421706819030447,7.637626395584629e-05,0.029994502911969423,0.04259551235205912,0.002546342047407895
4114,30,random_05,null,0.4186146240594914,0.4185144775274412,0.00010014653205020485,0.039329567742931955,0.5422470581670006,0.5421640116111498,8.304655585078535e-05,0.03261406138869852,0.03943067215648543,0.002546342047407895
4114,30,random_06,visible,0.4186146240594914,0.41850100322618494,0.00011362083330646033,0.044621198248728275,0.5422470581670006,0.5421491791009201,9.787906608049735e-05,0.03843908801652767,0.0446868904381736,0.002546342047407895
4114,30,random_06,null,0.4186146240594914,0.41852051187545375,9.411218403765353e-05,0.036959757285340795,0.5422470581670006,0.542188791707407,5.826645959361443e-05,0.022882416623064467,0.03704372284494805,0.002546342047407895
4114,30,random_07,visible,0.4186146240594914,0.41851926504310416,9.535901638724198e-05,0.03744941355554129,0.5422470581670006,0.5421894725172778,5.7585649722802223e-05,0.022615048823241484,0.037518897018992,0.002546342047407895
4114,30,random_07,null,0.4186146240594914,0.4185020165738325,0.00011260748565888878,0.04422323614124036,0.5422470581670006,0.5421483332135897,9.872495341090026e-05,0.03877128507201125,0.044288688688252316,0.002546342047407895
4114,30,random_08,visible,0.4186146240594914,0.4185116758247528,0.00010294823473860903,0.040429853029135446,0.5422470581670006,0.5421607769760469,8.628119095366316e-05,0.03388436798641997,0.040499731038861085,0.002546342047407895
4114,30,random_08,null,0.4186146240594914,0.4185089064287653,0.00010571763072608764,0.04151745082075883,0.5422470581670006,0.5421739929273214,7.30652396792042e-05,0.028694196741393233,0.04158037235314959,0.002546342047407895
4114,30,random_09,visible,0.4186146240594914,0.41853381888783764,8.080517165376389e-05,0.03173382450170875,0.5422470581670006,0.5421878111911816,5.924697581893845e-05,0.023267485167301157,0.031825990854655956,0.002546342047407895
4114,30,random_09,null,0.4186146240594914,0.41849119358242537,0.00012343047706603327,0.048473643669232125,0.5422470581670006,0.5421513717160888,9.568645091173611e-05,0.03757800371287206,0.04854134202271309,0.002546342047407895
4114,30,random_10,visible,0.4186146240594914,0.41851586201697555,9.876204251585419e-05,0.038785850713336484,0.5422470581670006,0.5421500497424943,9.700842450632852e-05,0.038097169469074425,0.03884792899484193,0.002546342047407895
4114,30,random_10,null,0.4186146240594914,0.4185049860833972,0.00010963797609420123,0.043057049702261964,0.5422470581670006,0.542182973569331,6.408459766960029e-05,0.02516731706757017,0.04312764765273404,0.002546342047407895
4114,30,random_11,visible,0.4186146240594914,0.4185028285364073,0.00011179552308410168,0.04390436202312505,0.5422470581670006,0.5421652509467333,8.18072202672937e-05,0.03212734925010219,0.043968314048397364,0.002546342047407895
4114,30,random_11,null,0.4186146240594914,0.4185183305907849,9.629346870648758e-05,0.03781639187261258,0.5422470581670006,0.5421696506128135,7.740755418705891e-05,0.030399511434788442,0.037893837744258085,0.002546342047407895
4114,30,random_12,visible,0.4186146240594914,0.41851687824996764,9.774580952376377e-05,0.0383867554727246,0.5422470581670006,0.542169763457774,7.729470922657189e-05,0.030355194937481296,0.03847374147469639,0.002546342047407895
4114,30,random_12,null,0.4186146240594914,0.4185041132148151,0.00011051084467628147,0.043399842840744204,0.5422470581670006,0.5421652003766909,8.185779030966955e-05,0.032147209128089646,0.04346178546936243,0.002546342047407895
4114,30,random_13,visible,0.4186146240594914,0.4185147366128103,9.988744668110172e-05,0.039227819680700146,0.5422470581670006,0.5421638447856573,8.321338134331668e-05,0.0326795771322339,0.039328152626468736,0.002546342047407895
4114,30,random_13,null,0.4186146240594914,0.4185061023789657,0.00010852168052571942,0.04261865786499165,0.5422470581670006,0.5421707302143743,7.632795262624281e-05,0.02997553007615082,0.04269018611151557,0.002546342047407895
4114,30,random_14,visible,0.4186146240594914,0.4185191895282653,9.5434531226124e-05,0.037479069759411815,0.5422470581670006,0.5421680751600042,7.898300699638039e-05,0.031018223603063416,0.037538851458739385,0.002546342047407895
4114,30,random_14,null,0.4186146240594914,0.4185020624645554,0.00011256159493600038,0.04420521392661482,0.5422470581670006,0.5421664921218614,8.056604513917431e-05,0.0316399146851415,0.04427177668001765,0.002546342047407895
4114,30,random_15,visible,0.4186146240594914,0.4185034825814885,0.00011114147800289631,0.04364750529726956,0.5422470581670006,0.5421522629392986,9.479522770194926e-05,0.037228002341024115,0.04370865435515783,0.002546342047407895
4114,30,random_15,null,0.4186146240594914,0.41851755417806713,9.706988142427209e-05,0.03812130484319124,0.5422470581670006,0.5421845026522594,6.255551474121379e-05,0.02456681528897249,0.03819305059442094,0.002546342047407895
4114,40,dstm,visible,0.28335931505524375,0.2833129280060063,4.6387049237428535e-05,0.015942106361443033,0.43601875035000015,0.4359974757035763,2.1274646423874444e-05,0.007311581177658489,0.01601179151382534,0.0029097189659716785
4114,40,dstm,null,0.28335931505524375,0.28324856107054475,0.00011075398469900799,0.03806346454562925,0.43601875035000015,0.4359365312589829,8.221909101724378e-05,0.028256712066963258,0.03811690122715362,0.0029097189659716785
4114,40,random_00,visible,0.28335931505524375,0.28327284108808914,8.647396715460998e-05,0.029719010037016633,0.43601875035000015,0.43594545212778446,7.329822221568971e-05,0.0251908253246761,0.029784360827379296,0.0029097189659716785
4114,40,random_00,null,0.28335931505524375,0.2832760760499933,8.323900525047945e-05,0.02860723190931342,0.43601875035000015,0.435973685047685,4.5065302315128175e-05,0.015487853927528345,0.02867346293608897,0.0029097189659716785
4114,40,random_01,visible,0.28335931505524375,0.2832824338312554,7.68812239883565e-05,0.0264222163334192,0.43601875035000015,0.4359473478752749,7.140247472525729e-05,0.024539302785007273,0.026488633390085475,0.0029097189659716785
4114,40,random_01,null,0.28335931505524375,0.2832671135770048,9.220147823896241e-05,0.031687417003921005,0.43601875035000015,0.43596886607072527,4.988427927488104e-05,0.01714401970027458,0.03174315560508191,0.0029097189659716785
4114,40,random_02,visible,0.28335931505524375,0.28327191929965734,8.739575558641688e-05,0.030035806415837734,0.43601875035000015,0.4359589913411525,5.975900884763741e-05,0.020537725308355112,0.030090137442321332,0.0029097189659716785
4114,40,random_02,null,0.28335931505524375,0.2832770054998406,8.230955540317053e-05,0.02828780248737317,0.43601875035000015,0.4359596094195823,5.9140930417866944e-05,0.020325306708140208,0.028352411808257257,0.0029097189659716785
4114,40,random_03,visible,0.28335931505524375,0.28328630673245925,7.300832278450686e-05,0.02509119390508777,0.43601875035000015,0.43595928279171386,5.9467558286285804e-05,0.020437560802861614,0.025180260713590637,0.0029097189659716785
4114,40,random_03,null,0.28335931505524375,0.28326408768549044,9.522736975331458e-05,0.032727342697687,0.43601875035000015,0.43595847406171234,6.027628828780829e-05,0.02071550173495174,0.03279070138070239,0.0029097189659716785
4114,40,random_04,visible,0.28335931505524375,0.28326993443228554,8.938062295821281e-05,0.03071795730223205,0.43601875035000015,0.4359684058486394,5.034450136076618e-05,0.017302186894861862,0.030770815938380273,0.0029097189659716785
4114,40,random_04,null,0.28335931505524375,0.28327915065731435,8.016439792940533e-05,0.027550563771589206,0.43601875035000015,0.43594898455225795,6.976579774220504e-05,0.023976816509805883,0.027612180521087375,0.0029097189659716785
4114,40,random_05,visible,0.28335931505524375,0.2832697373254625,8.957772978124279e-05,0.030785698147769054,0.43601875035000015,0.4359671495970764,5.160075292376387e-05,0.017733930158623477,0.03086011445195806,0.0029097189659716785
4114,40,random_05,null,0.28335931505524375,0.2832795346325455,7.978042269823904e-05,0.027418600775967715,0.43601875035000015,0.4359504553189106,6.829503108957136e-05,0.023471349600515373,0.027512342005995116,0.0029097189659716785
4114,40,random_06,visible,0.28335931505524375,0.283259576126434,9.97389288097672e-05,0.03427785637588548,0.43601875035000015,0.43593378287485185,8.496747514830094e-05,0.029201265188140497,0.03435168871418052,0.0029097189659716785
4114,40,random_06,null,0.28335931505524375,0.28329261541486556,6.669964037819831e-05,0.02292305241785592,0.43601875035000015,0.43599456987798474,2.4180472015411514e-05,0.00831024311907615,0.0230051539687705,0.0029097189659716785
4114,40,random_07,visible,0.28335931505524375,0.28328398858317194,7.532647207181276e-05,0.025887885721175844,0.43601875035000015,0.43596749068107443,5.1259668925718316e-05,0.01761670784195495,0.025952296974114632,0.0029097189659716785
4114,40,random_07,null,0.28335931505524375,0.2832658602934191,9.345476182465173e-05,0.03211814024570006,0.43601875035000015,0.4359521587592662,6.659159073396648e-05,0.022885918369689947,0.03218313080497536,0.0029097189659716785
4114,40,random_08,visible,0.28335931505524375,0.2832789664497141,8.03486055296343e-05,0.02761387146638146,0.43601875035000015,0.43595508955194623,6.366079805392166e-05,0.02187867584409913,0.027689966654571213,0.0029097189659716785
4114,40,random_08,null,0.28335931505524375,0.28327016214245887,8.915291278488446e-05,0.030639698825729214,0.43601875035000015,0.4359629955793651,5.5754770635074724e-05,0.01916156552818696,0.030700836687483423,0.0029097189659716785
4114,40,random_09,visible,0.28335931505524375,0.283286790248843,7.252480640074221e-05,0.024925021023988518,0.43601875035000015,0.4359568816053081,6.186874469205073e-05,0.021262790467253986,0.02500960155478101,0.0029097189659716785
4114,40,random_09,null,0.28335931505524375,0.2832636845359747,9.563051926902988e-05,0.03286589543093375,0.43601875035000015,0.4359602020289375,5.854832106266805e-05,0.02012164121256167,0.03292104883982115,0.0029097189659716785
4114,40,random_10,visible,0.28335931505524375,0.2832815373176482,7.77777375955413e-05,0.026730326366611153,0.43601875035000015,0.4359611393329491,5.7611017051040214e-05,0.019799512504397983,0.026790225022533545,0.0029097189659716785
4114,40,random_10,null,0.28335931505524375,0.2832678454661494,9.146958909433955e-05,0.03143588441497269,0.43601875035000015,0.43595737406075363,6.13762892465175e-05,0.021093545446929908,0.03148903729688813,0.0029097189659716785
4114,40,random_11,visible,0.28335931505524375,0.2832674840944706,9.183096077314268e-05,0.031560079116601705,0.43601875035000015,0.4359501634080939,6.85869419062568e-05,0.023571672284629974,0.0316164359593306,0.0029097189659716785
4114,40,random_11,null,0.28335931505524375,0.2832820275227016,7.728753254215848e-05,0.02656185475161478,0.43601875035000015,0.43596970530572576,4.904504427438727e-05,0.016855594938189864,0.026639756077568376,0.0029097189659716785
4114,40,random_12,visible,0.28335931505524375,0.2832840728982406,7.524215700316361e-05,0.025858908672314704,0.43601875035000015,0.4359467316724978,7.201867750233903e-05,0.02475107676877961,0.025924351206255577,0.0029097189659716785
4114,40,random_12,null,0.28335931505524375,0.28326580127147183,9.351378377192576e-05,0.03213842466078079,0.43601875035000015,0.4359688320100657,4.9918339934451605e-05,0.017155725524778218,0.03220564610712706,0.0029097189659716785
4114,40,random_13,visible,0.28335931505524375,0.283283938378555,7.537667668877646e-05,0.02590513983318832,0.43601875035000015,0.43594385970683847,7.48906431616847e-05,0.025738101870836704,0.02599989464455259,0.0029097189659716785
4114,40,random_13,null,0.28335931505524375,0.28326596332584786,9.335172939589631e-05,0.03208273049308809,0.43601875035000015,0.43597123841829905,4.751193170110524e-05,0.016328701244602496,0.03214469015428457,0.0029097189659716785
4114,40,random_14,visible,0.28335931505524375,0.28328435965062554,7.495540461821548e-05,0.02576035881636586,0.43601875035000015,0.4359548048877247,6.394546227544984e-05,0.021976508048809358,0.025814847709182975,0.0029097189659716785
4114,40,random_14,null,0.28335931505524375,0.2832655277225903,9.378733265347217e-05,0.032232436792105315,0.43601875035000015,0.43596224451332605,5.650583667410336e-05,0.019419688751705154,0.03229348640816728,0.0029097189659716785
4114,40,random_15,visible,0.28335931505524375,0.28326903379467044,9.028126057331054e-05,0.031027484657152035,0.43601875035000015,0.4359536483426026,6.510200739756611e-05,0.02237398462150993,0.03108308722033899,0.0029097189659716785
4114,40,random_15,null,0.28335931505524375,0.28328017843432063,7.91366209231259e-05,0.027197341684405192,0.43601875035000015,0.43596556852102597,5.3181828974180334e-05,0.018277307738694504,0.02726017819999703,0.0029097189659716785
4114,50,dstm,visible,0.2101280055703048,0.21008099205105177,4.701351925304187e-05,0.014881120926259065,0.38640448045054937,0.3863910133055048,1.346714504457669e-05,0.004262735849685398,0.014962282398122577,0.0031592727111089004
4114,50,dstm,null,0.2101280055703048,0.21003755620244122,9.044936786359314e-05,0.02862980696333921,0.38640448045054937,0.38636185609809304,4.2624352456333003e-05,0.013491824338701015,0.028675271250226838,0.0031592727111089004
4114,50,random_00,visible,0.2101280055703048,0.21005251170129868,7.549386900612687e-05,0.023895964644226178,0.38640448045054937,0.386354812443289,4.966800726036169e-05,0.01572134215755255,0.023969772555676967,0.0031592727111089004
4114,50,random_00,null,0.2101280055703048,0.21005958000020494,6.842557009986705e-05,0.021658646263509735,0.38640448045054937,0.3863936089622971,1.0871488252295336e-05,0.00344113637739094,0.021716147896539337,0.0031592727111089004
4114,50,random_01,visible,0.2101280055703048,0.2100639757042683,6.40298660365135e-05,0.020267280444440997,0.38640448045054937,0.38635407108857006,5.04093619793089e-05,0.01595600208935913,0.020326303105557074,0.0031592727111089004
4114,50,random_01,null,0.2101280055703048,0.210048706099128,7.929947117679692e-05,0.02510054636877578,0.38640448045054937,0.38638858507635376,1.5895374195606937e-05,0.005031339694010677,0.025159143027859186,0.0031592727111089004
4114,50,random_02,visible,0.2101280055703048,0.21005226638184119,7.573918846362493e-05,0.02397361525559488,0.38640448045054937,0.386362616305238,4.186414531137661e-05,0.013251197075887238,0.02403886257503383,0.0031592727111089004
4114,50,random_02,null,0.2101280055703048,0.21005983936871844,6.81662015863671e-05,0.0215765487248617,0.38640448045054937,0.3863851466061041,1.9333844445246218e-05,0.0061197136851348505,0.021639643294978143,0.0031592727111089004
4114,50,random_03,visible,0.2101280055703048,0.2100702980604893,5.7707509815513314e-05,0.018266074217840492,0.38640448045054937,0.3863563576813531,4.812276919624603e-05,0.01523223019875198,0.018351252134720424,0.0031592727111089004
4114,50,random_03,null,0.2101280055703048,0.21004407186394408,8.393370636072817e-05,0.02656741409679304,0.38640448045054937,0.38638417936916125,2.0301081388118813e-05,0.006425871789014745,0.026634050028547556,0.0031592727111089004
4114,50,random_04,visible,0.2101280055703048,0.21005070500961123,7.730056069357727e-05,0.024467834138460584,0.38640448045054937,0.386370103099406,3.4377351143366486e-05,0.010881412998151744,0.024522828734256343,0.0031592727111089004
4114,50,random_04,null,0.2101280055703048,0.21006155986151315,6.644570879166256e-05,0.021031963640878667,0.38640448045054937,0.38637684994297145,2.7630507577924845e-05,0.008745844409306019,0.02108961703553638,0.0031592727111089004
4114,50,random_05,visible,0.2101280055703048,0.2100530198575594,7.498571274541788e-05,0.023735118681507555,0.38640448045054937,0.38637869010453074,2.5790346018628174e-05,0.00816338074517657,0.02380532669968962,0.0031592727111089004
4114,50,random_05,null,0.2101280055703048,0.21005910879360226,6.889677670254835e-05,0.021807796604670342,0.38640448045054937,0.3863676171375107,3.686331303864865e-05,0.011668290904114345,0.021896289561391422,0.0031592727111089004
4114,50,random_06,visible,0.2101280055703048,0.21004749767699882,8.050789330599217e-05,0.0254830464691774,0.38640448045054937,0.3863503325091397,5.4147941409676825e-05,0.017139369203322423,0.025545754002504747,0.0031592727111089004
4114,50,random_06,null,0.2101280055703048,0.2100656192569135,6.238631339131051e-05,0.019747049114165582,0.38640448045054937,0.3864024226478487,2.057802700683453e-06,0.000651353298323261,0.01983823400100845,0.0031592727111089004
4114,50,random_07,visible,0.2101280055703048,0.21006171464614026,6.629092416454707e-05,0.020982969887800237,0.38640448045054937,0.38638543748380605,1.9042966743321177e-05,0.0060276425888656894,0.021042130064330075,0.0031592727111089004
4114,50,random_07,null,0.2101280055703048,0.21005063691473866,7.736865556615125e-05,0.024489388109516813,0.38640448045054937,0.3863628526722672,4.1627778282149475e-05,0.01317638016362892,0.02456358764901966,0.0031592727111089004
4114,50,random_08,visible,0.2101280055703048,0.2100603790202008,6.76265501040052e-05,0.021405733625404048,0.38640448045054937,0.3863768685932444,2.761185730498772e-05,0.008739941065516942,0.021482621763176325,0.0031592727111089004
4114,50,random_08,null,0.2101280055703048,0.2100518241367825,7.618143352230988e-05,0.024113598441323006,0.38640448045054937,0.3863701673927794,3.431305776996352e-05,0.010861062310103543,0.024179289443975755,0.0031592727111089004
4114,50,random_09,visible,0.2101280055703048,0.21006242485778473,6.558071252008024e-05,0.02075816762809992,0.38640448045054937,0.38634510861580745,5.9371834741916985e-05,0.01879288056809681,0.02084588119322065,0.0031592727111089004
4114,50,random_09,null,0.2101280055703048,0.21005003037444864,7.797519585617252e-05,0.024681375426055998,0.38640448045054937,0.3863969252088157,7.555241733681051e-06,0.0023914496862251474,0.02473035206205897,0.0031592727111089004
4114,50,random_10,visible,0.2101280055703048,0.21006588265847134,6.212291183346763e-05,0.019663675001852746,0.38640448045054937,0.38638672080639713,1.775964415223763e-05,0.005621434354112475,0.019720034840988384,0.0031592727111089004
4114,50,random_10,null,0.2101280055703048,0.21004719514658507,8.081042371974045e-05,0.025578805981385542,0.38640448045054937,0.38636254729134706,4.1933159202312e-05,0.013273041942489832,0.025637107904470404,0.0031592727111089004
4114,50,random_11,visible,0.2101280055703048,0.21005089033107166,7.711523923314978e-05,0.02440917460591189,0.38640448045054937,0.3863473621663397,5.711828420967846e-05,0.01807956749312408,0.024471251962523748,0.0031592727111089004
4114,50,random_11,null,0.2101280055703048,0.21006140306738938,6.660250291543046e-05,0.02108159345701216,0.38640448045054937,0.3864032273362064,1.2531143429583835e-06,0.0003966464618746199,0.021149442149189946,0.0031592727111089004
4114,50,random_12,visible,0.2101280055703048,0.21006511673213238,6.28888381724313e-05,0.01990611255283416,0.38640448045054937,0.38636741756827503,3.706288227434129e-05,0.011731460264261983,0.019976974308896802,0.0031592727111089004
4114,50,random_12,null,0.2101280055703048,0.21004782613220915,8.017943809565664e-05,0.02537908101878099,0.38640448045054937,0.386377563425239,2.6917025310380094e-05,0.008520006904035916,0.025437405003202115,0.0031592727111089004
4114,50,random_13,visible,0.2101280055703048,0.21006068411873513,6.732145156967961e-05,0.02130916122972172,0.38640448045054937,0.38636434363927574,4.013681127362778e-05,0.01270444654318551,0.021407073710596372,0.0031592727111089004
4114,50,random_13,null,0.2101280055703048,0.2100516163982444,7.638917206040374e-05,0.024179353618887574,0.38640448045054937,0.38638121973106937,2.3260719480000525e-05,0.007362681733111937,0.024246201166045547,0.0031592727111089004
4114,50,random_14,visible,0.2101280055703048,0.21006543020448126,6.257536582354728e-05,0.019806889605798992,0.38640448045054937,0.38635941735081936,4.506309973001388e-05,0.014263757469103322,0.019856550441410305,0.0031592727111089004
4114,50,random_14,null,0.2101280055703048,0.2100475455183034,8.04600520014076e-05,0.02546790333056314,0.38640448045054937,0.38638373403519893,2.0746415350436642e-05,0.006566832700920801,0.02553151935163638,0.0031592727111089004
4114,50,random_15,visible,0.2101280055703048,0.21005406140412194,7.394416618286548e-05,0.02340543946170167,0.38640448045054937,0.3863847839503853,1.9696500164090303e-05,0.006234504572787215,0.02346418238070061,0.0031592727111089004
4114,50,random_15,null,0.2101280055703048,0.21005787043266816,7.013513763665102e-05,0.022199773191480417,0.38640448045054937,0.38636124931605564,4.32311344937264e-05,0.013683888175184575,0.02226147391886876,0.0031592727111089004
4114,60,dstm,visible,0.16232903530290593,0.16229390668604682,3.5128616859114725e-05,0.0104810267024796,0.35656698293392025,0.3565869399085895,-1.995697466922186e-05,-0.005954392831568336,0.010556311486904339,0.0033516389048798053
4114,60,dstm,null,0.16232903530290593,0.16224845533012422,8.057997278171358e-05,0.024041961281805593,0.35656698293392025,0.35653619142060106,3.079151331919494e-05,0.009187001999041173,0.02409011589364518,0.0033516389048798053
4114,60,random_00,visible,0.16232903530290593,0.16226862669851327,6.040860439265883e-05,0.01802360161910854,0.35656698293392025,0.3565469694391793,2.0013494740955817e-05,0.0059712562447634945,0.018091712036293877,0.0033516389048798053
4114,60,random_00,null,0.16232903530290593,0.16226526594937662,6.376935352930824e-05,0.019026319761494444,0.35656698293392025,0.35655805479043107,8.928143489184137e-06,0.0026638142540311373,0.019090818515025067,0.0033516389048798053
4114,60,random_01,visible,0.16232903530290593,0.16227657429820896,5.246100469696868e-05,0.015652343878867228,0.35656698293392025,0.35655635785932965,1.0625074590597805e-05,0.0031701131572163905,0.015733366017235646,0.0033516389048798053
4114,60,random_01,null,0.16232903530290593,0.162258583719405,7.045158350094116e-05,0.02102003989700903,0.35656698293392025,0.35654972325978607,1.725967413418461e-05,0.0051496222069314975,0.021076778447986288,0.0033516389048798053
4114,60,random_02,visible,0.16232903530290593,0.16226465723273367,6.437807017226072e-05,0.019207937370141433,0.35656698293392025,0.35655369846155943,1.3284472360819422e-05,0.003963575056214423,0.019274386701299162,0.0033516389048798053
4114,60,random_02,null,0.16232903530290593,0.1622692840725904,5.975123031554119e-05,0.017827466505579294,0.35656698293392025,0.35655169144735405,1.5291486566204604e-05,0.004562390818396643,0.0178960166871454,0.0033516389048798053
4114,60,random_03,visible,0.16232903530290593,0.16227976254532073,4.9272757585205884e-05,0.014701093698807293,0.35656698293392025,0.35653145434720085,3.552858671940218e-05,0.010600362308622947,0.014787382955078551,0.0033516389048798053
4114,60,random_03,null,0.16232903530290593,0.16225634988033827,7.26854225676643e-05,0.021686531464304895,0.35656698293392025,0.35656673680430845,2.4612961180281445e-07,7.343559935542669e-05,0.021750924148588653,0.0033516389048798053
4114,60,random_04,visible,0.16232903530290593,0.16226152686991288,6.750843299305198e-05,0.020141917106512683,0.35656698293392025,0.3565766756587746,-9.6927248543488e-06,-0.00289193589447739,0.02019222629886509,0.0033516389048798053
4114,60,random_04,null,0.16232903530290593,0.16227274841326594,5.628688963998929e-05,0.01679384063660277,0.35656698293392025,0.35652379892798447,4.318400593578131e-05,0.012884444643755546,0.016853586949763123,0.0033516389048798053
4114,60,random_05,visible,0.16232903530290593,0.16226211875782534,6.691654508059197e-05,0.0199653205430827,0.35656698293392025,0.3565590077998455,7.975134074744705e-06,0.002379472938786258,0.020041439396237336,0.0033516389048798053
4114,60,random_05,null,0.16232903530290593,0.16227218610410538,5.6849198800557055e-05,0.01696161203934818,0.35656698293392025,0.3565453269462176,2.1655987702651203e-05,0.006461312903105777,0.017032618791740478,0.0033516389048798053
4114,60,random_06,visible,0.16232903530290593,0.162257589847813,7.144545509293887e-05,0.02131657291270791,0.35656698293392025,0.3565378198808656,2.9163053054670485e-05,0.008701132157229305,0.021392668568859397,0.0033516389048798053
4114,60,random_06,null,0.16232903530290593,0.16227807562073898,5.0959682166951126e-05,0.01520440704180769,0.35656698293392025,0.356573105322041,-6.122388120755051e-06,-0.001826684882981035,0.015301082559111312,0.0033516389048798053
4114,60,random_07,visible,0.16232903530290593,0.16226828102033766,6.0754282568270535e-05,0.018126738676954603,0.35656698293392025,0.35656988288837665,-2.899954456403453e-06,-0.0008652347519242827,0.01818527035771594,0.0033516389048798053
4114,60,random_07,null,0.16232903530290593,0.16226556095115133,6.347435175460547e-05,0.018938302590470066,0.35656698293392025,0.35653628331578374,3.0699618136509343e-05,0.009159584014797165,0.019001719343116893,0.0033516389048798053
4114,60,random_08,visible,0.16232903530290593,0.16226530381851362,6.373148439231535e-05,0.019015021069103164,0.35656698293392025,0.3565649304078102,2.0525261100745595e-06,0.0006123947621822244,0.019090925060269614,0.0033516389048798053
4114,60,random_08,null,0.16232903530290593,0.16226855158849496,6.048371441097489e-05,0.018046011556589185,0.35656698293392025,0.3565397830346382,2.7199899282071005e-05,0.008115402659418179,0.018091599606474117,0.0033516389048798053
4114,60,random_09,visible,0.16232903530290593,0.16227376525476897,5.527004813696279e-05,0.01649045428387067,0.35656698293392025,0.3565330501781774,3.393275574287147e-05,0.010124227790012584,0.016564308300666908,0.0033516389048798053
4114,60,random_09,null,0.16232903530290593,0.16226077975685813,6.825554604780737e-05,0.020364826875720703,0.35656698293392025,0.35656843974188607,-1.4568079658161537e-06,-0.0004346554050602289,0.020430200353845338,0.0033516389048798053
4114,60,random_10,visible,0.16232903530290593,0.16227235266716547,5.668263574046262e-05,0.01691191603544635,0.35656698293392025,0.35655625904782373,1.0723886096519752e-05,0.003199594706012737,0.016977273235183457,0.0033516389048798053
4114,60,random_10,null,0.16232903530290593,0.16226189749875364,6.71378041522952e-05,0.020031335730870705,0.35656698293392025,0.3565495719600837,1.7410973836562427e-05,0.005194764212580594,0.020088344617606703,0.0033516389048798053
4114,60,random_11,visible,0.16232903530290593,0.16226570569741783,6.332960548810496e-05,0.018895115877757735,0.35656698293392025,0.35652151351496325,4.546941895700041e-05,0.013566323893304671,0.018955922227265845,0.0033516389048798053
4114,60,random_11,null,0.16232903530290593,0.16226821939881683,6.081590408910098e-05,0.01814512416613744,0.35656698293392025,0.356585130290846,-1.8147356925735103e-05,-0.005414472573198005,0.01823300327679599,0.0033516389048798053
4114,60,random_12,visible,0.16232903530290593,0.16227291334047003,5.612196243590106e-05,0.016744632709147313,0.35656698293392025,0.356563198399154,3.784534766237968e-06,0.0011291594571025804,0.01681414322953169,0.0033516389048798053
4114,60,random_12,null,0.16232903530290593,0.16226143605391213,6.759924899379932e-05,0.020169013104418397,0.35656698293392025,0.35654382321481065,2.315971910960002e-05,0.006909968456291851,0.020225083026642894,0.0033516389048798053
4114,60,random_13,visible,0.16232903530290593,0.16227195836625735,5.707693664858127e-05,0.017029560244535988,0.35656698293392025,0.35655546478827504,1.1518145645206257e-05,0.003436571173713391,0.0171100109476139,0.0033516389048798053
4114,60,random_13,null,0.16232903530290593,0.16226233656378497,6.66987391209628e-05,0.01990033563098132,0.35656698293392025,0.35655025217976555,1.6730754154703487e-05,0.004991812850228111,0.01997540791449169,0.0033516389048798053
4114,60,random_14,visible,0.16232903530290593,0.16227169323684953,5.7342066056398355e-05,0.0171086646514669,0.35656698293392025,0.3565424811515833,2.450178233692757e-05,0.007310388449440152,0.017160109532396724,0.0033516389048798053
4114,60,random_14,null,0.16232903530290593,0.16226241390091753,6.662140198840372e-05,0.019877261208361842,0.35656698293392025,0.35656141433634364,5.5685975766106566e-06,0.0016614551073813708,0.019932386631157643,0.0033516389048798053
4114,60,random_15,visible,0.16232903530290593,0.16226704493450447,6.199036840146e-05,0.018495539096173328,0.35656698293392025,0.3565588994390407,8.083494879573827e-06,0.0024118036306968195,0.01855578081152117,0.0033516389048798053
4114,60,random_15,null,0.16232903530290593,0.16226677292614403,6.226237676190682e-05,0.018576695917706457,0.35656698293392025,0.3565464961658051,2.0486768115168807e-05,0.006112462797033767,0.018640074958341437,0.0033516389048798053
4114,70,dstm,visible,0.13366252742850152,0.13362833486201167,3.419256648984348e-05,0.009740325726976744,0.3380773292540858,0.338107179597584,-2.9850343498227794e-05,-0.008503370720102155,0.009819980198497098,0.0035104130445190317
4114,70,dstm,null,0.13366252742850152,0.13359700700232804,6.552042617347098e-05,0.01866459169976337,0.3380773292540858,0.33804639762455685,3.0931629528940796e-05,0.008811393171306654,0.018704557499551588,0.0035104130445190317
4114,70,random_00,visible,0.13366252742850152,0.1336119767750819,5.055065341960652e-05,0.014400200995872426,0.3380773292540858,0.33806293060171955,1.4398652366243159e-05,0.004101697487913689,0.014450168646268712,0.0035104130445190317
4114,70,random_00,null,0.13366252742850152,0.1336086923982032,5.3835030298321485e-05,0.015335810805049446,0.3380773292540858,0.33807228844318554,5.04081090024755e-06,0.0014359594829212472,0.015410551854080351,0.0035104130445190317
4114,70,random_01,visible,0.13366252742850152,0.1336182650489537,4.426237954782697e-05,0.012608880774567496,0.3380773292540858,0.3380643860381058,1.2943215979999145e-05,0.003687092036137451,0.012676617154232676,0.0035104130445190317
4114,70,random_01,null,0.13366252742850152,0.13360341156148992,5.9115867011599876e-05,0.016840145664311548,0.3380773292540858,0.33807016005333157,7.1692007542201175e-06,0.002042267010548436,0.016899581648014857,0.0035104130445190317
4114,70,random_02,visible,0.13366252742850152,0.13360875154269522,5.377588580629533e-05,0.015318962505069903,0.3380773292540858,0.3380682855389603,9.043715125500729e-06,0.002576253851272885,0.015377183394668686,0.0035104130445190317
4114,70,random_02,null,0.13366252742850152,0.13361188757349374,5.063985500777801e-05,0.01442561156352935,0.3380773292540858,0.33806734110089065,9.98815319513957e-06,0.002845292866813645,0.014485672687163418,0.0035104130445190317
4114,70,random_03,visible,0.13366252742850152,0.13362075904814774,4.176838035377384e-05,0.011898423297790759,0.3380773292540858,0.33804308587630455,3.424337778124009e-05,0.009754800175069382,0.011971550870873647,0.0035104130445190317
4114,70,random_03,null,0.13366252742850152,0.13360160418383077,6.092324467074639e-05,0.01735500748718691,0.3380773292540858,0.33808445035391493,-7.121099829143773e-06,-0.0020285646557353905,0.017406161325777464,0.0035104130445190317
4114,70,random_04,visible,0.13366252742850152,0.1336078393385723,5.468808992922791e-05,0.015578819140560946,0.3380773292540858,0.3380922894601562,-1.496020607039128e-05,-0.004261665473739432,0.015619453891674146,0.0035104130445190317
4114,70,random_04,null,0.13366252742850152,0.13361282770727698,4.9699721224538695e-05,0.014157798696121285,0.3380773292540858,0.33804073225053827,3.659700354752271e-05,0.010425269927897312,0.014224104276852447,0.0035104130445190317
4114,70,random_05,visible,0.13366252742850152,0.1336045102560421,5.801717245940141e-05,0.016527164103946765,0.3380773292540858,0.3380620828837822,1.5246370303589885e-05,0.004343184152473094,0.016589373654922378,0.0035104130445190317
4114,70,random_05,null,0.13366252742850152,0.13361687355830154,4.5653870199974245e-05,0.01300527021207824,0.3380773292540858,0.3380749804290956,2.3488249901726377e-06,0.0006691021712786664,0.013079952755659098,0.0035104130445190317
4114,70,random_06,visible,0.13366252742850152,0.13360800357267621,5.452385582530028e-05,0.015532034303037607,0.3380773292540858,0.3380848997483328,-7.570494246988968e-06,-0.0021565821887567123,0.015588223759329205,0.0035104130445190317
4114,70,random_06,null,0.13366252742850152,0.13361282525498885,4.970217351266126e-05,0.014158497271500155,0.3380773292540858,0.3380490951853387,2.8234068747079455e-05,0.00804294776398538,0.014258322565505077,0.0035104130445190317
4114,70,random_07,visible,0.13366252742850152,0.13361292735209518,4.960007640633646e-05,0.014129413199332575,0.3380773292540858,0.33808874420007656,-1.1414945990773084e-05,-0.003251738711658379,0.014180430857206638,0.0035104130445190317
4114,70,random_07,null,0.13366252742850152,0.1336078140454786,5.471338302290296e-05,0.015586024302276756,0.3380773292540858,0.338048799838756,2.8529415329769936e-05,0.008127082188893475,0.015659114376518502,0.0035104130445190317
4114,70,random_08,visible,0.13366252742850152,0.13361330623341489,4.922119508662948e-05,0.014021482504311218,0.3380773292540858,0.3380807782340972,-3.4489800114223534e-06,-0.000982499770734217,0.014091464316647413,0.0035104130445190317
4114,70,random_08,null,0.13366252742850152,0.13360748784911713,5.503957938438053e-05,0.015678946803800293,0.3380773292540858,0.3380561012352861,2.122801879966829e-05,0.006047156995616959,0.01573922220967603,0.0035104130445190317
4114,70,random_09,visible,0.13366252742850152,0.13361418510584044,4.83423226610713e-05,0.013771120961549064,0.3380773292540858,0.3380501455666451,2.7183687440701654e-05,0.007743729041556745,0.01384079844777272,0.0035104130445190317
4114,70,random_09,null,0.13366252742850152,0.13360668220396318,5.5845224538331184e-05,0.01590844833075267,0.3380773292540858,0.3380829647875173,-5.635533431525008e-06,-0.0016053761651564121,0.015960099645084894,0.0035104130445190317
4114,70,random_10,visible,0.13366252742850152,0.13361450677125858,4.802065724293647e-05,0.013679489175187893,0.3380773292540858,0.3380542167708905,2.3112483195308897e-05,0.006583978267570386,0.013734589977812309,0.0035104130445190317
4114,70,random_10,null,0.13366252742850152,0.133606390753346,5.6136675155527005e-05,0.01599147292458241,0.3380773292540858,0.3380792771529231,-1.947898837284523e-06,-0.000554891635993054,0.016051589344805838,0.0035104130445190317
4114,70,random_11,visible,0.13366252742850152,0.13360833409573805,5.419333276346361e-05,0.015437879268389267,0.3380773292540858,0.33803951474953486,3.781450455092594e-05,0.010772095497413746,0.01550078275350771,0.0035104130445190317
4114,70,random_11,null,0.13366252742850152,0.13361238473974865,5.014268875286332e-05,0.01428398542193016,0.3380773292540858,0.3380983241466918,-2.0994892605985527e-05,-0.005980747091504178,0.01435333467809709,0.0035104130445190317
4114,70,random_12,visible,0.13366252742850152,0.1336149377127004,4.7589715801127364e-05,0.013556728281713561,0.3380773292540858,0.33807311511331917,4.214140766622965e-06,0.0012004686380717208,0.013615034856337442,0.0035104130445190317
4114,70,random_12,null,0.13366252742850152,0.13360602041990244,5.650700859907709e-05,0.01609696861379434,0.3380773292540858,0.3380631784149214,1.415083916439519e-05,0.004031103743330017,0.01615312069581674,0.0035104130445190317
4114,70,random_13,visible,0.13366252742850152,0.1336165215821486,4.6005846352920043e-05,0.01310553651934238,0.3380773292540858,0.338071435015203,5.894238882808711e-06,0.0016790727495761947,0.01318114118760312,0.0035104130445190317
4114,70,random_13,null,0.13366252742850152,0.1336048240742358,5.770335426572015e-05,0.01643776773101246,0.3380773292540858,0.33806477289045533,1.255636363045598e-05,0.0035768906596506654,0.016509088386261042,0.0035104130445190317
4114,70,random_14,visible,0.13366252742850152,0.13361341095932494,4.911646917657442e-05,0.013991649573335025,0.3380773292540858,0.33806008487265543,1.7244381430359113e-05,0.004912351114146968,0.014036726827889447,0.0035104130445190317
4114,70,random_14,null,0.13366252742850152,0.13360730426407108,5.5223164430434624e-05,0.01573124408156387,0.3380773292540858,0.33807460536247785,2.7238916079364017e-06,0.0007759461845065036,0.015788058218543382,0.0035104130445190317
4114,70,random_15,visible,0.13366252742850152,0.1336090349424318,5.349248606972834e-05,0.015238231339542394,0.3380773292540858,0.33808926263084826,-1.193337676247408e-05,-0.0033994224073164853,0.015294378564826181,0.0035104130445190317
4114,70,random_15,null,0.13366252742850152,0.13361154758434335,5.097984415816659e-05,0.014522463172179624,0.3380773292540858,0.33804519416658546,3.213508750032901e-05,0.009154218347753405,0.014573073343282538,0.0035104130445190317
4114,80,dstm,visible,0.11364810486638993,0.11361576818142607,3.233668496385733e-05,0.008876408584967589,0.3237168632317427,0.32376053224725004,-4.366901550734159e-05,-0.011987129310864627,0.008947959307005307,0.0036429919436809484
4114,80,dstm,null,0.11364810486638993,0.11359008300952547,5.802185686445971e-05,0.015926979186737734,0.3237168632317427,0.32369176643836034,2.5096793382362037e-05,0.0068890609066249425,0.015963392013597616,0.0036429919436809484
4114,80,random_00,visible,0.11364810486638993,0.11360256230204603,4.554256434390058e-05,0.012501417803818558,0.3237168632317427,0.32371397041702277,2.8928147199347443e-06,0.0007940766174222689,0.012550380273177732,0.0036429919436809484
4114,80,random_00,null,0.11364810486638993,0.1135998421338061,4.826273258383418e-05,0.013248103023546244,0.3237168632317427,0.32371885467566336,-1.9914439206569767e-06,-0.0005466506518388794,0.013318551548056803,0.0036429919436809484
4114,80,random_01,visible,0.11364810486638993,0.1136102929391827,3.781192720722637e-05,0.010379360644157912,0.3237168632317427,0.3237218623320493,-4.999100306601889e-06,-0.0013722512659609955,0.010441843963767116,0.0036429919436809484
4114,80,random_01,null,0.11364810486638993,0.11359357349552468,5.453137086525173e-05,0.014968842014553618,0.3237168632317427,0.32371280743604625,4.055795696455977e-06,0.0011133144841264525,0.01502876425312325,0.0036429919436809484
4114,80,random_02,visible,0.11364810486638993,0.11360206091623133,4.604395015860019e-05,0.012639048032611486,0.3237168632317427,0.3237190636501495,-2.2004184068169508e-06,-0.0006040140743747037,0.012693973594626134,0.0036429919436809484
4114,80,random_02,null,0.11364810486638993,0.11360029933880317,4.780552758676393e-05,0.013122600413565645,0.3237168632317427,0.3237141674369073,2.6957948354167094e-06,0.0007399947288087678,0.0131817637180519,0.0036429919436809484
4114,80,random_03,visible,0.11364810486638993,0.11360967773567397,3.842713071595949e-05,0.01054823378970528,0.3237168632317427,0.32370429773507364,1.256549666905915e-05,0.00344922439119169,0.010617291517699386,0.0036429919436809484
4114,80,random_03,null,0.11364810486638993,0.1135939788917826,5.412597460732749e-05,0.014857560885143646,0.3237168632317427,0.32372514868688623,-8.28545514353074e-06,-0.0022743545063014766,0.01490533398377251,0.0036429919436809484
4114,80,random_04,visible,0.11364810486638993,0.11359995074633233,4.815412005759745e-05,0.013218288923510934,0.3237168632317427,0.3237465158954927,-2.9652663749990538e-05,-0.008139645711109896,0.013261948212821029,0.0036429919436809484
4114,80,random_04,null,0.11364810486638993,0.11360236805733025,4.573680905968491e-05,0.012554737909596245,0.3237168632317427,0.3236848236872547,3.2039544487993954e-05,0.008794843629442833,0.012610178029673813,0.0036429919436809484
4114,80,random_05,visible,0.11364810486638993,0.11359717134554796,5.093352084196978e-05,0.01398123345573627,0.3237168632317427,0.32371081520600486,6.048025737837026e-06,0.0016601809258260357,0.014041982574665816,0.0036429919436809484
4114,80,random_05,null,0.11364810486638993,0.11360561675509506,4.24881112948694e-05,0.011662971522231422,0.3237168632317427,0.32372347568766324,-6.612455920540494e-06,-0.0018151168113369866,0.011735356224350266,0.0036429919436809484
4114,80,random_06,visible,0.11364810486638993,0.11359976106682429,4.8343799565642165e-05,0.013270355881378829,0.3237168632317427,0.32370875634619295,8.106885549752363e-06,0.002225337215970072,0.013325128153101527,0.0036429919436809484
4114,80,random_06,null,0.11364810486638993,0.11360272059387126,4.538427251866983e-05,0.012457966753781151,0.3237168632317427,0.32372476225866303,-7.89902692033273e-06,-0.0021682800957147884,0.012543397468111908,0.0036429919436809484
4114,80,random_07,visible,0.11364810486638993,0.1136025682129,4.5536653489927637e-05,0.012499795276493676,0.3237168632317427,0.3237320160397824,-1.5152808039708976e-05,-0.004159440447292971,0.012552797121576462,0.0036429919436809484
4114,80,random_07,null,0.11364810486638993,0.11359982439700256,4.828046938737396e-05,0.013252971769844336,0.3237168632317427,0.3237019524387676,1.491079297510911e-05,0.004093007397661978,0.013316273681633186,0.0036429919436809484
4114,80,random_08,visible,0.11364810486638993,0.11360472278321314,4.3382083176793373e-05,0.011908366487618222,0.3237168632317427,0.32374152787649213,-2.466464474942809e-05,-0.006770436259737226,0.011976643239032046,0.0036429919436809484
4114,80,random_08,null,0.11364810486638993,0.11359790763189626,5.01972344936763e-05,0.013779123113557057,0.3237168632317427,0.3236948578667287,2.2005365014010625e-05,0.006040464912962718,0.013836758184797586,0.0036429919436809484
4114,80,random_09,visible,0.11364810486638993,0.11360410790972127,4.399695666866543e-05,0.012077149043653956,0.3237168632317427,0.3237160311608996,8.320708431153179e-07,0.0002284031521284611,0.012133226124243607,0.0036429919436809484
4114,80,random_09,null,0.11364810486638993,0.11359838376741946,4.9721098970473276e-05,0.013648424080848813,0.3237168632317427,0.32371686352078705,-2.8904434401511025e-10,-7.934257019603901e-08,0.013699660001532428,0.0036429919436809484
4114,80,random_10,visible,0.11364810486638993,0.11360431833007312,4.3786536316814395e-05,0.012019388731497343,0.3237168632317427,0.32370424316945023,1.2620062292467704e-05,0.0034642026355172647,0.01207467592101917,0.0036429919436809484
4114,80,random_10,null,0.11364810486638993,0.11359820069709005,4.990416929988306e-05,0.013698676821519111,0.3237168632317427,0.3237272660458314,-1.0402814088705803e-05,-0.0028555687878339367,0.013751293093450332,0.0036429919436809484
4114,80,random_11,visible,0.11364810486638993,0.11360332563335722,4.477923303271292e-05,0.012291883628890797,0.3237168632317427,0.3236892640265258,2.75992052168883e-05,0.007575972070089603,0.012343398364164244,0.0036429919436809484
4114,80,random_11,null,0.11364810486638993,0.11359916165809134,4.894320829859633e-05,0.013434893366561547,0.3237168632317427,0.32374141574771925,-2.4552515976550282e-05,-0.006739656951242652,0.013510602398233854,0.0036429919436809484
4114,80,random_12,visible,0.11364810486638993,0.11360425258998667,4.3852276403258394e-05,0.012037434361973697,0.3237168632317427,0.32371428075165476,2.5824800879425958e-06,0.0007088898707069905,0.01209769656641835,0.0036429919436809484
4114,80,random_12,null,0.11364810486638993,0.11359826837686034,4.983648952959496e-05,0.013680098748513626,0.3237168632317427,0.32371844256044263,-1.5793286999299383e-06,-0.0004335251695160639,0.013731045048592792,0.0036429919436809484
4114,80,random_13,visible,0.11364810486638993,0.11360564740248731,4.2457463902620396e-05,0.011654558823899173,0.3237168632317427,0.32374005590374416,-2.319267200145969e-05,-0.0063663802610623875,0.011723386471296443,0.0036429919436809484
4114,80,random_13,null,0.11364810486638993,0.11359719093905521,5.091392733472255e-05,0.013975855044927207,0.3237168632317427,0.3236969450912316,1.9918140511110405e-05,0.005467522525176034,0.014051977440354736,0.0036429919436809484
4114,80,random_14,visible,0.11364810486638993,0.11360481849866624,4.3286367723688324e-05,0.011882092629595813,0.3237168632317427,0.323695604016838,2.125921490470084e-05,0.0058356469718733785,0.011925424742599755,0.0036429919436809484
4114,80,random_14,null,0.11364810486638993,0.11359772237009255,5.0382496297379786e-05,0.013829977413145842,0.3237168632317427,0.32373447328926075,-1.7610057518047117e-05,-0.0048339545599580935,0.01388092594347382,0.0036429919436809484
4114,80,random_15,visible,0.11364810486638993,0.11359974951646803,4.835534992189694e-05,0.013273526450085359,0.3237168632317427,0.3237342015360044,-1.7338304261704796e-05,-0.00475935838721231,0.013328355154858026,0.0036429919436809484
4114,80,random_15,null,0.11364810486638993,0.113602611040445,4.549382594493112e-05,0.012488039130540403,0.3237168632317427,0.32369772253624945,1.914069549324715e-05,0.0052541141427578965,0.01253996846908255,0.0036429919436809484
4114,90,dstm,visible,0.0985690213850444,0.09853942141214045,2.9599972903956995e-05,0.007878955575329291,0.3120676849801556,0.3121131071709579,-4.542219080233556e-05,-0.01209053213078754,0.007950790055681254,0.0037568396751265984
4114,90,dstm,null,0.0985690213850444,0.0985169327827882,5.208860225620893e-05,0.013865005366366517,0.3120676849801556,0.31205637090900556,1.1314071150014815e-05,0.0030115927557205517,0.013900731318205243,0.0037568396751265984
4114,90,random_00,visible,0.0985690213850444,0.09852761032187052,4.1411063173887874e-05,0.011022845464517301,0.3120676849801556,0.31207424966973984,-6.56468958426526e-06,-0.0017473967887767375,0.011075533801500384,0.0037568396751265984
4114,90,random_00,null,0.0985690213850444,0.09852578093035685,4.3240454687551444e-05,0.011509795047640494,0.3120676849801556,0.3120790072015952,-1.1322221439624691e-05,-0.0030137622093876428,0.011566241597955423,0.0037568396751265984
4114,90,random_01,visible,0.0985690213850444,0.09853659848041355,3.2422904630860505e-05,0.008630366860083779,0.3120676849801556,0.3120771576091631,-9.472629007523103e-06,-0.002521435522053225,0.008683923504667,0.0037568396751265984
4114,90,random_01,null,0.0985690213850444,0.09851867616192568,5.0345223118725135e-05,0.013400950658622023,0.3120676849801556,0.31207677445560167,-9.089475446089068e-06,-0.002419447256764496,0.013454919778859476,0.0037568396751265984
4114,90,random_02,visible,0.0985690213850444,0.09852404632181104,4.497506323336564e-05,0.011971515188986624,0.3120676849801556,0.31206030443167126,7.380548484314797e-06,0.001964563069640731,0.012024834854377822,0.0037568396751265984
4114,90,random_02,null,0.0985690213850444,0.09852947765803756,3.954372700684661e-05,0.010525795728963084,0.3120676849801556,0.3120954125946665,-2.772761451091954e-05,-0.007380569017756972,0.010575856486138239,0.0037568396751265984
4114,90,random_03,visible,0.0985690213850444,0.09853391273822476,3.510864681964543e-05,0.009345260872348068,0.3120676849801556,0.31207289697752816,-5.211997372578381e-06,-0.0013873355861007688,0.009405087150353141,0.0037568396751265984
4114,90,random_03,null,0.0985690213850444,0.09852049968594899,4.852169909541626e-05,0.012915562890977287,0.3120676849801556,0.3120795330538687,-1.1848073713127683e-05,-0.0031537341855634084,0.012961085193173997,0.0037568396751265984
4114,90,random_04,visible,0.0985690213850444,0.09852460773334329,4.4413651701116774e-05,0.011822078007526398,0.3120676849801556,0.31211052123586386,-4.2836255708278426e-05,-0.011402204888297482,0.011868678163456792,0.0037568396751265984
4114,90,random_04,null,0.0985690213850444,0.09852880228784383,4.021909720057504e-05,0.010705566560867342,0.3120676849801556,0.3120392384715875,2.8446508568091833e-05,0.007571925082784705,0.01075080798557652,0.0037568396751265984
4114,90,random_05,visible,0.0985690213850444,0.09852498279097081,4.403859407359212e-05,0.011722244727440519,0.3120676849801556,0.31209275825618615,-2.5073276030573854e-05,-0.0066740340815126566,0.011774746259404466,0.0037568396751265984
4114,90,random_05,null,0.0985690213850444,0.09852854496860193,4.047641644247535e-05,0.01077406009909416,0.3120676849801556,0.31205944699730775,8.237982847825176e-06,0.002192795956230837,0.010853605125353164,0.0037568396751265984
4114,90,random_06,visible,0.0985690213850444,0.09852319626079382,4.5825124250581384e-05,0.012197785429594401,0.3120676849801556,0.3120657945454932,1.8904346623660473e-06,0.0005031981201865749,0.012256592844531896,0.0037568396751265984
4114,90,random_06,null,0.0985690213850444,0.09853053988209563,3.848150294877284e-05,0.010243051680792337,0.3120676849801556,0.31208971824864085,-2.2033268485266433e-05,-0.00586484130029423,0.010306373054271884,0.0037568396751265984
4114,90,random_07,visible,0.0985690213850444,0.09852515585734106,4.38655277033434e-05,0.011676177717609206,0.3120676849801556,0.31209094560683037,-2.326062667479256e-05,-0.006191540945651007,0.011730478981596886,0.0037568396751265984
4114,90,random_07,null,0.0985690213850444,0.09852824958556954,4.0771799474870196e-05,0.01085268550180978,0.3120676849801556,0.3120613388804458,6.34609970978639e-06,0.0016892122790873525,0.010901433692536298,0.0037568396751265984
4114,90,random_08,visible,0.0985690213850444,0.09853047374075491,3.854764428949664e-05,0.010260657260599671,0.3120676849801556,0.3120979366433856,-3.0251663230007608e-05,-0.008052423272224994,0.010323582899530096,0.0037568396751265984
4114,90,random_08,null,0.0985690213850444,0.09852325482674051,4.576655830389187e-05,0.012182196277074193,0.3120676849801556,0.31205885327915106,8.831701004519132e-06,0.0023508325529546376,0.012242100710539092,0.0037568396751265984
4114,90,random_09,visible,0.0985690213850444,0.09852948887418035,3.953251086405429e-05,0.010522810202892707,0.3120676849801556,0.31204654534659976,2.1139633555822268e-05,0.005626972504518682,0.010588814592384319,0.0037568396751265984
4114,90,random_09,null,0.0985690213850444,0.09852408113263338,4.4940252411029835e-05,0.011962249203385405,0.3120676849801556,0.31210320076251913,-3.55157823635488e-05,-0.009453632689915623,0.012013425790279844,0.0037568396751265984
4114,90,random_10,visible,0.0985690213850444,0.09853019524640473,3.882613863967488e-05,0.01033478721403423,0.3120676849801556,0.3120679709056953,-2.859255397447136e-07,-7.610799620696575e-05,0.010384556154052139,0.0037568396751265984
4114,90,random_10,null,0.0985690213850444,0.09852342803497427,4.5593350070136096e-05,0.012136091505847848,0.3120676849801556,0.3120841293933126,-1.644441315701295e-05,-0.004377193220644638,0.012190421944042374,0.0037568396751265984
4114,90,random_11,visible,0.0985690213850444,0.09852919785445648,3.982353058792909e-05,0.010600274175018425,0.3120676849801556,0.31201993252283033,4.7752457325245246e-05,0.012710805212531748,0.01065011411834957,0.0037568396751265984
4114,90,random_11,null,0.0985690213850444,0.09852432476223952,4.469662280488784e-05,0.01189739958849366,0.3120676849801556,0.31212726374881067,-5.95787686550886e-05,-0.01585874666133601,0.011959116311692225,0.0037568396751265984
4114,90,random_12,visible,0.0985690213850444,0.09852943502719766,3.958635784674647e-05,0.010537143256030078,0.3120676849801556,0.31204369934193665,2.3985638218926297e-05,0.006384525370547793,0.010596811971742535,0.0037568396751265984
4114,90,random_12,null,0.0985690213850444,0.09852408276306915,4.493862197525733e-05,0.011961815212075289,0.3120676849801556,0.31210580889637696,-3.812391622137756e-05,-0.010147868825435799,0.012006372046791905,0.0037568396751265984
4114,90,random_13,visible,0.0985690213850444,0.0985282306229578,4.079076208660104e-05,0.010857732992086352,0.3120676849801556,0.31209484398323634,-2.7159003080756694e-05,-0.00722921535900823,0.010925331511171954,0.0037568396751265984
4114,90,random_13,null,0.0985690213850444,0.09852526103577296,4.3760349271448895e-05,0.011648181198995205,0.3120676849801556,0.31205985528210883,7.82969804674627e-06,0.0020841182280376186,0.011708224675903905,0.0037568396751265984
4114,90,random_14,visible,0.0985690213850444,0.09852930889840407,3.971248664033644e-05,0.010570716366542367,0.3120676849801556,0.3120296502223237,3.8034757831872934e-05,0.010124136540532897,0.010612303579426233,0.0037568396751265984
4114,90,random_14,null,0.0985690213850444,0.09852414293009025,4.487845495415588e-05,0.011945799883686428,0.3120676849801556,0.3121183282015347,-5.06432213790986e-05,-0.013480272185794572,0.01199268136942482,0.0037568396751265984
4114,90,random_15,visible,0.0985690213850444,0.09852656689933183,4.2454485712578593e-05,0.011300584902161936,0.3120676849801556,0.3120972883558474,-2.960337569180016e-05,-0.007879861333396555,0.011350025750215023,0.0037568396751265984
4114,90,random_15,null,0.0985690213850444,0.09852677277523712,4.224860980728273e-05,0.011245784611731943,0.3120676849801556,0.31205602462764026,1.1660352515319161e-05,0.0031037663365089513,0.011297004433030373,0.0037568396751265984
4115,0,dstm,visible,2.3582964615444597,2.3582072831860783,8.91783583814032e-05,0.21120831362567138,2.3675526993289937,2.367466061838598,8.663749039561353e-05,0.2051905706198077,0.21121701664213258,0.0004222293945277919
4115,0,dstm,null,2.3582964615444597,2.3581941816718066,0.00010227987265309935,0.2422376887508885,2.3675526993289937,2.3674548989659225,9.780036307116546e-05,0.231628504170209,0.24225102671456156,0.0004222293945277919
4115,0,random_00,visible,2.3582964615444597,2.3582073496827967,8.91118616630493e-05,0.21105082407327233,2.3675526993289937,2.367470267892281,8.243143671249342e-05,0.1952290337452279,0.21105933891216566,0.0004222293945277919
4115,0,random_00,null,2.3582964615444597,2.358194124888215,0.00010233665624470589,0.2423721739201886,2.3675526993289937,2.3674512361528404,0.000101463176153338,0.24030344042439591,0.24238841457755714,0.0004222293945277919
4115,0,random_01,visible,2.3582964615444597,2.358205581304998,9.088023946191015e-05,0.21523901613611662,2.3675526993289937,2.3674620400224424,9.06593065512773e-05,0.21471576286787855,0.21525582731167311,0.0004222293945277919
4115,0,random_01,null,2.3582964615444597,2.358195691926639,0.00010076961782079508,0.23866083017145848,2.3675526993289937,2.367458525527975,9.417380101872652e-05,0.2230394241595793,0.23866947201481234,0.0004222293945277919
4115,0,random_02,visible,2.3582964615444597,2.35821795615317,7.850539128950729e-05,0.1859306630636298,2.3675526993289937,2.3674773221522494,7.537717674432898e-05,0.17852185973131607,0.18595048615001528,0.0004222293945277919
4115,0,random_02,null,2.3582964615444597,2.3581857789024485,0.00011068264201119504,0.26213864654065366,2.3675526993289937,2.3674459842122713,0.00010671511672244449,0.25274203574052756,0.2621461515339012,0.0004222293945277919
4115,0,random_03,visible,2.3582964615444597,2.358211119167509,8.534237695068114e-05,0.20212324877600096,2.3675526993289937,2.3674666729355547,8.602639343902041e-05,0.20374326030813092,0.2021339443069429,0.0004222293945277919
4115,0,random_03,null,2.3582964615444597,2.358190960951197,0.00010550059326286387,0.2498655816723808,2.3675526993289937,2.3674542424059606,9.845692303311893e-05,0.23318348819183957,0.24988008448529833,0.0004222293945277919
4115,0,random_04,visible,2.3582964615444597,2.3582011720552645,9.528948919523827e-05,0.2256817986388822,2.3675526993289937,2.367460394488121,9.230484087252577e-05,0.2186130147943788,0.22569031038009923,0.0004222293945277919
4115,0,random_04,null,2.3582964615444597,2.358199850925997,9.661061846255592e-05,0.2288107358574649,2.3675526993289937,2.3674602326391345,9.246668985918305e-05,0.2189963348302524,0.22882760293285556,0.0004222293945277919
4115,0,random_05,visible,2.3582964615444597,2.3582187699472725,7.769159718717944e-05,0.18400328871955324,2.3675526993289937,2.3674756470109983,7.705231799537415e-05,0.18248923214251117,0.18401390538165377,0.0004222293945277919
4115,0,random_05,null,2.3582964615444597,2.358185207978,0.00011125356645980133,0.26349081305488886,2.3675526993289937,2.3674471535362063,0.00010554579278743148,0.2499726313594784,0.263509147259927,0.0004222293945277919
4115,0,random_06,visible,2.3582964615444597,2.3582068290740343,8.963247042537148e-05,0.2122838238811242,2.3675526993289937,2.3674639280448924,8.877128410134105e-05,0.21024420670810964,0.21229907698628991,0.0004222293945277919
4115,0,random_06,null,2.3582964615444597,2.358194581077317,0.00010188046714265653,0.2412917444002127,2.3675526993289937,2.3674567822415535,9.591708744016714e-05,0.22716819028537272,0.24130331529888163,0.0004222293945277919
4115,0,random_07,visible,2.3582964615444597,2.3582013436593217,9.511788513805186e-05,0.22527537488106134,2.3675526993289937,2.3674664180728,8.62812561939208e-05,0.20434687236878676,0.22528637479700006,0.0004222293945277919
4115,0,random_07,null,2.3582964615444597,2.3581996824858478,9.677905861193992e-05,0.22920966627672756,2.3675526993289937,2.36745431095908,9.838836991349353e-05,0.23302112829810914,0.22922529832958607,0.0004222293945277919
4115,0,random_08,visible,2.3582964615444597,2.358209133436958,8.732810750178288e-05,0.2068262149286122,2.3675526993289937,2.3674668383715542,8.586095743945421e-05,0.20335144485967968,0.20683789513988735,0.0004222293945277919
4115,0,random_08,null,2.3582964615444597,2.358192597867174,0.00010386367728587587,0.24598874126713455,2.3675526993289937,2.367454195430155,9.850389883858668e-05,0.2332947447885535,0.24600055527897313,0.0004222293945277919
4115,0,random_09,visible,2.3582964615444597,2.358204854518079,9.160702638055795e-05,0.21696032433508894,2.3675526993289937,2.367466798339912,8.590098908189958e-05,0.20344625503387456,0.21697303125790107,0.0004222293945277919
4115,0,random_09,null,2.3582964615444597,2.3581963517050295,0.0001001098394302069,0.2370982236851762,2.3675526993289937,2.367454208557224,9.849077176982135e-05,0.2332636548906557,0.23710945103521294,0.0004222293945277919
4115,0,random_10,visible,2.3582964615444597,2.35819625311099,0.00010020843346980612,0.2373317319176134,2.3675526993289937,2.3674590253267724,9.367400222126676e-05,0.2218557102733902,0.23734188239278556,0.0004222293945277919
4115,0,random_10,null,2.3582964615444597,2.358204960655869,9.150088859088967e-05,0.21670894962967086,2.3675526993289937,2.3674615260212053,9.117330778840582e-05,0.21593311353978847,0.21671875536213125,0.0004222293945277919
4115,0,random_11,visible,2.3582964615444597,2.3582024736553353,9.398788912440281e-05,0.22259911399469456,2.3675526993289937,2.3674609693118627,9.17300171310309e-05,0.2172516132696514,0.22261005044853846,0.0004222293945277919
4115,0,random_11,null,2.3582964615444597,2.358198583615229,9.78779292308829e-05,0.231812210375231,2.3675526993289937,2.3674596495460762,9.30497829174648e-05,0.22037732124625942,0.2318252650225192,0.0004222293945277919
4115,0,random_12,visible,2.3582964615444597,2.358204635246772,9.182629768789141e-05,0.21747964229394087,2.3675526993289937,2.3674621245530907,9.057477590301843e-05,0.21451556210176798,0.2174871315405718,0.0004222293945277919
4115,0,random_12,null,2.3582964615444597,2.358196551890147,9.990965431283527e-05,0.236624109092573,2.3675526993289937,2.3674584931208305,9.420620816324998e-05,0.22311617661912728,0.23663798443554268,0.0004222293945277919
4115,0,random_13,visible,2.3582964615444597,2.3582174921478805,7.896939657925373e-05,0.1870296042926396,2.3675526993289937,2.367474412637928,7.828669106579866e-05,0.18541269764828203,0.18703216420628663,0.0004222293945277919
4115,0,random_13,null,2.3582964615444597,2.3581861095383694,0.00011035200609033069,0.26135557476699345,2.3675526993289937,2.367448064487032,0.00010463484196154837,0.24781515289471664,0.2613755107422552,0.0004222293945277919
4115,0,random_14,visible,2.3582964615444597,2.358190790114372,0.00010567143008755053,0.2502701883314641,2.3675526993289937,2.367451777027903,0.00010092230109082223,0.23902244229985592,0.250282424021082,0.0004222293945277919
4115,0,random_14,null,2.3582964615444597,2.358211328358853,8.513318560687821e-05,0.20162780400944966,2.3675526993289937,2.3674697156902487,8.298363874503778e-05,0.196536858448342,0.20163555313880896,0.0004222293945277919
4115,0,random_15,visible,2.3582964615444597,2.3581990906622012,9.737088225847401e-05,0.2306113300505062,2.3675526993289937,2.367460787965303,9.191136369057773e-05,0.21768111098320977,0.23062219082811233,0.0004222293945277919
4115,0,random_15,null,2.3582964615444597,2.3582019491324973,9.451241196245519e-05,0.22384138382443722,2.3675526993289937,2.3674598079612386,9.28913677551435e-05,0.22000213381408534,0.22385618857003678,0.0004222293945277919
4115,10,dstm,visible,1.4139300052254313,1.4138355296813705,9.447554406083469e-05,0.07925316922452276,1.4533737706719414,1.4532761735978048,9.759707413659058e-05,0.08187174267432495,0.07931210190883534,0.0011920727585440429
4115,10,dstm,null,1.4139300052254313,1.4137513360588596,0.00017866916657172105,0.14988109181350767,1.4533737706719414,1.4531958375527494,0.0001779331191920086,0.14926364008966203,0.1499558438116991,0.0011920727585440429
4115,10,random_00,visible,1.4139300052254313,1.4137947850758732,0.0001352201495581351,0.11343279895372192,1.4533737706719414,1.4532384702986438,0.0001353003732975644,0.11350009664075845,0.11349653510091826,0.0011920727585440429
4115,10,random_00,null,1.4139300052254313,1.4137797865701243,0.00015021865530706613,0.12601467001941902,1.4533737706719414,1.4532225374081498,0.00015123326379162805,0.12686579968184092,0.12607815481899398,0.0011920727585440429
4115,10,random_01,visible,1.4139300052254313,1.41380144841476,0.00012855681067125424,0.10784309074243854,1.4533737706719414,1.4532385819783271,0.00013518869361428543,0.11340641134975712,0.10789390719764336,0.0011920727585440429
4115,10,random_01,null,1.4139300052254313,1.413774036411881,0.00015596881355040004,0.1308383338454064,1.4533737706719414,1.4532222240346384,0.00015154663730299056,0.1271286808768992,0.13090481042384386,0.0011920727585440429
4115,10,random_02,visible,1.4139300052254313,1.413793597286765,0.0001364079386663164,0.1144292055066508,1.4533737706719414,1.453240727574065,0.00013304309787631752,0.11160652478864783,0.11448686256902271,0.0011920727585440429
4115,10,random_02,null,1.4139300052254313,1.4137808692858855,0.00014913593954579696,0.1251064068672675,1.4533737706719414,1.4532204704251583,0.0001533002467830613,0.1285997399775304,0.1251795626353515,0.0011920727585440429
4115,10,random_03,visible,1.4139300052254313,1.4137940912081255,0.00013591401730583819,0.11401486724001557,1.4533737706719414,1.453231640323098,0.00014213034884336118,0.11922959217435214,0.11408591214070234,0.0011920727585440429
4115,10,random_03,null,1.4139300052254313,1.4137804177483473,0.00014958747708404552,0.12548519040628575,1.4533737706719414,1.453228747046692,0.00014502362524937418,0.1216566893337124,0.12554508852798713,0.0011920727585440429
4115,10,random_04,visible,1.4139300052254313,1.4137854587789704,0.00014454644646089143,0.12125639599166375,1.4533737706719414,1.4532253673886357,0.00014840328330567587,0.12449179988554608,0.12134593712373472,0.0011920727585440429
4115,10,random_04,null,1.4139300052254313,1.413788766227224,0.0001412389982073936,0.11848186043601744,1.4533737706719414,1.4532353243073772,0.00013844636456417092,0.11613918997131065,0.11854251619583078,0.0011920727585440429
4115,10,random_05,visible,1.4139300052254313,1.4138049343857266,0.00012507083970469957,0.10491879695116667,1.4533737706719414,1.4532518511231387,0.00012191954880269584,0.1022752578891277,0.104984596068769,0.0011920727585440429
4115,10,random_05,null,1.4139300052254313,1.4137712590936053,0.00015874613182598196,0.1331681566315374,1.4533737706719414,1.4532115146722304,0.0001622559997109807,0.13611249694956093,0.13324938720592147,0.0011920727585440429
4115,10,random_06,visible,1.4139300052254313,1.413785319568356,0.00014468565707526082,0.12137317629166777,1.4533737706719414,1.4532268690401215,0.00014690163181985127,0.12323210203987207,0.1214599453647717,0.0011920727585440429
4115,10,random_06,null,1.4139300052254313,1.413788907127576,0.0001410980978553411,0.11836366265736457,1.4533737706719414,1.4532337854006112,0.00013998527133018968,0.11743014033905357,0.11842569938346517,0.0011920727585440429
4115,10,random_07,visible,1.4139300052254313,1.4137982909330713,0.00013171429236003007,0.11049182310054752,1.4533737706719414,1.4532533493338522,0.00012042133808920497,0.10101844642124319,0.11056426703722746,0.0011920727585440429
4115,10,random_07,null,1.4139300052254313,1.4137767092052047,0.00015329602022662314,0.1285961944251236,1.4533737706719414,1.453209708801462,0.00016406187047945942,0.13762739673695673,0.12865732570280186,0.0011920727585440429
4115,10,random_08,visible,1.4139300052254313,1.4137955340647106,0.0001344711607207394,0.11280449096494571,1.4533737706719414,1.4532429639377804,0.0001308067341609931,0.10973049524322323,0.11285887474144694,0.0011920727585440429
4115,10,random_08,null,1.4139300052254313,1.413779112002062,0.00015089322336936384,0.12658054828269014,1.4533737706719414,1.4532185350291866,0.00015523564275476964,0.13022329521594736,0.1266492755390672,0.0011920727585440429
4115,10,random_09,visible,1.4139300052254313,1.4137900926137954,0.00013991261163592839,0.1173691879401832,1.4533737706719414,1.4532336481621155,0.0001401225098258685,0.11754526627804947,0.11743119420399628,0.0011920727585440429
4115,10,random_09,null,1.4139300052254313,1.4137841683633658,0.00014583686206548485,0.12233889334372931,1.4533737706719414,1.4532270169749328,0.00014675369700856145,0.12310800322943494,0.12242172695359058,0.0011920727585440429
4115,10,random_10,visible,1.4139300052254313,1.4138122979762535,0.00011770724917781195,0.09874166516612255,1.4533737706719414,1.4532577309500554,0.00011603972188600764,0.09734281825862258,0.0988342406347767,0.0011920727585440429
4115,10,random_10,null,1.4139300052254313,1.413765728001343,0.00016427722408840495,0.13780805148927955,1.4533737706719414,1.4532073033934538,0.00016646727848756981,0.13964523330848302,0.13787297588948763,0.0011920727585440429
4115,10,random_11,visible,1.4139300052254313,1.4137944636357378,0.00013554158969353303,0.1137024470377789,1.4533737706719414,1.4532414334416164,0.0001323372303250192,0.11101439016746881,0.11375183868258314,0.0011920727585440429
4115,10,random_11,null,1.4139300052254313,1.4137800941278411,0.00014991109759021626,0.12575666754881018,1.4533737706719414,1.4532198755536885,0.00015389511825292246,0.1290987627641829,0.12584785973073903,0.0011920727585440429
4115,10,random_12,visible,1.4139300052254313,1.4138002520837418,0.0001297531416895037,0.10884666288992273,1.4533737706719414,1.4532436668901505,0.00013010378179090232,0.1091408060945933,0.10890709749647372,0.0011920727585440429
4115,10,random_12,null,1.4139300052254313,1.4137750573341548,0.00015494789127656894,0.12998190770319845,1.4533737706719414,1.4532180636659697,0.00015570700597167253,0.1306187100205593,0.13006309513989645,0.0011920727585440429
4115,10,random_13,visible,1.4139300052254313,1.4137995501082221,0.0001304551172092161,0.10943553258322046,1.4533737706719414,1.453245154881679,0.00012861579026246517,0.10789256724526791,0.10949209661336351,0.0011920727585440429
4115,10,random_13,null,1.4139300052254313,1.4137756407013775,0.00015436452405381829,0.1294925355414999,1.4533737706719414,1.4532167981958435,0.00015697247609791631,0.1316802812352135,0.12957100517355744,0.0011920727585440429
4115,10,random_14,visible,1.4139300052254313,1.413807913406107,0.00012209181932432145,0.10241977131785164,1.4533737706719414,1.4532517860605962,0.00012198461134516059,0.10232983722750988,0.10248606620839443,0.0011920727585440429
4115,10,random_14,null,1.4139300052254313,1.4137689323111597,0.0001610729142715872,0.13512003618664703,1.4533737706719414,1.4532116040263408,0.00016216664560064764,0.13603754002290303,0.13518051204077003,0.0011920727585440429
4115,10,random_15,visible,1.4139300052254313,1.4137857024369338,0.0001443027884975301,0.1210519974248691,1.4533737706719414,1.4532314643096695,0.0001423063622718601,0.11937724543396853,0.12111725694276279,0.0011920727585440429
4115,10,random_15,null,1.4139300052254313,1.4137884964692757,0.000141508756155595,0.11870815362682138,1.4533737706719414,1.453229073819418,0.00014469685252338493,0.12138256787288114,0.11877615363841754,0.0011920727585440429
4115,20,dstm,visible,0.8121541582601299,0.812064144201437,9.001405869291101e-05,0.044857327085721765,0.9002766332550305,0.9001974038273659,7.92294276645844e-05,0.039482947477011046,0.04492403969648877,0.0020066745956774314
4115,20,dstm,null,0.8121541582601299,0.8119755194966011,0.00017863876352886,0.08902228787550555,0.9002766332550305,0.9001337614924226,0.0001428717626078546,0.07119827146644206,0.08910122511922408,0.0020066745956774314
4115,20,random_00,visible,0.8121541582601299,0.8120217840586811,0.00013237420144884826,0.06596694936687539,0.9002766332550305,0.9001750998203399,0.00010153343469054832,0.05059785722571115,0.06605270582126031,0.0020066745956774314
4115,20,random_00,null,0.8121541582601299,0.8120042381047505,0.00014992015537940162,0.07471074567961539,0.9002766332550305,0.9001485491864535,0.00012808406857700572,0.06382901784520073,0.07479463693399675,0.0020066745956774314
4115,20,random_01,visible,0.8121541582601299,0.812017572161232,0.00013658609889788398,0.06806589329037377,0.9002766332550305,0.9001602584560746,0.0001163747989558761,0.05799385670529668,0.06813791999219923,0.0020066745956774314
4115,20,random_01,null,0.8121541582601299,0.8120080393242209,0.00014611893590898983,0.07281645774743148,0.9002766332550305,0.9001619815570145,0.00011465169801594399,0.05713517192220138,0.07290007900911358,0.0020066745956774314
4115,20,random_02,visible,0.8121541582601299,0.8120072580125952,0.0001469002475347203,0.07320581416197597,0.9002766332550305,0.9001612136886301,0.00011541956640037654,0.05751782907353355,0.07327264257244151,0.0020066745956774314
4115,20,random_02,null,0.8121541582601299,0.8120184061979397,0.00013575206219018643,0.06765026202185911,0.9002766332550305,0.9001610269432421,0.00011560631178841874,0.05761089119154932,0.06773712062709468,0.0020066745956774314
4115,20,random_03,visible,0.8121541582601299,0.8120363428609038,0.00011781539922617323,0.058711760980060666,0.9002766332550305,0.900174020254651,0.00010261300037950338,0.05113584464593392,0.05878845321066877,0.0020066745956774314
4115,20,random_03,null,0.8121541582601299,0.8119925203848236,0.00016163787530631968,0.0805501179187214,0.9002766332550305,0.9001494497510514,0.00012718350397911138,0.06338023327403296,0.08062949478630853,0.0020066745956774314
4115,20,random_04,visible,0.8121541582601299,0.812013376583874,0.00014078167625597438,0.07015670431032094,0.9002766332550305,0.9001651823674935,0.00011145088753694576,0.05554008994633291,0.07022554547266259,0.0020066745956774314
4115,20,random_04,null,0.8121541582601299,0.8120120433470761,0.00014211491305382573,0.0708211054049096,0.9002766332550305,0.900157237467206,0.00011939578782449445,0.059499326937055154,0.07089125773651746,0.0020066745956774314
4115,20,random_05,visible,0.8121541582601299,0.8120235863419294,0.00013057191820053937,0.06506880511758296,0.9002766332550305,0.9001634007583753,0.00011323249665518009,0.056427931513706155,0.06517244549385871,0.0020066745956774314
4115,20,random_05,null,0.8121541582601299,0.812002678879391,0.00015147938073889478,0.07548776521375006,0.9002766332550305,0.900158751875291,0.00011788137973944846,0.05874464150459482,0.07556288777401483,0.0020066745956774314
4115,20,random_06,visible,0.8121541582601299,0.8120106859033042,0.00014347235682576898,0.07149756972795795,0.9002766332550305,0.900164470071547,0.00011216318348350462,0.055895053301175404,0.07156634952678169,0.0020066745956774314
4115,20,random_06,null,0.8121541582601299,0.812014793993395,0.0001393642667348871,0.06945035684165786,0.9002766332550305,0.9001578289642767,0.0001188042907538378,0.05920456211971467,0.0695374379439512,0.0020066745956774314
4115,20,random_07,visible,0.8121541582601299,0.812026514416087,0.00012764384404295726,0.06360963771501084,0.9002766332550305,0.9001812070482164,9.542620681413094e-05,0.04755440021002314,0.06367878411924456,0.0020066745956774314
4115,20,random_07,null,0.8121541582601299,0.8120001326124374,0.0001540256476925128,0.07675666399739088,0.9002766332550305,0.9001436760272825,0.00013295722774797625,0.06625749288618035,0.07682584274508802,0.0020066745956774314
4115,20,random_08,visible,0.8121541582601299,0.8120160439262637,0.00013811433386623495,0.06882746916901544,0.9002766332550305,0.9001457316332133,0.0001309016218171699,0.06523310859625397,0.06890263663832608,0.0020066745956774314
4115,20,random_08,null,0.8121541582601299,0.812009459706715,0.00014469855341492366,0.07210862873662634,0.9002766332550305,0.900175901529619,0.00010073172541147368,0.0501983359078046,0.07217772734497223,0.0020066745956774314
4115,20,random_09,visible,0.8121541582601299,0.8120167645355523,0.0001373937245776613,0.06846836296907356,0.9002766332550305,0.9001691746976971,0.00010745855733340637,0.05355056448359009,0.06855384364790842,0.0020066745956774314
4115,20,random_09,null,0.8121541582601299,0.8120088324684059,0.00014532579172399362,0.07242120473196763,0.9002766332550305,0.9001536005294404,0.00012303272559011091,0.06131174723352513,0.07250909033698101,0.0020066745956774314
4115,20,random_10,visible,0.8121541582601299,0.8120341154163216,0.00012004284380828789,0.059821778811009835,0.9002766332550305,0.9001791904261613,9.744282886914313e-05,0.04855935739608419,0.0598988695852032,0.0020066745956774314
4115,20,random_10,null,0.8121541582601299,0.8119941893801749,0.0001599688799550636,0.07971839594703188,0.9002766332550305,0.9001456988686249,0.00013093438640554567,0.0652494363996987,0.0798080389610794,0.0020066745956774314
4115,20,random_11,visible,0.8121541582601299,0.8120022449895801,0.0001519132705498638,0.07570398851766973,0.9002766332550305,0.9001489865312898,0.00012764672374065977,0.06361107277464069,0.07579148130795779,0.0020066745956774314
4115,20,random_11,null,0.8121541582601299,0.8120240440464686,0.00013011421366138087,0.0648407140558112,0.9002766332550305,0.9001747359615226,0.0001018972935078466,0.05077918150124743,0.06490646363455514,0.0020066745956774314
4115,20,random_12,visible,0.8121541582601299,0.8120226247925655,0.00013153346756444861,0.06554798064807531,0.9002766332550305,0.9001848639080909,9.176934693955197e-05,0.0457320519915047,0.06562774910716256,0.0020066745956774314
4115,20,random_12,null,0.8121541582601299,0.812003467944041,0.00015069031608894168,0.07509454518113849,0.9002766332550305,0.9001400427396078,0.0001365905154226965,0.06806809420766352,0.07516778703358021,0.0020066745956774314
4115,20,random_13,visible,0.8121541582601299,0.8120182719350945,0.0001358863250354725,0.06771717015214355,0.9002766332550305,0.9001797154790222,9.691777600828733e-05,0.04829770418036759,0.06780137116671171,0.0020066745956774314
4115,20,random_13,null,0.8121541582601299,0.812007366296311,0.00014679196381894855,0.0731518523905931,0.9002766332550305,0.9001438794173272,0.00013275383770328109,0.06615613612154433,0.07321319367649617,0.0020066745956774314
4115,20,random_14,visible,0.8121541582601299,0.8120222154964362,0.0001319427636937709,0.06575194801289068,0.9002766332550305,0.9001724027376735,0.00010423051735697353,0.05194191304434511,0.0658318528534021,0.0020066745956774314
4115,20,random_14,null,0.8121541582601299,0.8120038283622937,0.0001503298978362544,0.07491493546590929,0.9002766332550305,0.9001509006767261,0.00012573257830439388,0.06265718346922508,0.07498909794287674,0.0020066745956774314
4115,20,random_15,visible,0.8121541582601299,0.8120228436069732,0.0001313146531567444,0.06543893735417226,0.9002766332550305,0.900163706602973,0.00011292665205753227,0.05627551786462392,0.06550754062157292,0.0020066745956774314
4115,20,random_15,null,0.8121541582601299,0.8120033021460957,0.00015085611403420351,0.07517716841542818,0.9002766332550305,0.9001585398620058,0.00011809339302470967,0.058850295548214,0.07527256991833957,0.0020066745956774314
4115,30,dstm,visible,0.5077460681457205,0.507667661644892,7.840650082857614e-05,0.03082595194412258,0.6376857815587292,0.6376151345269959,7.064703173331743e-05,0.027775273506561535,0.030929330720544917,0.002543522450521613
4115,30,dstm,null,0.5077460681457205,0.5076137473526238,0.00013232079309677403,0.05202265585257104,0.6376857815587292,0.6376413701895037,4.441136922550548e-05,0.017460576853331026,0.052099877039258315,0.002543522450521613
4115,30,random_00,visible,0.5077460681457205,0.5076393686127337,0.00010669953298680923,0.04194951491972395,0.6376857815587292,0.637641231261956,4.4550296773193665e-05,0.017515196991501888,0.04203664708196273,0.002543522450521613
4115,30,random_00,null,0.5077460681457205,0.5076352826112535,0.00011078553446708383,0.04355594913045273,0.6376857815587292,0.6376255542684424,6.02272902868739e-05,0.023678694196122698,0.04363417225562085,0.002543522450521613
4115,30,random_01,visible,0.5077460681457205,0.507637380453921,0.00010868769179950277,0.04273117061625056,0.6376857815587292,0.6376236983031743,6.208325555490113e-05,0.024408377265225004,0.04282512795600345,0.002543522450521613
4115,30,random_01,null,0.5077460681457205,0.5076372585004388,0.00010880964528170445,0.042779117306155606,0.6376857815587292,0.6376428716544671,4.290990426214503e-05,0.01687026755094899,0.042860577479527866,0.002543522450521613
4115,30,random_02,visible,0.5077460681457205,0.5076273659732369,0.00011870217248366455,0.046668419403698085,0.6376857815587292,0.6376143618703496,7.141968837964807e-05,0.028079047765040045,0.04674816327483406,0.002543522450521613
4115,30,random_02,null,0.5077460681457205,0.5076482629975073,9.780514821322583e-05,0.03845263807015678,0.6376857815587292,0.6376556137405163,3.0167818212967212e-05,0.01186064554168985,0.03854387002826954,0.002543522450521613
4115,30,random_03,visible,0.5077460681457205,0.5076540121229087,9.205602281181502e-05,0.03619233743855362,0.6376857815587292,0.637628291801478,5.748975725128336e-05,0.022602417855401135,0.03626495328086362,0.002543522450521613
4115,30,random_03,null,0.5077460681457205,0.5076228003445493,0.00012326780117122293,0.048463421718940906,0.6376857815587292,0.6376359670637779,4.981449495133905e-05,0.01958484578782599,0.04853734489919549,0.002543522450521613
4115,30,random_04,visible,0.5077460681457205,0.5076470495938195,9.901855190108666e-05,0.03892969447970881,0.6376857815587292,0.637642416868946,4.3364689783276233e-05,0.01704906900836799,0.038998648803088315,0.002543522450521613
4115,30,random_04,null,0.5077460681457205,0.507628328311912,0.00011773983380858333,0.04629007060049257,0.6376857815587292,0.6376251371653423,6.064439338693273e-05,0.02384268060008516,0.04636945199007702,0.002543522450521613
4115,30,random_05,visible,0.5077460681457205,0.507643157751396,0.00010291039432452909,0.04045979397721641,0.6376857815587292,0.6376356275743935,5.015398433572127e-05,0.019718317927736765,0.04055793445081412,0.002543522450521613
4115,30,random_05,null,0.5077460681457205,0.5076317796351015,0.00011428851061900946,0.044933163690209124,0.6376857815587292,0.6376310298414939,5.475171723534622e-05,0.021525942192536184,0.04501193885415449,0.002543522450521613
4115,30,random_06,visible,0.5077460681457205,0.5076344386677014,0.00011162947801912626,0.04388775023245179,0.6376857815587292,0.6376636342687353,2.2147289993945662e-05,0.008707330257456075,0.0439645441825661,0.002543522450521613
4115,30,random_06,null,0.5077460681457205,0.5076402519690139,0.00010581617670668564,0.04160221848444286,0.6376857815587292,0.6376011467916659,8.463476706332962e-05,0.033274629459619336,0.04169100072132922,0.002543522450521613
4115,30,random_07,visible,0.5077460681457205,0.507642659791767,0.00010340835395350467,0.04065556957529437,0.6376857815587292,0.6376400160004485,4.576555828073037e-05,0.017992983813193784,0.040738405559323454,0.002543522450521613
4115,30,random_07,null,0.5077460681457205,0.507632192967262,0.00011387517845851125,0.044770659852111115,0.6376857815587292,0.6376269638912891,5.881766744009198e-05,0.02312449313275373,0.04484866774844892,0.002543522450521613
4115,30,random_08,visible,0.5077460681457205,0.5076413998983559,0.00010466824736465874,0.0411509036781625,0.6376857815587292,0.637624359672529,6.142188620028577e-05,0.024148356224530147,0.041230422860457035,0.002543522450521613
4115,30,random_08,null,0.5077460681457205,0.5076333562149421,0.00011271193077844188,0.0443133225560197,0.6376857815587292,0.6376414585422606,4.432301646861703e-05,0.017425840475489996,0.04439676696646481,0.002543522450521613
4115,30,random_09,visible,0.5077460681457205,0.5076456593998901,0.00010040874583039372,0.0394762569560974,0.6376857815587292,0.6376440200446503,4.1761514078975104e-05,0.016418771562409784,0.03955697081248623,0.002543522450521613
4115,30,random_09,null,0.5077460681457205,0.5076296110638832,0.00011645708183738446,0.045785749527589986,0.6376857815587292,0.637623714744463,6.206681426623728e-05,0.024401913281130633,0.04589408182398676,0.002543522450521613
4115,30,random_10,visible,0.5077460681457205,0.5076471316634666,9.89364822538974e-05,0.038897428341396395,0.6376857815587292,0.637636723306319,4.905825241019457e-05,0.01928752482610639,0.039007038961519774,0.002543522450521613
4115,30,random_10,null,0.5077460681457205,0.5076283493988379,0.0001177187468826002,0.046281780158244336,0.6376857815587292,0.6376300090688419,5.5772489887306875e-05,0.021927264638796223,0.0463623942196815,0.002543522450521613
4115,30,random_11,visible,0.5077460681457205,0.5076399857455457,0.00010608240017484505,0.041706885721842245,0.6376857815587292,0.6376188590869535,6.692247177575439e-05,0.026310942041038506,0.04177656114343285,0.002543522450521613
4115,30,random_11,null,0.5077460681457205,0.5076347234410222,0.00011134470469831292,0.04377579001729625,0.6376857815587292,0.6376469317771886,3.884978154067298e-05,0.015274007718196416,0.04388324994067435,0.002543522450521613
4115,30,random_12,visible,0.5077460681457205,0.5076538902869994,9.217785872117634e-05,0.03624023790404247,0.6376857815587292,0.6376447228533825,4.10587053467637e-05,0.016142458399902696,0.03632142299399778,0.002543522450521613
4115,30,random_12,null,0.5077460681457205,0.5076229089965404,0.00012315914918015203,0.048420704584264694,0.6376857815587292,0.6376237146772233,6.206688150589557e-05,0.024401939716776316,0.04849510200028214,0.002543522450521613
4115,30,random_13,visible,0.5077460681457205,0.507651274957388,9.479318833249817e-05,0.037268469288745006,0.6376857815587292,0.6376470949082824,3.8686650446817517e-05,0.015209871821215437,0.037340952185015146,0.002543522450521613
4115,30,random_13,null,0.5077460681457205,0.5076249045640423,0.00012116358167824082,0.04763613612036064,0.6376857815587292,0.6376216813699672,6.41001887620174e-05,0.025201345774979123,0.04771450488313895,0.002543522450521613
4115,30,random_14,visible,0.5077460681457205,0.5076493214747684,9.67466709521636e-05,0.0380364918470931,0.6376857815587292,0.6376320302456733,5.3751313055960814e-05,0.02113262772457061,0.038140749176202575,0.002543522450521613
4115,30,random_14,null,0.5077460681457205,0.5076265252749101,0.00011954287081039627,0.04699894462731438,0.6376857815587292,0.6376337645500685,5.2017008660754094e-05,0.020450776304367473,0.04707763735155665,0.002543522450521613
4115,30,random_15,visible,0.5077460681457205,0.5076513809550891,9.468719063143727e-05,0.037226795702950954,0.6376857815587292,0.6376392508939994,4.653066472981582e-05,0.01829378966962668,0.03729822152804453,0.002543522450521613
4115,30,random_15,null,0.5077460681457205,0.5076248563716164,0.0001212117741041796,0.04765508324069327,0.6376857815587292,0.6376278777444202,5.790381430903491e-05,0.0227652066908866,0.047747914689246836,0.002543522450521613
4115,40,dstm,visible,0.3593637770953007,0.35929233082354245,7.144627175825757e-05,0.024744393323956084,0.5169350438465875,0.516885524376152,4.951947043552174e-05,0.017150359612836546,0.024844436543890087,0.0028873721340780434
4115,40,dstm,null,0.3593637770953007,0.35926097496799625,0.0001028021273044577,0.03560404496917509,0.5169350438465875,0.5168904332164452,4.461063014227218e-05,0.0154502530573589,0.03566821593610923,0.0028873721340780434
4115,40,random_00,visible,0.3593637770953007,0.3592836367664174,8.014032888331579e-05,0.02775545553600943,0.5169350438465875,0.5168959486582434,3.909518834410708e-05,0.013540058755395042,0.027842460321891627,0.0028873721340780434
4115,40,random_00,null,0.3593637770953007,0.3592676083861507,9.616870915002407e-05,0.03330665556233588,0.5169350438465875,0.5168830766534905,5.1967193096968956e-05,0.01799809331247232,0.0333806090188928,0.0028873721340780434
4115,40,random_01,visible,0.3593637770953007,0.35927187547637807,9.19016189226407e-05,0.03182880995420616,0.5169350438465875,0.516903900378205,3.11434683825107e-05,0.010786094391831834,0.031941813481422054,0.0028873721340780434
4115,40,random_01,null,0.3593637770953007,0.35927888998933566,8.4887105965048e-05,0.029399433818444398,0.5169350438465875,0.5168731722020228,6.187164456472605e-05,0.02142835827584866,0.029481998011775624,0.0028873721340780434
4115,40,random_02,visible,0.3593637770953007,0.3592701850742743,9.359202102643405e-05,0.03241425652129132,0.5169350438465875,0.5168794448764059,5.559897018159177e-05,0.019255907309414025,0.03249442992454364,0.0028873721340780434
4115,40,random_02,null,0.3593637770953007,0.35928064909742613,8.312799787457692e-05,0.028790191916540135,0.5169350438465875,0.5168998922913693,3.515155521816027e-05,0.01217423788339787,0.02887177997850531,0.0028873721340780434
4115,40,random_03,visible,0.3593637770953007,0.35928676598490833,7.701111039237762e-05,0.026671695512836196,0.5169350438465875,0.5168746401401115,6.040370647597548e-05,0.020919958935346164,0.026756632521132445,0.0028873721340780434
4115,40,random_03,null,0.3593637770953007,0.359265067411328,9.870968397268642e-05,0.034186685812913085,0.5169350438465875,0.516899807699458,3.523614712952483e-05,0.01220353508079275,0.03425712000996837,0.0028873721340780434
4115,40,random_04,visible,0.3593637770953007,0.359278450541017,8.532655428372671e-05,0.02955163045201724,0.5169350438465875,0.5168841096487602,5.0934197827312566e-05,0.017640330190267,0.029628622858702703,0.0028873721340780434
4115,40,random_04,null,0.3593637770953007,0.359272175027968,9.160206733271892e-05,0.03172506454973046,0.5169350438465875,0.5168937638003092,4.1280046278346916e-05,0.014296753020208773,0.03180585422127595,0.0028873721340780434
4115,40,random_05,visible,0.3593637770953007,0.3592896344043632,7.414269093752868e-05,0.025678259501940824,0.5169350438465875,0.5168937739896484,4.126985693908569e-05,0.01429322408843688,0.02576510603928945,0.0028873721340780434
4115,40,random_05,null,0.3593637770953007,0.35926294093959077,0.00010083615570993798,0.03492315885431776,0.5169350438465875,0.5168848305024566,5.021334413091161e-05,0.017390672833013626,0.035008955511875356,0.0028873721340780434
4115,40,random_06,visible,0.3593637770953007,0.3592909644815303,7.281261377040105e-05,0.025217606317881357,0.5169350438465875,0.5169006764562786,3.4367390308931434e-05,0.011902653594011069,0.02528075353871369,0.0028873721340780434
4115,40,random_06,null,0.3593637770953007,0.3592619605337222,0.00010181656157848273,0.035262708390372904,0.5169350438465875,0.5168797452000218,5.5298646565726806e-05,0.019151894524806038,0.035360304803028965,0.0028873721340780434
4115,40,random_07,visible,0.3593637770953007,0.3592786198395488,8.515725575192201e-05,0.029492996329381446,0.5169350438465875,0.5168969346701325,3.810917645497014e-05,0.013198567654369445,0.029564740532958062,0.0028873721340780434
4115,40,random_07,null,0.3593637770953007,0.3592719995720317,9.17775232689988e-05,0.03178583120125039,0.5169350438465875,0.5168817930728672,5.3250773720314726e-05,0.018442643084286066,0.03186524395743996,0.0028873721340780434
4115,40,random_08,visible,0.3593637770953007,0.35928266589491614,8.111120038456487e-05,0.02809170298045569,0.5169350438465875,0.5168779433637956,5.710048279194968e-05,0.019775934704787276,0.02815971893612375,0.0028873721340780434
4115,40,random_08,null,0.3593637770953007,0.35926844178986694,9.533530543376356e-05,0.03301801811708789,0.5169350438465875,0.5168983596508228,3.6684195764746796e-05,0.012705045993823825,0.03311340943918054,0.0028873721340780434
4115,40,random_09,visible,0.3593637770953007,0.35928235302945843,8.142406584227269e-05,0.028200059452423827,0.5169350438465875,0.5169240860561328,1.0957790454679817e-05,0.003795073840794931,0.02828721377258024,0.0028873721340780434
4115,40,random_09,null,0.3593637770953007,0.35926876387069145,9.501322460925277e-05,0.032906470034764365,0.5169350438465875,0.5168590334058942,7.60104406932749e-05,0.02632512788918548,0.033004563203179106,0.0028873721340780434
4115,40,random_10,visible,0.3593637770953007,0.3592877510481989,7.602604710182925e-05,0.02633053294535062,0.5169350438465875,0.5168791965791207,5.584726746676871e-05,0.019341901519251557,0.02642532244731668,0.0028873721340780434
4115,40,random_10,null,0.3593637770953007,0.3592643729630685,9.94041322321948e-05,0.03442719802514655,0.5169350438465875,0.5168960650309472,3.897881564030037e-05,0.01349975473554487,0.03451333059563563,0.0028873721340780434
4115,40,random_11,visible,0.3593637770953007,0.3592763161645038,8.746093079692319e-05,0.030290841199397397,0.5169350438465875,0.5168576736899421,7.737015664543989e-05,0.026796046042102808,0.030364617606527824,0.0028873721340780434
4115,40,random_11,null,0.3593637770953007,0.3592742332619186,8.95438333821108e-05,0.031012224688766254,0.5169350438465875,0.5169198298550449,1.5213991542584182e-05,0.005269148151366401,0.03110398130236125,0.0028873721340780434
4115,40,random_12,visible,0.3593637770953007,0.3592843954059898,7.938168931093115e-05,0.02749271158159121,0.5169350438465875,0.516912915275586,2.212857100147847e-05,0.007663913750606402,0.0275894997552116,0.0028873721340780434
4115,40,random_12,null,0.3593637770953007,0.35926700331024086,9.677378505984491e-05,0.03351621494080305,0.5169350438465875,0.5168692038284066,6.584001818088492e-05,0.022802747662420058,0.03358998598549092,0.0028873721340780434
4115,40,random_13,visible,0.3593637770953007,0.3592752336471557,8.854344814501758e-05,0.030665755584459872,0.5169350438465875,0.5168985955839238,3.6448262663690834e-05,0.012623333942138012,0.030743785562132378,0.0028873721340780434
4115,40,random_13,null,0.3593637770953007,0.3592752546996139,8.852239568679643e-05,0.030658464366963976,0.5169350438465875,0.5168796269364084,5.5416910179073575e-05,0.01919285343410317,0.030729258119224397,0.0028873721340780434
4115,40,random_14,visible,0.3593637770953007,0.35928944054025463,7.433655504607284e-05,0.025745401560373853,0.5169350438465875,0.5168811142756998,5.392957088767858e-05,0.018677734764832674,0.025828109811683105,0.0028873721340780434
4115,40,random_14,null,0.3593637770953007,0.35926301870855176,0.00010075838674894477,0.034896224688099504,0.5169350438465875,0.5168941440858359,4.08997607516115e-05,0.014165046572589114,0.03496249989351357,0.0028873721340780434
4115,40,random_15,visible,0.3593637770953007,0.3592771794939237,8.659760137702532e-05,0.029991839415142274,0.5169350438465875,0.5168747735318672,6.0270314720334284e-05,0.020873760610555656,0.030072980208664703,0.0028873721340780434
4115,40,random_15,null,0.3593637770953007,0.3592733936197471,9.03834755536237e-05,0.031303022733674656,0.5169350438465875,0.516902840781601,3.220306498652459e-05,0.01115307050533936,0.031386040155100145,0.0028873721340780434
4115,50,dstm,visible,0.2675829326604322,0.26751862495563444,6.430770479776138e-05,0.020527728515879223,0.4488651049110051,0.44880666713206324,5.843777894187774e-05,0.018653983452875295,0.020609384966200288,0.0031327238543717175
4115,50,dstm,null,0.2675829326604322,0.26748477369086116,9.815896957104941e-05,0.031333425521712845,0.4488651049110051,0.4488696571041418,-4.552193136664329e-06,-0.0014531102479114911,0.03140871818305551,0.0031327238543717175
4115,50,random_00,visible,0.2675829326604322,0.26750904434088013,7.388831955207342e-05,0.023585966394376653,0.4488651049110051,0.4488840341613608,-1.8929250355681493e-05,-0.006042425453257144,0.023687548844766846,0.0031327238543717175
4115,50,random_00,null,0.2675829326604322,0.26749186840594846,9.106425448374145e-05,0.029068714229842262,0.4488651049110051,0.44881326716876424,5.183774224087889e-05,0.016547178956912944,0.029157406543011147,0.0031327238543717175
4115,50,random_01,visible,0.2675829326604322,0.2674986888730359,8.424378739629867e-05,0.026891545923761022,0.4488651049110051,0.448876320302768,-1.1215391762853244e-05,-0.00358007672690402,0.027003523134072067,0.0031327238543717175
4115,50,random_01,null,0.2675829326604322,0.2675014505025352,8.148215789699487e-05,0.026010003334091026,0.4488651049110051,0.4488129121807826,5.219273022250004e-05,0.016660495035227908,0.026116356272176993,0.0031327238543717175
4115,50,random_02,visible,0.2675829326604322,0.2675036589214277,7.927373900451506e-05,0.025305051670573685,0.4488651049110051,0.44883299788510583,3.210702589928616e-05,0.010248916722896207,0.025383042730624902,0.0031327238543717175
4115,50,random_02,null,0.2675829326604322,0.26749648738335985,8.644527707235561e-05,0.027594285704985195,0.4488651049110051,0.44885617714157144,8.927769433675348e-06,0.002849842452987563,0.027693960863749964,0.0031327238543717175
4115,50,random_03,visible,0.2675829326604322,0.26751729225628124,6.564040415096839e-05,0.020953140845583047,0.4488651049110051,0.448821020194184,4.4084716821102266e-05,0.014072327747491061,0.021024109261034648,0.0031327238543717175
4115,50,random_03,null,0.2675829326604322,0.2674856833606935,9.724929973869978e-05,0.031043048879966978,0.4488651049110051,0.4488607127427252,4.392168279909736e-06,0.001402028548983168,0.03113263812091294,0.0031327238543717175
4115,50,random_04,visible,0.2675829326604322,0.2675023592577371,8.05734026951277e-05,0.025719918652481123,0.4488651049110051,0.4488224352276542,4.266968335092658e-05,0.013620633459722604,0.025820398268996247,0.0031327238543717175
4115,50,random_04,null,0.2675829326604322,0.2674976994835931,8.52331768391168e-05,0.02720736994426555,0.4488651049110051,0.448866573887473,-1.4689764678554873e-06,-0.00046891348747689013,0.02728665167839506,0.0031327238543717175
4115,50,random_05,visible,0.2675829326604322,0.2675062006134942,7.67320469379773e-05,0.024493715534772625,0.4488651049110051,0.44885058316041176,1.452175059335481e-05,0.004635502926020658,0.024599620218490555,0.0031327238543717175
4115,50,random_05,null,0.2675829326604322,0.2674942365521126,8.869610831963026e-05,0.028312775859849506,0.4488651049110051,0.44884027402139653,2.4830889608584705e-05,0.007926293782304875,0.028392129396959207,0.0031327238543717175
4115,50,random_06,visible,0.2675829326604322,0.2675081504205752,7.47822398570186e-05,0.023871315613299252,0.4488651049110051,0.4488652436704064,-1.3875940130247955e-07,-4.4293531046102496e-05,0.02395397916057679,0.0031327238543717175
4115,50,random_06,null,0.2675829326604322,0.26749255516265635,9.037749777585091e-05,0.02884949391556778,0.4488651049110051,0.4488282476349052,3.6857276099921954e-05,0.01176524896967462,0.028938922042161447,0.0031327238543717175
4115,50,random_07,visible,0.2675829326604322,0.2675067992199928,7.613344043938541e-05,0.024302633739370666,0.4488651049110051,0.4488672574795881,-2.1525685829915098e-06,-0.0006871236288470174,0.024399949960692367,0.0031327238543717175
4115,50,random_07,null,0.2675829326604322,0.2674936940507203,8.923860971188358e-05,0.02848594828661679,0.4488651049110051,0.44882603212596434,3.9072785040783486e-05,0.01247246385481995,0.028563906744410034,0.0031327238543717175
4115,50,random_08,visible,0.2675829326604322,0.26750296737398604,7.996528644615974e-05,0.025525801239891652,0.4488651049110051,0.44884046590780435,2.4639003200765952e-05,0.007865041524927967,0.02562633418949808,0.0031327238543717175
4115,50,random_08,null,0.2675829326604322,0.26749715913241345,8.577352801875104e-05,0.027379855999453653,0.4488651049110051,0.4488493514517038,1.5753459301326433e-05,0.005028677928104794,0.02746898837954915,0.0031327238543717175
4115,50,random_09,visible,0.2675829326604322,0.2675068149699351,7.61176904970906e-05,0.024297606184109824,0.4488651049110051,0.44888450675014446,-1.940183913934357e-05,-0.006193281004410361,0.02439313786799569,0.0031327238543717175
4115,50,random_09,null,0.2675829326604322,0.26749381004599243,8.912261443977387e-05,0.02844892131663735,0.4488651049110051,0.4488113675086702,5.3737402334941287e-05,0.01715357140717996,0.028569724386850487,0.0031327238543717175
4115,50,random_10,visible,0.2675829326604322,0.26751244196607105,7.049069436115829e-05,0.022501406966588675,0.4488651049110051,0.4488120277906509,5.307712035423906e-05,0.016942802117770425,0.022594711187522404,0.0031327238543717175
4115,50,random_10,null,0.2675829326604322,0.26748915989823013,9.37727622020712e-05,0.029933299761232154,0.4488651049110051,0.44886962554396076,-4.5206329556402025e-06,-0.0014430358901030033,0.030012220060170392,0.0031327238543717175
4115,50,random_11,visible,0.2675829326604322,0.2675062127591026,7.671990132962492e-05,0.024489838522652504,0.4488651049110051,0.44881435753344584,5.074737755927927e-05,0.016199122526698702,0.024563716001526483,0.0031327238543717175
4115,50,random_11,null,0.2675829326604322,0.2674942434532761,8.868920715610074e-05,0.028310572932349242,0.4488651049110051,0.44887150869282344,-6.403781818320464e-06,-0.0020441577732374923,0.028423197968982947,0.0031327238543717175
4115,50,random_12,visible,0.2675829326604322,0.26750652285399196,7.640980644024742e-05,0.024390852814434153,0.4488651049110051,0.44884571885986835,1.938605113677161e-05,0.006188241299889349,0.024475431201763424,0.0031327238543717175
4115,50,random_12,null,0.2675829326604322,0.2674938813568017,8.905130363051628e-05,0.028426158119952114,0.4488651049110051,0.4488444201458396,2.068476516553508e-05,0.006602805139262269,0.02849925602669989,0.0031327238543717175
4115,50,random_13,visible,0.2675829326604322,0.2675050653750184,7.786728541381294e-05,0.024856096174946638,0.4488651049110051,0.44885951532905405,5.589581951070954e-06,0.0017842561971335871,0.02493121224229172,0.0031327238543717175
4115,50,random_13,null,0.2675829326604322,0.26749517520850563,8.775745192657336e-05,0.028013146388280535,0.4488651049110051,0.44883221263327716,3.289227772795833e-05,0.010499577765865683,0.028101405351288886,0.0031327238543717175
4115,50,random_14,visible,0.2675829326604322,0.2675170266575046,6.590600292760707e-05,0.021037922903940354,0.4488651049110051,0.44883560811009693,2.9496800908190846e-05,0.009415704121838906,0.021126959669195935,0.0031327238543717175
4115,50,random_14,null,0.2675829326604322,0.26748584738845915,9.708527197305195e-05,0.030990689408378402,0.4488651049110051,0.4488509266215596,1.4178289445498926e-05,0.0045258663401541496,0.03106293453175042,0.0031327238543717175
4115,50,random_15,visible,0.2675829326604322,0.2675022835915754,8.064906885679735e-05,0.02574407212568434,0.4488651049110051,0.44883004180037084,3.506311063428136e-05,0.011192531568127453,0.025818252097785217,0.0031327238543717175
4115,50,random_15,null,0.2675829326604322,0.2674978082161326,8.51244442995891e-05,0.027172661318615076,0.4488651049110051,0.4488593077044221,5.797206583002534e-06,0.0018505322691984261,0.027288682364725005,0.0031327238543717175
4115,60,dstm,visible,0.20679452786793107,0.206734426058837,6.0101809094076364e-05,0.018002233904199284,0.4126507053388849,0.4126888950518241,-3.818971293917395e-05,-0.011438925972912111,0.018133229598473716,0.003338575057624195
4115,60,dstm,null,0.20679452786793107,0.20670285576844563,9.167209948543475e-05,0.02745845095681949,0.4126507053388849,0.41263085806705185,1.9847271833073332e-05,0.005944833196949928,0.027552327835078067,0.003338575057624195
4115,60,random_00,visible,0.20679452786793107,0.2067224096452929,7.21182226381678e-05,0.02160149806231667,0.4126507053388849,0.4127048651482439,-5.4159809358966804e-05,-0.01622243275174653,0.021751591722079775,0.003338575057624195
4115,60,random_00,null,0.20679452786793107,0.20671204428520784,8.248358272322509e-05,0.024706223852856035,0.4126507053388849,0.4126089464322873,4.175890659763315e-05,0.012508002928455868,0.024795423818893096,0.003338575057624195
4115,60,random_01,visible,0.20679452786793107,0.20671574483452787,7.878303340319581e-05,0.023597802069263523,0.4126507053388849,0.4126939460236277,-4.3240684742762436e-05,-0.012951838432991074,0.023736702172421513,0.003338575057624195
4115,60,random_01,null,0.20679452786793107,0.20671843341090745,7.609445702361217e-05,0.022792495513868333,0.4126507053388849,0.4126122192817571,3.848605712780673e-05,0.01152768964708982,0.022902265276176073,0.003338575057624195
4115,60,random_02,visible,0.20679452786793107,0.2067203401006653,7.418776726575427e-05,0.022221386665048637,0.4126507053388849,0.41264358909646504,7.116242419891172e-06,0.0021315208725471192,0.022320959378770735,0.003338575057624195
4115,60,random_02,null,0.20679452786793107,0.20671387698021979,8.065088771128104e-05,0.024157278575211674,0.4126507053388849,0.41266320288749864,-1.2497548613710219e-05,-0.0037433780574050524,0.02428414209342894,0.003338575057624195
4115,60,random_03,visible,0.20679452786793107,0.20673414082482572,6.0387043105347704e-05,0.018087669758223283,0.4126507053388849,0.4126254096328926,2.529570599230091e-05,0.0075767971531848395,0.018179900499063664,0.003338575057624195
4115,60,random_03,null,0.20679452786793107,0.206703015957719,9.151191021206095e-05,0.02741046962627909,0.4126507053388849,0.4126725632984834,-2.1857959598470256e-05,-0.006547092463461005,0.02752155523669993,0.003338575057624195
4115,60,random_04,visible,0.20679452786793107,0.2067251609332102,6.936693472087141e-05,0.020777407583651715,0.4126507053388849,0.41266404306124344,-1.3337722358508497e-05,-0.003995034446821729,0.02089114965707813,0.003338575057624195
4115,60,random_04,null,0.20679452786793107,0.20670963678660886,8.489108132220258e-05,0.025427339465781844,0.4126507053388849,0.41264541754840983,5.287790475094756e-06,0.0015838465165008652,0.02552458914082938,0.003338575057624195
4115,60,random_05,visible,0.20679452786793107,0.20672037280355532,7.415506437574715e-05,0.02221159120158214,0.4126507053388849,0.4126594154903662,-8.710151481294837e-06,-0.0026089428366763085,0.02232992571702076,0.003338575057624195
4115,60,random_05,null,0.20679452786793107,0.206713835558795,8.069230913607117e-05,0.024169685492556707,0.4126507053388849,0.41264861089508803,2.0944437968961616e-06,0.0006273466256549029,0.02427589755858505,0.003338575057624195
4115,60,random_06,visible,0.20679452786793107,0.20672502653068073,6.950133725033836e-05,0.020817665036950546,0.4126507053388849,0.4126868823688698,-3.617702998487404e-05,-0.010836069089493059,0.020915149084725457,0.003338575057624195
4115,60,random_06,null,0.20679452786793107,0.20670977963479487,8.474823313620039e-05,0.025384552293549197,0.4126507053388849,0.4126266671985227,2.4038140362225846e-05,0.0072001197958184975,0.02550492743699321,0.003338575057624195
4115,60,random_07,visible,0.20679452786793107,0.20672225134453537,7.22765233956979e-05,0.02164891372762232,0.4126507053388849,0.41267802551033256,-2.7320171447631214e-05,-0.008183183237184088,0.02176119835841393,0.003338575057624195
4115,60,random_07,null,0.20679452786793107,0.20671209613579442,8.243173213665078e-05,0.02469069309926225,0.4126507053388849,0.4126324254269264,1.8279911958518635e-05,0.005475363483823255,0.024786993178042865,0.003338575057624195
4115,60,random_08,visible,0.20679452786793107,0.2067210695944261,7.345827350496714e-05,0.02200288213895712,0.4126507053388849,0.41263014005886334,2.0565280021589416e-05,0.006159897461231299,0.022122280638600642,0.003338575057624195
4115,60,random_08,null,0.20679452786793107,0.2067131930212564,8.133484667466329e-05,0.02436214410963191,0.4126507053388849,0.41267512130902134,-2.44159701364155e-05,-0.007313290764770301,0.024465270980505733,0.003338575057624195
4115,60,random_09,visible,0.20679452786793107,0.20672795299713062,6.657487080044544e-05,0.01994110351013693,0.4126507053388849,0.41270149573651205,-5.0790397627120676e-05,-0.015213196274000881,0.02005108609011518,0.003338575057624195
4115,60,random_09,null,0.20679452786793107,0.20670761023302564,8.69176349054257e-05,0.026034351004610407,0.4126507053388849,0.412617292238238,3.341310064691738e-05,0.010008192138922555,0.026189668409687252,0.003338575057624195
4115,60,random_10,visible,0.20679452786793107,0.2067240191722713,7.050869565977669e-05,0.021119398079356724,0.4126507053388849,0.4126095626610716,4.11426778132995e-05,0.01232342454585327,0.021269914960423818,0.003338575057624195
4115,60,random_10,null,0.20679452786793107,0.20671061487053888,8.391299739218816e-05,0.025134374978498325,0.4126507053388849,0.4126911128937023,-4.040755481737879e-05,-0.012103233900673095,0.025209829479370144,0.003338575057624195
4115,60,random_11,visible,0.20679452786793107,0.2067217832422325,7.2744625698562e-05,0.0217891239355058,0.4126507053388849,0.4126082378333738,4.246750551112344e-05,0.012720248842134546,0.021876299239912085,0.003338575057624195
4115,60,random_11,null,0.20679452786793107,0.20671258952555074,8.193834238032216e-05,0.02454290856609686,0.4126507053388849,0.4126940886176765,-4.338327879155335e-05,-0.012994549483762653,0.024685467716217227,0.003338575057624195
4115,60,random_12,visible,0.20679452786793107,0.2067263360614014,6.81918065296716e-05,0.020425422628718264,0.4126507053388849,0.412668178834821,-1.747349593606007e-05,-0.005233818510731522,0.020576710326204596,0.003338575057624195
4115,60,random_12,null,0.20679452786793107,0.20670870512627795,8.582274165311321e-05,0.025706398739522907,0.4126507053388849,0.41264232660465544,8.378734229486096e-06,0.0025096737634673974,0.025778746613325593,0.003338575057624195
4115,60,random_13,visible,0.20679452786793107,0.2067201386424197,7.438922551136762e-05,0.02228172924897626,0.4126507053388849,0.4126744426788176,-2.373733993266125e-05,-0.007110021348315372,0.02238193360994695,0.003338575057624195
4115,60,random_13,null,0.20679452786793107,0.20671396667544686,8.056119248420202e-05,0.024130412254841194,0.4126507053388849,0.4126346450974691,1.606024141581619e-05,0.004810507818040497,0.02422795560261963,0.003338575057624195
4115,60,random_14,visible,0.20679452786793107,0.20672683697129252,6.769089663855032e-05,0.020275385597207658,0.4126507053388849,0.41260509016260766,4.561517627726941e-05,0.013663067473381951,0.02041139600530606,0.003338575057624195
4115,60,random_14,null,0.20679452786793107,0.20670829449207775,8.623337585331181e-05,0.025829395584916825,0.4126507053388849,0.4126921407666083,-4.1435427723390816e-05,-0.012411111629425878,0.02590983785972341,0.003338575057624195
4115,60,random_15,visible,0.20679452786793107,0.20672117733493311,7.335053299795113e-05,0.021970610734194193,0.4126507053388849,0.4126154691190811,3.5236219803835844e-05,0.01055426917042588,0.0220410528306325,0.003338575057624195
4115,60,random_15,null,0.20679452786793107,0.20671317320744978,8.135466048128648e-05,0.024368078919028494,0.4126507053388849,0.4126882174813069,-3.751214242198042e-05,-0.011235973963297655,0.024538475399255102,0.003338575057624195
4115,70,dstm,visible,0.1654080005926883,0.1653502596687933,5.774092389498886e-05,0.016397539080743487,0.3876632779914271,0.38773374250779125,-7.046451636416595e-05,-0.020010844699826103,0.01654153989712471,0.0035213164372205783
4115,70,dstm,null,0.1654080005926883,0.16532723988587456,8.076070681373171e-05,0.02293480527909534,0.3876632779914271,0.3876700752821356,-6.7972907085156464e-06,-0.0019303265780569376,0.02300012859972709,0.0035213164372205783
4115,70,random_00,visible,0.1654080005926883,0.16533980906713147,6.819152555681551e-05,0.019365350082152795,0.3876632779914271,0.38777109999011145,-0.00010782199868436537,-0.030619798193845568,0.01951818848797275,0.0035213164372205783
4115,70,random_00,null,0.1654080005926883,0.1653359976761616,7.200291652667556e-05,0.02044772681193867,0.3876632779914271,0.3876249922782092,3.828571321790042e-05,0.010872556869134953,0.020534575133664693,0.0035213164372205783
4115,70,random_01,visible,0.1654080005926883,0.16533686255159563,7.113804109265542e-05,0.020202115419313358,0.3876632779914271,0.38771168417699653,-4.8406185569449534e-05,-0.013746616196656606,0.020333436644983594,0.0035213164372205783
4115,70,random_01,null,0.1654080005926883,0.1653389174234999,6.908316918838309e-05,0.019618563233388744,0.3876632779914271,0.38768040886619004,-1.7130874762960602e-05,-0.004864906369074353,0.01972764081122197,0.0035213164372205783
4115,70,random_02,visible,0.1654080005926883,0.16534229515933604,6.570543335224222e-05,0.018659337927637194,0.3876632779914271,0.38766353181963975,-2.5382821267072586e-07,-7.208332940139735e-05,0.018750225364410164,0.0035213164372205783
4115,70,random_02,null,0.1654080005926883,0.16533362891484987,7.437167783841403e-05,0.021120418787786244,0.3876632779914271,0.38772525085122916,-6.197285980208411e-05,-0.017599344139318563,0.02123811447741965,0.0035213164372205783
4115,70,random_03,visible,0.1654080005926883,0.16534999841351994,5.800217916834827e-05,0.016471731581763255,0.3876632779914271,0.38767284957466897,-9.571583241885229e-06,-0.002718183217138022,0.01656018825748855,0.0035213164372205783
4115,70,random_03,null,0.1654080005926883,0.16532740380661784,8.059678607044707e-05,0.02288825429561882,0.3876632779914271,0.3877137569728692,-5.047898144211471e-05,-0.014335258515408641,0.022986705345670808,0.0035213164372205783
4115,70,random_04,visible,0.1654080005926883,0.1653462394558265,6.176113686179319e-05,0.017539218063157672,0.3876632779914271,0.3876924002320723,-2.912224064521851e-05,-0.008270270838881235,0.01763991991389403,0.0035213164372205783
4115,70,random_04,null,0.1654080005926883,0.1653302836895497,7.771690313859714e-05,0.0220704115986634,0.3876632779914271,0.38769967710743664,-3.639911600955559e-05,-0.01033679212263181,0.022168935094035468,0.0035213164372205783
4115,70,random_05,visible,0.1654080005926883,0.16534083894946136,6.716164322692619e-05,0.019072879255332634,0.3876632779914271,0.38769216584518207,-2.888785375498859e-05,-0.0082037085476448,0.019173706997161682,0.0035213164372205783
4115,70,random_05,null,0.1654080005926883,0.16533490720456728,7.309338812100385e-05,0.0207574040629809,0.3876632779914271,0.3877000246429143,-3.674665148722944e-05,-0.010435486881785057,0.020856591710036076,0.0035213164372205783
4115,70,random_06,visible,0.1654080005926883,0.16534560057897693,6.240001371135562e-05,0.017720649315063765,0.3876632779914271,0.38772687408097933,-6.35960895522536e-05,-0.01806031655662586,0.017802112113330184,0.0035213164372205783
4115,70,random_06,null,0.1654080005926883,0.1653308217278789,7.717886480937408e-05,0.02191761694393259,0.3876632779914271,0.38767180104306187,-8.523051634790058e-06,-0.0024204162808831274,0.022038903377359212,0.0035213164372205783
4115,70,random_07,visible,0.1654080005926883,0.16534458728937793,6.341330331036121e-05,0.01800840806014417,0.3876632779914271,0.3877301443726865,-6.686638125941169e-05,-0.018989029373398265,0.018116965866299507,0.0035213164372205783
4115,70,random_07,null,0.1654080005926883,0.16533162663328899,7.63739593993007e-05,0.021689036120702537,0.3876632779914271,0.3876681671925809,-4.889201153823741e-06,-0.0013884583339754755,0.021780817376110817,0.0035213164372205783
4115,70,random_08,visible,0.1654080005926883,0.16534597454441438,6.202604827390545e-05,0.017614448851652604,0.3876632779914271,0.38768085461858565,-1.757662715856645e-05,-0.004991493230423766,0.017714863274165354,0.0035213164372205783
4115,70,random_08,null,0.1654080005926883,0.165330512327655,7.748826503328754e-05,0.02200548187440094,0.3876632779914271,0.38770886605181853,-4.558806039145491e-05,-0.012946311757042252,0.022109094892142918,0.0035213164372205783
4115,70,random_09,visible,0.1654080005926883,0.1653518985796171,5.610201307118534e-05,0.01593211347840906,0.3876632779914271,0.387743352423336,-8.007443190893859e-05,-0.022739913704586685,0.016025607688642442,0.0035213164372205783
4115,70,random_09,null,0.1654080005926883,0.16532625365777784,8.174693491044827e-05,0.023214878971505384,0.3876632779914271,0.3876647923265323,-1.514335105201603e-06,-0.00043004800397799175,0.02336254172777176,0.0035213164372205783
4115,70,random_10,visible,0.1654080005926883,0.16534801000607185,5.999058661643186e-05,0.017036408878885995,0.3876632779914271,0.38767461743037956,-1.133943895248457e-05,-0.0032202271947575777,0.01717747786724557,0.0035213164372205783
4115,70,random_10,null,0.1654080005926883,0.16532895038171375,7.905021097454057e-05,0.022449050627479518,0.3876632779914271,0.38771328842031644,-5.0010428889357694e-05,-0.01420219675821909,0.022529152489440013,0.0035213164372205783
4115,70,random_11,visible,0.1654080005926883,0.1653409616799353,6.70389127529758e-05,0.019038025678229164,0.3876632779914271,0.38762343776717106,3.9840224256015855e-05,0.011314014223459642,0.01911682488355658,0.0035213164372205783
4115,70,random_11,null,0.1654080005926883,0.16533486214511506,7.313844757322885e-05,0.020770200258105175,0.3876632779914271,0.3877627875652544,-9.950957382731662e-05,-0.028259196695728045,0.020908741333317618,0.0035213164372205783
4115,70,random_12,visible,0.1654080005926883,0.16534672582161516,6.127477107312207e-05,0.017401097619470705,0.3876632779914271,0.38773409536039566,-7.081736896857871e-05,-0.020111049441633198,0.017535872476287576,0.0035213164372205783
4115,70,random_12,null,0.1654080005926883,0.16532988938147483,7.811121121345521e-05,0.022182389059902104,0.3876632779914271,0.3876667637934235,-3.4858019964389975e-06,-0.0009899144421085845,0.02225132882026447,0.0035213164372205783
4115,70,random_13,visible,0.1654080005926883,0.16534121320745523,6.67873852330525e-05,0.018966595710372642,0.3876632779914271,0.38771715098375564,-5.387299232856302e-05,-0.015299105686476074,0.019056444168775947,0.0035213164372205783
4115,70,random_13,null,0.1654080005926883,0.16533448480205265,7.351579063563651e-05,0.020877359915334247,0.3876632779914271,0.38767723656948644,-1.395857805935874e-05,-0.003964022634210185,0.02096378766860792,0.0035213164372205783
4115,70,random_14,visible,0.1654080005926883,0.16534900628480437,5.899430788391946e-05,0.016753480959661907,0.3876632779914271,0.38764016349564057,2.31144957865137e-05,0.006564163203906286,0.016874260038611276,0.0035213164372205783
4115,70,random_14,null,0.1654080005926883,0.16532816447933674,7.983611335155016e-05,0.022672234880022842,0.3876632779914271,0.3877383591217901,-7.508113036303055e-05,-0.021321892451759625,0.02275714845760512,0.0035213164372205783
4115,70,random_15,visible,0.1654080005926883,0.16533975425179806,6.824634089022674e-05,0.019380916798291063,0.3876632779914271,0.3876740951384165,-1.0817146989416937e-05,-0.0030719042671311456,0.01944365945372588,0.0035213164372205783
4115,70,random_15,null,0.1654080005926883,0.16533604419619247,7.195639649582031e-05,0.020434515834826944,0.3876632779914271,0.3877171700541208,-5.389206269373892e-05,-0.01530452137845261,0.020605158694358285,0.0035213164372205783
4115,80,dstm,visible,0.13551406032685812,0.13545973056347618,5.432976338193285e-05,0.014743173840152442,0.3674566381718818,0.36751053513787174,-5.389696598995242e-05,-0.014625727954318638,0.014876254217840924,0.0036850792082480854
4115,80,dstm,null,0.13551406032685812,0.13544117684119583,7.288348566228398e-05,0.019777997037120226,0.3674566381718818,0.367452088631975,4.549539906806288e-06,0.001234584021049896,0.01983329259267765,0.0036850792082480854
4115,80,random_00,visible,0.13551406032685812,0.13545239665097622,6.166367588189559e-05,0.016733337981956423,0.3674566381718818,0.3675709068327197,-0.00011426866083791287,-0.031008468035680855,0.016867060348364517,0.0036850792082480854
4115,80,random_00,null,0.13551406032685812,0.1354474504181814,6.660990867671246e-05,0.018075570405006115,0.3674566381718818,0.367389489544929,6.714862695278434e-05,0.018221759467880558,0.018170435047769808,0.0036850792082480854
4115,80,random_01,visible,0.13551406032685812,0.13544904589776352,6.501442909459532e-05,0.01764261374601597,0.3674566381718818,0.36749199138484495,-3.535321296316285e-05,-0.009593610059733299,0.017768727228561244,0.0036850792082480854
4115,80,random_01,null,0.13551406032685812,0.1354507256005181,6.333472634001414e-05,0.017186801900555063,0.3674566381718818,0.36746138113037824,-4.7429584964509e-06,-0.001287070976882947,0.01728973011060549,0.0036850792082480854
4115,80,random_02,visible,0.13551406032685812,0.13545493254433616,5.912778252195605e-05,0.01604518632587706,0.3674566381718818,0.3674308064051719,2.5831766709893955e-05,0.007009826722876487,0.016123044509065144,0.0036850792082480854
4115,80,random_02,null,0.13551406032685812,0.13544504894548418,6.901138137394014e-05,0.018727245053369878,0.3674566381718818,0.3675165012822253,-5.9863110343505443e-05,-0.01624472825699853,0.01883374286697406,0.0036850792082480854
4115,80,random_03,visible,0.13551406032685812,0.13546131290096428,5.274742589383985e-05,0.014313783480088715,0.3674566381718818,0.3674228843746609,3.375379722087013e-05,0.009159585266259974,0.014391285417660141,0.0036850792082480854
4115,80,random_03,null,0.13551406032685812,0.13544000117731347,7.405914954464188e-05,0.02009703058183386,0.3674566381718818,0.3675157667014505,-5.9128529568686083e-05,-0.01604538904790495,0.020187950333008912,0.0036850792082480854
4115,80,random_04,visible,0.13551406032685812,0.1354560049423728,5.8055384485306005e-05,0.015754175474807765,0.3674566381718818,0.3675017446771689,-4.510650528710691e-05,-0.012240308209969492,0.015861006910025215,0.0036850792082480854
4115,80,random_04,null,0.13551406032685812,0.1354441366208839,6.992370597422304e-05,0.018974817642377163,0.3674566381718818,0.367456342583696,2.9558818576136403e-07,8.021216615907936e-05,0.019054944093875592,0.0036850792082480854
4115,80,random_05,visible,0.13551406032685812,0.13545446572864148,5.959459821663904e-05,0.01617186357439811,0.3674566381718818,0.3674461253236649,1.051284821690368e-05,0.002852814721966741,0.016273944806766524,0.0036850792082480854
4115,80,random_05,null,0.13551406032685812,0.13544542885431687,6.86314725412418e-05,0.018624151249619875,0.3674566381718818,0.36750367782014054,-4.7039648258750955e-05,-0.01276489475544108,0.01870350649068,0.0036850792082480854
4115,80,random_06,visible,0.13551406032685812,0.1354594587797857,5.460154707240261e-05,0.014816926309261234,0.3674566381718818,0.3675020195993858,-4.538142750398766e-05,-0.012314912364003795,0.01488816347481614,0.0036850792082480854
4115,80,random_06,null,0.13551406032685812,0.13544142450687247,7.263581998565027e-05,0.019710789342892276,0.3674566381718818,0.367458331496308,-1.6933244262329339e-06,-0.0004595082847725146,0.019824354288796964,0.0036850792082480854
4115,80,random_07,visible,0.13551406032685812,0.13545848596463528,5.5574362222837737e-05,0.01508091389147052,0.3674566381718818,0.3675052149478902,-4.8576776008391054e-05,-0.013182016793469364,0.01516407607758534,0.0036850792082480854
4115,80,random_07,null,0.13551406032685812,0.13544212900887836,7.193131797975094e-05,0.019519612446525305,0.3674566381718818,0.3674551660994661,1.4720724156869203e-06,0.00039946832415218414,0.019614107966812972,0.0036850792082480854
4115,80,random_08,visible,0.13551406032685812,0.13545729191152464,5.676841533347465e-05,0.01540493762153427,0.3674566381718818,0.367438503461469,1.8134710412787136e-05,0.0049211182142835175,0.015497487533307245,0.0036850792082480854
4115,80,random_08,null,0.13551406032685812,0.13544309570543658,7.096462142153204e-05,0.019257285233570096,0.3674566381718818,0.36750778997566896,-5.115180378717499e-05,-0.01388078814498344,0.01935175224044527,0.0036850792082480854
4115,80,random_09,visible,0.13551406032685812,0.13545920782311116,5.485250374695494e-05,0.0148850270637825,0.3674566381718818,0.36752507571833815,-6.843754645635691e-05,-0.018571526577550186,0.014966171738588585,0.0036850792082480854
4115,80,random_09,null,0.13551406032685812,0.13544166603508567,7.239429177244294e-05,0.019645247138896572,0.3674566381718818,0.3674405843406542,1.6053831227602622e-05,0.004356441292135681,0.01976552903697911,0.0036850792082480854
4115,80,random_10,visible,0.13551406032685812,0.13546077249985208,5.3287827006032185e-05,0.014460429205093158,0.3674566381718818,0.36743431863278603,2.23195390957609e-05,0.006056732524447358,0.014578141244526315,0.0036850792082480854
4115,80,random_10,null,0.13551406032685812,0.13544045688546705,7.3603441391068e-05,0.019973367526626283,0.3674566381718818,0.367508316087942,-5.167791606019989e-05,-0.014023556385038454,0.02005343443092062,0.0036850792082480854
4115,80,random_11,visible,0.13551406032685812,0.13545331423919207,6.0746087666041504e-05,0.016484337034079834,0.3674566381718818,0.3674002569962383,5.6381175643493986e-05,0.01529985448272034,0.0165617797411427,0.0036850792082480854
4115,80,random_11,null,0.13551406032685812,0.13544652696736012,6.753335949799544e-05,0.018326162256387783,0.3674566381718818,0.3675456503922603,-8.901222037849266e-05,-0.02415476448355902,0.018449116142148034,0.0036850792082480854
4115,80,random_12,visible,0.13551406032685812,0.13545758240607944,5.647792077867475e-05,0.01532610768644096,0.3674566381718818,0.3675338175723992,-7.717940051743533e-05,-0.020943756200596568,0.015449500499584583,0.0036850792082480854
4115,80,random_12,null,0.13551406032685812,0.13544285915966625,7.120116719186442e-05,0.019321475379009287,0.3674566381718818,0.367431700294197,2.4937877684816367e-05,0.006767256896133862,0.01939008429414188,0.0036850792082480854
4115,80,random_13,visible,0.13551406032685812,0.13545457668418065,5.9483642677465864e-05,0.01614175417025699,0.3674566381718818,0.3674982918585317,-4.165368664993396e-05,-0.011303335504079012,0.016221791269408797,0.0036850792082480854
4115,80,random_13,null,0.13551406032685812,0.1354452534107556,6.8806916102504e-05,0.01867176041928698,0.3674566381718818,0.3674583658155686,-1.7276436868329803e-06,-0.000468821316775526,0.018748757895720034,0.0036850792082480854
4115,80,random_14,visible,0.13551406032685812,0.13545769553952963,5.636478732848338e-05,0.015295407274374334,0.3674566381718818,0.3674204450433,3.619312858177404e-05,0.00982153341528323,0.015396790753797572,0.0036850792082480854
4115,80,random_14,null,0.13551406032685812,0.1354427413302972,7.131899656090401e-05,0.01935345009715805,0.3674566381718818,0.3675217501125254,-6.511194064362513e-05,-0.01766907492731475,0.01943196513748328,0.0036850792082480854
4115,80,random_15,visible,0.13551406032685812,0.13544926273972294,6.479758713517914e-05,0.017583770517102235,0.3674566381718818,0.36745621544206414,4.2272981765067996e-07,0.00011471390267663987,0.017649534623175936,0.0036850792082480854
4115,80,random_15,null,0.13551406032685812,0.13545042714461972,6.363318223839842e-05,0.01726779226236771,0.3674566381718818,0.3674977968194741,-4.11586475922987e-05,-0.011168999434306824,0.017411385993248953,0.0036850792082480854
4115,90,dstm,visible,0.11488949828470488,0.11484356124564833,4.593703905654556e-05,0.011995123474904949,0.34864386200180814,0.34874100238755296,-9.714038574482053e-05,-0.025365390224100396,0.01214726896770524,0.003829642867174368
4115,90,dstm,null,0.11488949828470488,0.11482394257996806,6.555570473681938e-05,0.017117968178894043,0.34864386200180814,0.34867151327859985,-2.7651276791718082e-05,-0.007220327782710472,0.017162080431315518,0.003829642867174368
4115,90,random_00,visible,0.11488949828470488,0.11483426749597044,5.5230788734442204e-05,0.01442191625956841,0.34864386200180814,0.3487860845195257,-0.00014222251771756067,-0.03713727954546763,0.014537393835929483,0.003829642867174368
4115,90,random_00,null,0.11488949828470488,0.11483165871354498,5.7839571159901126e-05,0.01510312401599395,0.34864386200180814,0.3486164196770511,2.7442324757043224e-05,0.007165766028018963,0.015190698751663703,0.003829642867174368
4115,90,random_01,visible,0.11488949828470488,0.1148326555383109,5.6842746393975796e-05,0.014842832181872921,0.34864386200180814,0.3487182540258676,-7.439202405945533e-05,-0.019425316312678555,0.014955900591332838,0.003829642867174368
4115,90,random_01,null,0.11488949828470488,0.11483324728117134,5.625100353354173e-05,0.014688315721472353,0.34864386200180814,0.34868055585900865,-3.669385720050933e-05,-0.009581535008141169,0.014778842498886299,0.003829642867174368
4115,90,random_02,visible,0.11488949828470488,0.11483592313067541,5.3575154029469885e-05,0.013989595345479128,0.34864386200180814,0.34862919383965985,1.4668162148290254e-05,0.0038301644975874444,0.014060188104560051,0.003829642867174368
4115,90,random_02,null,0.11488949828470488,0.11483003938974605,5.945889495882761e-05,0.015525963391646039,0.34864386200180814,0.3487628061915936,-0.00011894418978547483,-0.031058820341969804,0.015633433997977085,0.003829642867174368
4115,90,random_03,visible,0.11488949828470488,0.11484292652687038,4.657175783449874e-05,0.01216086184789885,0.34864386200180814,0.3486487734215499,-4.911419741737699e-06,-0.0012824746097960566,0.01223598651490006,0.003829642867174368
4115,90,random_03,null,0.11488949828470488,0.11482432375804474,6.517452666013335e-05,0.017018434595761973,0.34864386200180814,0.3487369562995392,-9.30942977310778e-05,-0.024308871860880783,0.017098940964629994,0.003829642867174368
4115,90,random_04,visible,0.11488949828470488,0.11483849312403673,5.1005160668152194e-05,0.01331851622649749,0.34864386200180814,0.34870417087326844,-6.030887146030173e-05,-0.015747910066820282,0.01341180517430791,0.003829642867174368
4115,90,random_04,null,0.11488949828470488,0.11482780141099265,6.169687371222754e-05,0.016110346539375733,0.34864386200180814,0.34869597403607655,-5.2112034268414487e-05,-0.013607544117257179,0.016193104398821292,0.003829642867174368
4115,90,random_05,visible,0.11488949828470488,0.11483617779235875,5.3320492346131676e-05,0.013923097843709178,0.34864386200180814,0.3486478276920658,-3.965690257679011e-06,-0.0010355248244348755,0.014007981067228942,0.003829642867174368
4115,90,random_05,null,0.11488949828470488,0.11482975216779501,5.9746116909870084e-05,0.0156009630615903,0.34864386200180814,0.3487456127023797,-0.00010175070057155677,-0.02656924003115509,0.015680230053314693,0.003829642867174368
4115,90,random_06,visible,0.11488949828470488,0.1148380065017367,5.1491782968177136e-05,0.013445583505850352,0.34864386200180814,0.3487122080711525,-6.83460693443605e-05,-0.017846590847983793,0.01352376816796658,0.003829642867174368
4115,90,random_06,null,0.11488949828470488,0.1148282629959983,6.123528870657924e-05,0.015989817022222904,0.34864386200180814,0.34868915206758205,-4.5290065773917476e-05,-0.011826185193956198,0.01609971560754449,0.003829642867174368
4115,90,random_07,visible,0.11488949828470488,0.1148388836354184,5.061464928647619e-05,0.013216545521859921,0.34864386200180814,0.3487146462350778,-7.078423326967176e-05,-0.018483246538834208,0.013298326205876615,0.003829642867174368
4115,90,random_07,null,0.11488949828470488,0.11482745357216101,6.204471254386834e-05,0.01620117454702686,0.34864386200180814,0.34868747530941385,-4.361330760571658e-05,-0.011388348500991127,0.01628642588865995,0.003829642867174368
4115,90,random_08,visible,0.11488949828470488,0.11484180858021012,4.7689704494757734e-05,0.012452781146651597,0.34864386200180814,0.3486472110695781,-3.349067769942149e-06,-0.0008745117720110536,0.012535357937172963,0.003829642867174368
4115,90,random_08,null,0.11488949828470488,0.11482521108545184,6.428719925304083e-05,0.016786734816469705,0.34864386200180814,0.3487392403513962,-9.537834958806002e-05,-0.024905285661384186,0.016880697541620505,0.003829642867174368
4115,90,random_09,visible,0.11488949828470488,0.11484135153766897,4.814674703590427e-05,0.012572124531138974,0.34864386200180814,0.34875518422790974,-0.00011132222610160669,-0.029068565911406708,0.012654652871639622,0.003829642867174368
4115,90,random_09,null,0.11488949828470488,0.11482559043730976,6.390784739511435e-05,0.01668767809732284,0.34864386200180814,0.34865833196385104,-1.4469962042906737e-05,-0.0037784102969327616,0.0167914534452209,0.003829642867174368
4115,90,random_10,visible,0.11488949828470488,0.11484189702323876,4.760126146612087e-05,0.012429686818615174,0.34864386200180814,0.3486519224909287,-8.060489120553793e-06,-0.002104762611063281,0.012536770919507428,0.003829642867174368
4115,90,random_10,null,0.11488949828470488,0.11482513584821069,6.436243649418638e-05,0.016806380836674472,0.34864386200180814,0.348735864292665,-9.200229085687406e-05,-0.024023725983816413,0.01687964818995084,0.003829642867174368
4115,90,random_11,visible,0.11488949828470488,0.11483561562061455,5.388266409032949e-05,0.014069892666019228,0.34864386200180814,0.34860684640970147,3.70155921066706e-05,0.00966554673386082,0.014149217081380637,0.003829642867174368
4115,90,random_11,null,0.11488949828470488,0.1148303739078367,5.912437686818317e-05,0.015438613708595499,0.34864386200180814,0.3487837514432373,-0.00013988944142917514,-0.03652806443865352,0.015552903397394464,0.003829642867174368
4115,90,random_12,visible,0.11488949828470488,0.11483904823544074,5.045004926414187e-05,0.013173565006954687,0.34864386200180814,0.3487486747486942,-0.00010481274688606268,-0.027368804486825906,0.013282994242563762,0.003829642867174368
4115,90,random_12,null,0.11488949828470488,0.1148273244400914,6.217384461347508e-05,0.016234893636269773,0.34864386200180814,0.3486598519127984,-1.5989910990277245e-05,-0.004175300816515851,0.01629893285024316,0.003829642867174368
4115,90,random_13,visible,0.11488949828470488,0.11483903954042761,5.045874427726804e-05,0.013175835457079605,0.34864386200180814,0.34872540966117466,-8.154765936652097e-05,-0.02129380263248657,0.013247285731967845,0.003829642867174368
4115,90,random_13,null,0.11488949828470488,0.11482725279713779,6.224548756708637e-05,0.016253601112683664,0.34864386200180814,0.34867883257675264,-3.497057494450395e-05,-0.009131549900971928,0.016327968913502956,0.003829642867174368
4115,90,random_14,visible,0.11488949828470488,0.11484069696651336,4.88013181915159e-05,0.01274304677593163,0.34864386200180814,0.3486505579543609,-6.6959525527598984e-06,-0.0017484535203410193,0.012840509547858179,0.003829642867174368
4115,90,random_14,null,0.11488949828470488,0.11482602227923414,6.347600547074173e-05,0.016574915121935724,0.34864386200180814,0.3487378937356455,-9.403173383737418e-05,-0.024553656071526524,0.016649758636571303,0.003829642867174368
4115,90,random_15,visible,0.11488949828470488,0.114831163668596,5.8334616108879356e-05,0.015232390625478997,0.34864386200180814,0.34867735522187077,-3.3493220062630336e-05,-0.008745781584417738,0.015297181284237255,0.003829642867174368
4115,90,random_15,null,0.11488949828470488,0.11483477174382518,5.47265408796932e-05,0.014290246578546415,0.34864386200180814,0.3487228682147195,-7.90062129113478e-05,-0.020630177708878917,0.01442530390882283,0.003829642867174368
