seed,split,epoch,train_loss,validation_loss,validation_accuracy,weight_norm,weight_gradient_norm,boundary_norm
4100,fit,0,2.3988183819888365,2.396365116780615,0.07242339832869081,0.37407752491122326,0.3347740001290724,0.4319574288290874
4100,fit,1,2.31686987375761,2.3163580385992706,0.11142061281337047,0.3780489453286254,0.31677635733956855,0.43402987104143265
4100,fit,2,2.182805771016504,2.1850771673679033,0.17827298050139276,0.40246384350349745,0.28705817466541605,0.4634537425266298
4100,fit,3,2.0328748787399036,2.0390935839260913,0.3147632311977716,0.45996056371577254,0.25672410940242385,0.5412229128885674
4100,fit,4,1.89828714036966,1.9106975840704954,0.4596100278551532,0.5464196905526626,0.23761600368926591,0.6606186404705195
4100,fit,5,1.7859851793349288,1.8027679075649738,0.5821727019498607,0.6492665876215522,0.22602979052394423,0.7999479846148139
4100,fit,6,1.6875601611261761,1.7069088183837167,0.6713091922005571,0.7588806176269783,0.21444491683767045,0.9432913255555886
4100,fit,7,1.5970140044780587,1.6176265901488105,0.6713091922005571,0.8699215331907345,0.2029203817216025,1.0827725701782158
4100,fit,8,1.5111568996692941,1.5322908980591763,0.6935933147632312,0.9794490212766214,0.1931380868546028,1.2148743039193344
4100,fit,9,1.4287860715098524,1.4501404091568741,0.724233983286908,1.085891932611935,0.18460732044869288,1.338131042685133
4100,fit,10,1.3495504243596133,1.3703462385388252,0.7437325905292479,1.188601842336757,0.1763442480131554,1.4520606404946772
4100,fit,11,1.2733904412960955,1.2929570859724866,0.7632311977715878,1.2874831396213289,0.16838713018547,1.5567220363583585
4100,fit,12,1.2004082554254802,1.2194243356679126,0.7688022284122563,1.3826750030839936,0.16102420215359203,1.6524254510869691
4100,fit,13,1.1308924857168332,1.1508476862702408,0.7855153203342619,1.474369456145696,0.15424448981690764,1.7395772090005686
4100,fit,14,1.064880216451986,1.0867149139435828,0.8022284122562674,1.5627371252236304,0.14790503128935634,1.8186501836098246
4100,fit,15,1.0023431229738575,1.0263290009723887,0.8189415041782729,1.6479186839596467,0.1417012052126914,1.8901925417271739
4100,fit,16,0.9432759815379149,0.9691854769894298,0.83008356545961,1.72998477512423,0.1353534234129366,1.954768285012886
4100,fit,17,0.8874147503052151,0.9150360693316005,0.8328690807799443,1.8089550747841152,0.12855206441751926,2.012983594992313
4100,fit,18,0.8346343336090675,0.8639533565189607,0.8384401114206128,1.8848409866961564,0.12120871384759441,2.0654961832290852
4100,fit,19,0.7849903926382974,0.8162056860480316,0.8495821727019499,1.957649097141304,0.11363076894581461,2.1129695904686994
4100,fit,20,0.7384346027296051,0.77188294121763,0.8635097493036211,2.02737284278504,0.10646052269612628,2.1560258069485827
4100,fit,21,0.6948131540623542,0.7307636345015615,0.871866295264624,2.094009540025616,0.10014807635619805,2.1952350988703215
4100,fit,22,0.6542124856661133,0.6926567426817637,0.883008356545961,2.1576137517809735,0.0940585019805631,2.231200455246406
4100,fit,23,0.6168355870457263,0.6575487904788766,0.8885793871866295,2.21831075840576,0.08745053971404657,2.2645781604227633
4100,fit,24,0.582876532302285,0.6257018620999002,0.8941504178272981,2.2762637406429995,0.08094200827037147,2.2959484868259312
4100,fit,25,0.5522071812549725,0.5972906177467108,0.8997214484679665,2.3316110105768826,0.07605587295019928,2.3256871643876815
4100,fit,26,0.524058334663108,0.5718658766795379,0.8997214484679665,2.3844145893799955,0.07235200508527513,2.353921479419998
4100,fit,27,0.49805896559878865,0.5487902972974431,0.9025069637883009,2.4347199090812817,0.06876239466734749,2.380701256624191
4100,fit,28,0.47388177660521896,0.5276789430148836,0.9052924791086351,2.482572126691632,0.06508434576155435,2.4060534871094172
4100,fit,29,0.4513472551336313,0.5082889073962622,0.9052924791086351,2.528030855545711,0.061597871549294456,2.4300174798122818
4100,fit,30,0.4305039984409367,0.4905073600029199,0.9108635097493036,2.5711796409934626,0.05869767114253509,2.4526175616568437
4100,fit,31,0.41136263164282494,0.47435502210743186,0.9136490250696379,2.612122401007082,0.056408338684285894,2.4738363839250943
4100,fit,32,0.39380632157938206,0.4598046193347411,0.9136490250696379,2.6509781331915336,0.05463017951775004,2.493639783094109
4100,fit,33,0.3775634494689276,0.446688684198222,0.9108635097493036,2.687872583261323,0.05306270324982876,2.5120330247283427
4100,fit,34,0.3623666071263098,0.43483334018778314,0.9136490250696379,2.7229345763429884,0.05139519403254323,2.5290754001942397
4100,fit,35,0.3480467880333177,0.42407906593508365,0.9136490250696379,2.7562946278597256,0.04959360076932334,2.544867494225046
4100,fit,36,0.33451266167668947,0.4142498616282013,0.9192200557103064,2.788084361009776,0.0477840895225808,2.5595385173133716
4100,fit,37,0.32165515671507405,0.40512738966825906,0.9164345403899722,2.8184331104801394,0.04606531347940569,2.573235784360501
4100,fit,38,0.30913234962839437,0.39644958228171684,0.9192200557103064,2.8474638504044254,0.04469997926778348,2.5861096371093466
4100,fit,39,0.2975793274925535,0.38799708810947076,0.9220055710306406,2.8753073018227444,0.04378594770784852,2.5982785780913207
4100,fit,40,0.2868466187868483,0.3797283994342847,0.9220055710306406,2.902061270771413,0.04262993923315075,2.6097738087794515
4100,fit,41,0.27678653090270033,0.37166051279151074,0.9220055710306406,2.927821162462497,0.041369852781387766,2.620725410209865
4100,fit,42,0.26744128758099145,0.3638769488071489,0.9220055710306406,2.9526706556843942,0.0402289910367144,2.631273574358685
4100,fit,43,0.25874303370367574,0.3565019396747738,0.924791086350975,2.9766733197719404,0.03918978711310356,2.641523457896965
4100,fit,44,0.2505793715915186,0.34967178686334754,0.9275766016713092,2.9998804588702037,0.038137784784854564,2.6515356965404564
4100,fit,45,0.24285963679597727,0.34347779308694154,0.9275766016713092,3.0223389475623286,0.0370575128092934,2.6613414215853317
4100,fit,46,0.23551092547350383,0.3379214628061636,0.9275766016713092,3.0440952956737712,0.03595528046993095,2.6709594821665923
4100,fit,47,0.22846442816024112,0.3329219803284619,0.9275766016713092,3.0651990537679192,0.034816703360150955,2.6804129000884056
4100,fit,48,0.22157144011528862,0.3283585600517816,0.924791086350975,3.0857033822385382,0.03383508986152481,2.6897402754714923
4100,fit,49,0.21359206154277702,0.32417407606701376,0.924791086350975,3.105657108183281,0.03335661340896626,2.6989722061055503
4100,fit,50,0.20729335621220052,0.32019233382080486,0.924791086350975,3.125162453287922,0.03248281736460808,2.708141116691899
4100,fit,51,0.20171470433639524,0.31609511297632925,0.9220055710306406,3.1442301318104526,0.03192009442822437,2.7172989031782855
4100,fit,52,0.19641789075205138,0.3119336864979248,0.9164345403899722,3.1628685273519133,0.03119004123442909,2.7264400952785914
4100,fit,53,0.1913724936726913,0.3078292654970796,0.9164345403899722,3.181089003394245,0.030371470821750495,2.7355710696423663
4100,fit,54,0.186574431132762,0.3039104152069395,0.9220055710306406,3.1989021485075972,0.02957924315022237,2.7447009627622356
4100,fit,55,0.1820022013891076,0.30027181442294654,0.9220055710306406,3.2163172821137453,0.028847819519095978,2.753830675324567
4100,fit,56,0.17762441553629185,0.29695629298900644,0.9220055710306406,3.233343702692187,0.028167613157542216,2.7629492220018386
4100,fit,57,0.17340713490706766,0.29395660604803814,0.9220055710306406,3.2499916806945857,0.027532538747598072,2.7720373159341727
4100,fit,58,0.1693153288543158,0.2912285866571869,0.924791086350975,3.266273250584195,0.026944725864302174,2.781073626753986
4100,fit,59,0.16531190517085842,0.28870760402029944,0.9220055710306406,3.282203044632455,0.026408003917471667,2.7900413720500654
4100,fit,60,0.16135100004083144,0.2863222275473343,0.924791086350975,3.2977989176364915,0.025963464724236107,2.7989342706693026
4100,fit,61,0.15735059181839592,0.28400278413478747,0.9303621169916435,3.313082139539817,0.02573445770760359,2.807758935665636
4100,fit,62,0.15323477936907096,0.2816853707721804,0.9303621169916435,3.328081272405138,0.025388041650252713,2.8165335614721907
4100,fit,63,0.14938415183103998,0.27933173947447404,0.9303621169916435,3.3428457537616882,0.025283000377530597,2.8253110805091697
4100,fit,64,0.14601333796486732,0.27701087194941615,0.9303621169916435,3.357409391319933,0.025932443089287036,2.834166132591303
4100,fit,65,0.14281764793262391,0.2748694855879552,0.9303621169916435,3.3717705451662248,0.02600683633659887,2.843101881528294
4100,fit,66,0.13968199452101948,0.2730451569223477,0.9275766016713092,3.3859258696046584,0.02546759373840041,2.852079966170406
4100,fit,67,0.13660729163909016,0.27160198079983,0.924791086350975,3.399874918441302,0.02466549732963695,2.86104941620372
4100,fit,68,0.13361722305967264,0.27052167004597955,0.9275766016713092,3.41361999461372,0.023933049009370277,2.869964302490127
4100,fit,69,0.13080211874526573,0.2697012759729426,0.924791086350975,3.427171776187512,0.023490342231659515,2.878798468241551
4100,fit,70,0.12821405193666208,0.2689626867767466,0.924791086350975,3.4405464982087244,0.023344144256802663,2.8875508256738436
4100,fit,71,0.12576856919456186,0.2681755780944749,0.924791086350975,3.4537542984273393,0.023182686680178814,2.8962380846343163
4100,fit,72,0.12341485117715843,0.2673197753765375,0.924791086350975,3.4668014108557093,0.022904671841878443,2.904886273933194
4100,fit,73,0.12113816023187181,0.2664593360799932,0.9220055710306406,3.479690154750916,0.022468605367989742,2.9135169326284838
4100,fit,74,0.1189364022352283,0.2656967819283608,0.9220055710306406,3.492419409170194,0.02190264209083001,2.922136667979261
4100,fit,75,0.11681157730507405,0.2651194988920765,0.924791086350975,3.5049867620120025,0.02128895847366528,2.930736662861362
4100,fit,76,0.11476243077792432,0.2647648732807697,0.9275766016713092,3.517389840416416,0.020708985232120437,2.9392978379795442
4100,fit,77,0.11278431780014064,0.264621751869358,0.9275766016713092,3.5296265189519382,0.02022393847797595,2.94779616438066
4100,fit,78,0.11087198793730499,0.2646488021216083,0.924791086350975,3.5416947546655004,0.019855934623582483,2.956205593310064
4100,fit,79,0.10902142723652472,0.26478945572583334,0.9275766016713092,3.55359271317261,0.019587462433654085,2.9644997190981695
4100,fit,80,0.10722939334763257,0.2649836420386342,0.9275766016713092,3.5653191200077976,0.019389612590234417,2.9726541980548733
4100,fit,81,0.1054922119770614,0.26517902688296213,0.924791086350975,3.5768734878307695,0.01924705742684623,2.9806498525049157
4100,fit,82,0.10380375608906386,0.2653365610599897,0.924791086350975,3.5882561005926856,0.019155474602158447,2.9884747251938615
4100,fit,83,0.1021507493264546,0.2654291837590991,0.924791086350975,3.599467943564168,0.019105987858736996,2.9961236799148048
4100,fit,84,0.10051298575443937,0.2654381833045977,0.924791086350975,3.610511040213071,0.01907466829376405,3.003595646633974
4100,fit,85,0.09890926098490363,0.2653474362499151,0.924791086350975,3.621390161285559,0.01899663136751878,3.0108913127665464
4100,fit,86,0.09736096244010724,0.26513183232822735,0.924791086350975,3.6321130089517615,0.01886862067895967,3.018021527328004
4100,fit,87,0.09584419608057201,0.264758286208729,0.924791086350975,3.642687964957846,0.018670148808081016,3.025013527859204
4100,fit,88,0.09437340046641471,0.2641944487674451,0.924791086350975,3.6531249825521113,0.018431620379845835,3.03191006148927
4100,fit,89,0.09295828251555681,0.2634422026623406,0.924791086350975,3.6634316570331573,0.01816786476931739,3.038758240360044
4100,fit,90,0.09158853054440493,0.2625558339939595,0.9275766016713092,3.673610411997486,0.01784910695033827,3.0455866579280975
4101,fit,0,2.338736670193092,2.322672790354717,0.1615598885793872,0.3558501364295958,0.2939313778909493,0.40724675796029375
4101,fit,1,2.251055997280058,2.243581611580073,0.21448467966573817,0.352433458211239,0.2752654401933478,0.40954886424112175
4101,fit,2,2.107504202689352,2.1134642067692773,0.3008356545961003,0.36140865018665314,0.2484853543652326,0.42980216990763914
4101,fit,3,1.9532490486041747,1.97154807903019,0.4178272980501393,0.3972323825487559,0.22978153248437375,0.4806010316524748
4101,fit,4,1.818081348595421,1.8419329010778485,0.5125348189415042,0.4606378942140374,0.22337232381687852,0.5593790614538354
4101,fit,5,1.705304585621171,1.7315433080417588,0.5933147632311978,0.5429541725059158,0.22155245463356915,0.6545534131591129
4101,fit,6,1.6063364787429268,1.6355121855877122,0.6267409470752089,0.6360571177352965,0.21910203903207862,0.75615431657802
4101,fit,7,1.5142652699920567,1.547967004102647,0.6657381615598886,0.7351901236497287,0.21504310015112685,0.8583822475691051
4101,fit,8,1.4253791418487056,1.463892160795528,0.7047353760445683,0.8378437263361503,0.20881226915338533,0.9580488842362658
4101,fit,9,1.338203523692654,1.3811545578221962,0.7075208913649025,0.9427053140456373,0.20002724437980512,1.053411605594494
4101,fit,10,1.2527074881628755,1.2998264128329007,0.7270194986072424,1.0489869282611481,0.18905250479732963,1.1436383826720393
4101,fit,11,1.1698871295689388,1.221652118213376,0.7325905292479109,1.1559864624067404,0.1767293599101662,1.228546521026787
4101,fit,12,1.0912617214306224,1.1478693100903572,0.7493036211699164,1.262864464389464,0.1640279051492772,1.3083693881399643
4101,fit,13,1.017513068108007,1.0785356798149828,0.7632311977715878,1.3685979708180844,0.15127143232774384,1.3834644633396875
4101,fit,14,0.9489625906111534,1.013807663432875,0.7799442896935933,1.4721076145563081,0.1384435410492599,1.454130704157435
4101,fit,15,0.8855361973311331,0.9534054085163509,0.7994428969359332,1.5724013931380625,0.12629725472298833,1.5204827004860464
4101,fit,16,0.8272640299166389,0.8972365288998903,0.8245125348189415,1.6687093959377903,0.11586634399972802,1.5825500515099191
4101,fit,17,0.7738889507292406,0.8453812737537465,0.8272980501392758,1.7605027838239895,0.10760512717414039,1.6404126637565395
4101,fit,18,0.724835498360554,0.7978766355334682,0.8384401114206128,1.8474890759115632,0.10102136831090422,1.694278473228605
4101,fit,19,0.6798540850149009,0.7541402372225204,0.8384401114206128,1.929626458412683,0.09550363094751017,1.7444498450446717
4101,fit,20,0.6385120274738172,0.7138364589476393,0.8467966573816156,2.007021654830951,0.09070613775190363,1.7912746603250889
4101,fit,21,0.6005314791141497,0.6772616686228897,0.8551532033426184,2.0798801474773105,0.0860795029111275,1.8350736018801512
4101,fit,22,0.5656961257026876,0.6443987299065261,0.8690807799442897,2.1484436138482272,0.08148287828973895,1.876059003660721
4101,fit,23,0.5337579511597488,0.6147427312534661,0.8690807799442897,2.2129658994146966,0.0767732272859966,1.9143906072231753
4101,fit,24,0.5045905023845518,0.5879217176714117,0.8774373259052924,2.2737320493987205,0.07194504824784177,1.9501908198741311
4101,fit,25,0.4779870352573436,0.5637002014354372,0.8802228412256268,2.3310006269230876,0.06747177506899413,1.9835219595640952
4101,fit,26,0.45365030168796255,0.5418083712836679,0.883008356545961,2.384978447139466,0.06377044255047087,2.014449891584991
4101,fit,27,0.43096414951314577,0.5218961575055135,0.8885793871866295,2.4358670683731654,0.06079044878858545,2.0431197183500918
4101,fit,28,0.41014014290456213,0.5036029231232849,0.8913649025069638,2.4839092111658028,0.05809696442602292,2.0697342551742324
4101,fit,29,0.3910122218560402,0.48677063115880015,0.8913649025069638,2.5293271805685715,0.05569066829971791,2.0944261260087895
4101,fit,30,0.3730251572525805,0.4712245709966445,0.8885793871866295,2.572338246731018,0.053682404431132445,2.117388740288617
4101,fit,31,0.3557122318929018,0.4567581254114144,0.8885793871866295,2.613153017057814,0.0520428654859286,2.1388088289968357
4101,fit,32,0.3389866389392194,0.4432217627233441,0.8941504178272981,2.651984302990828,0.050264835177195294,2.1588362306762585
4101,fit,33,0.3229866688586799,0.4306188769863176,0.8969359331476323,2.6890474778384834,0.048597203386118816,2.1776245059219024
4101,fit,34,0.3075644371513206,0.41888778041000674,0.9025069637883009,2.7245121022565137,0.04718289130386837,2.1952818117714403
4101,fit,35,0.2934122594543419,0.4079749897419425,0.9025069637883009,2.7585502860059443,0.045998852230114164,2.212002534315432
4101,fit,36,0.2804838609576544,0.39805738708368466,0.9052924791086351,2.791283647178979,0.045174512626607544,2.227687649042932
4101,fit,37,0.2686553770455341,0.38909910434942496,0.9052924791086351,2.8228106981507017,0.044353973216850036,2.242173618617397
4101,fit,38,0.2574766189001349,0.38075144661551685,0.9108635097493036,2.8532485598879194,0.0436704731782825,2.2556268482421373
4101,fit,39,0.24740530891833973,0.3726657377270039,0.9108635097493036,2.8827043856319015,0.042840434993650915,2.2683395519800538
4101,fit,40,0.2380756111075215,0.3646319597662016,0.9108635097493036,2.9112565164429203,0.041685768426644704,2.2805844115399134
4101,fit,41,0.22932835837040402,0.35673334829302294,0.9108635097493036,2.9389619700626666,0.0402305599370807,2.2925434954919073
4101,fit,42,0.22104362580618955,0.34924704100914683,0.9108635097493036,2.965863522636305,0.038631248034333175,2.3043578715510002
4101,fit,43,0.21317544803472155,0.3424082368982187,0.9136490250696379,2.991995225209041,0.0369924227354471,2.3161130432808332
4101,fit,44,0.20572530762992686,0.33632900264637117,0.9136490250696379,3.0173840380970316,0.03538315943969666,2.327831418908839
4101,fit,45,0.19869083879998312,0.3310309172882931,0.9136490250696379,3.04205024356911,0.03392773364222923,2.3394861069558113
4101,fit,46,0.19202363348723295,0.3264764223054237,0.9136490250696379,3.0660076247218355,0.032792508453709984,2.3510171755610396
4101,fit,47,0.18575574034099143,0.322581535844734,0.9136490250696379,3.0892668304210167,0.03204389724207368,2.362335356053964
4101,fit,48,0.17993947630123813,0.31919801419885746,0.9136490250696379,3.1118307831316914,0.03144125172904076,2.3733163677057907
4101,fit,49,0.17441062451811773,0.3162005331934309,0.9164345403899722,3.1337102920887943,0.030818914519716602,2.3838936065427947
4101,fit,50,0.16911094191036052,0.3134758682406636,0.9164345403899722,3.1549376600905505,0.029989961558527133,2.3940705512718186
4101,fit,51,0.16403495869343676,0.310894145393922,0.9164345403899722,3.1755631416900076,0.029014204049621215,2.403927845606541
4101,fit,52,0.15920119289388357,0.3083313069715259,0.9164345403899722,3.195649450717678,0.027982893281653702,2.413623488996811
4101,fit,53,0.15485349071191085,0.3056967913746594,0.9192200557103064,3.215252631218987,0.027170243246906776,2.4233058369761107
4101,fit,54,0.15083320267476893,0.30297759523069173,0.9192200557103064,3.234395977689432,0.026459198641156263,2.4330693574781606
4101,fit,55,0.14700990376501216,0.30022823026858064,0.9192200557103064,3.2530931728951757,0.02574058467543038,2.442955104016638
4101,fit,56,0.14333688671132855,0.29750997741144924,0.9220055710306406,3.271354084700219,0.025059661420289616,2.4529484763477583
4101,fit,57,0.13979322983141007,0.29486282768323985,0.9220055710306406,3.2891885799662215,0.024464253450036676,2.4630013243386286
4101,fit,58,0.13636882261414407,0.2923056911827933,0.9220055710306406,3.3066091417805064,0.02394361727134199,2.473054506475396
4101,fit,59,0.13306772551818036,0.2898517645620808,0.9220055710306406,3.32363179077776,0.0234769503465616,2.4830548142675433
4101,fit,60,0.1299081711406953,0.28752377360211767,0.924791086350975,3.3402744278061913,0.023117585502344114,2.4929646394573637
4101,fit,61,0.12691647000524794,0.28535095263517596,0.9275766016713092,3.356552711433637,0.022912563895075403,2.5027633096334334
4101,fit,62,0.12414043740775146,0.2833396426987768,0.9303621169916435,3.372474889651908,0.02278897272319842,2.5124373351081735
4101,fit,63,0.12151811333980964,0.2814717713881808,0.9303621169916435,3.3880455787006536,0.022612490764094682,2.521963475487693
4101,fit,64,0.11897701643297744,0.2797407528204634,0.9303621169916435,3.40327725886468,0.022313972803617056,2.5313147570345196
4101,fit,65,0.11649926248401465,0.27814251516811833,0.9303621169916435,3.4181867122593332,0.021892540659035772,2.5404693154797053
4101,fit,66,0.11409685756556538,0.27667007473096356,0.9275766016713092,3.4327915276275034,0.021496601009389014,2.5494107267734045
4101,fit,67,0.11178407229956265,0.27530933146862924,0.9303621169916435,3.447105787297579,0.02137628473618036,2.558125002684627
4101,fit,68,0.10953310114119724,0.2740484789027762,0.9303621169916435,3.4611388421173697,0.021531271439245277,2.5666004721066513
4101,fit,69,0.10727560932333148,0.27289834145212777,0.9331476323119777,3.4749001293328727,0.02167810557156739,2.5748316448399713
4101,fit,70,0.10499347637860323,0.2718963674974479,0.9303621169916435,3.488405700095577,0.02124845677226968,2.5828279008392125
4101,fit,71,0.10281247265329711,0.27104107708296576,0.9303621169916435,3.501677165028131,0.02043423797465543,2.590639488727822
4101,fit,72,0.10073208493238156,0.27023647301728226,0.9331476323119777,3.5147269754415875,0.019315598491030206,2.5983582876259983
4101,fit,73,0.09887888413676206,0.2694101634744785,0.9331476323119777,3.527555143246758,0.018424700816088043,2.606061449431751
4101,fit,74,0.09720624332835891,0.268541481687052,0.9331476323119777,3.540147103752502,0.01800955831334159,2.6137866380733352
4101,fit,75,0.09560624263198121,0.26763532941724905,0.9331476323119777,3.5525021737019435,0.017767275448203754,2.6215491444449
4101,fit,76,0.09405809368728969,0.26670129129514386,0.9331476323119777,3.5646264062436073,0.017512625883209607,2.6293402950776925
4101,fit,77,0.09255544758302832,0.2657469748934994,0.9331476323119777,3.5765274137606244,0.01712928015114088,2.637124182376427
4101,fit,78,0.09110149148185193,0.26478206414049255,0.9331476323119777,3.5882124198292704,0.016678022485389944,2.644841840613359
4101,fit,79,0.08970188801618434,0.26382423873046745,0.9331476323119777,3.5996871073223966,0.01630195415307489,2.6524243095125217
4101,fit,80,0.08835591769100504,0.26289990962354076,0.935933147632312,3.610955378800297,0.016072331107667374,2.6598087459044115
4101,fit,81,0.08705562824035412,0.2620367731832659,0.935933147632312,3.6220200456752893,0.01594542767819187,2.666950903511114
4101,fit,82,0.08579166021888046,0.26125245325279334,0.935933147632312,3.6328838787247797,0.015838992504399553,2.673830963762485
4101,fit,83,0.0845585188756779,0.26054742922024243,0.935933147632312,3.6435504420786273,0.015711593362468426,2.6804527573775405
4101,fit,84,0.08335477110103368,0.25990528771351135,0.935933147632312,3.6540244713748082,0.015570741287721955,2.6868381368817627
4101,fit,85,0.08217993398958315,0.2592982650239206,0.935933147632312,3.664311913194158,0.015434815295090788,2.6930189597236787
4101,fit,86,0.0810322273965875,0.25869486787418494,0.9331476323119777,3.67441984893353,0.015303313067630945,2.699028978510185
4101,fit,87,0.07990897577164456,0.25806644369403275,0.9331476323119777,3.6843563855799832,0.015160100568811478,2.704897287214057
4101,fit,88,0.07880812756405485,0.25739105141375507,0.9331476323119777,3.6941304356931157,0.014994827124770937,2.7106442192379467
4101,fit,89,0.07772867583198668,0.2566550764344451,0.9331476323119777,3.7037513301295006,0.014815460492513359,2.7162799800569695
4101,fit,90,0.07666964391102095,0.25585365195920556,0.9331476323119777,3.7132283817763874,0.014641390532659957,2.721805854218454
4102,fit,0,2.3780768651498594,2.3784092711835987,0.06128133704735376,0.4039243649080796,0.26347846867039965,0.4800552747898402
4102,fit,1,2.32064532717096,2.323612136215884,0.06963788300835655,0.40380172769036393,0.2495898557884727,0.47325186929764534
4102,fit,2,2.224652895156809,2.231166391859328,0.12256267409470752,0.41393067065007333,0.23034546813042123,0.46951279274992713
4102,fit,3,2.1132273726266084,2.1235774308294424,0.2395543175487465,0.44459006893231356,0.2142941603804674,0.47970619898188616
4102,fit,4,2.0064956941431205,2.020461199012215,0.41225626740947074,0.4979209304993956,0.20285642153668143,0.5096913421498985
4102,fit,5,1.9122445324345247,1.9279506726698052,0.48467966573816157,0.5683156436423413,0.19532086262846685,0.5585065806404986
4102,fit,6,1.8279513484614305,1.844065746446334,0.5348189415041783,0.6481322226297664,0.1943954128611653,0.621206452334197
4102,fit,7,1.7479091851164348,1.7645564581751874,0.5543175487465181,0.7315950636079764,0.1985676319837718,0.6925791917142101
4102,fit,8,1.6673327453290585,1.6852033716289518,0.5766016713091922,0.8157453380409379,0.20290972588319753,0.7691358013331001
4102,fit,9,1.5837401781633373,1.6037566121868447,0.6100278551532033,0.9000308766050509,0.20284539495681708,0.8495344657838844
4102,fit,10,1.4971371204078099,1.5200480520246562,0.6406685236768802,0.985373610130557,0.19688392472919022,0.9338591868558085
4102,fit,11,1.409088451086056,1.4354334149895303,0.6601671309192201,1.073053734448582,0.18733057744615544,1.0224185970187891
4102,fit,12,1.3213062208884732,1.3517959428937913,0.6852367688022284,1.163838205381562,0.1777050527999793,1.114830900808938
4102,fit,13,1.2348818297818411,1.2701492693276522,0.7158774373259053,1.2576822912041021,0.16951529873038296,1.2098728400198078
4102,fit,14,1.1504723969483879,1.190500154048761,0.7381615598885793,1.3538923795652495,0.16162987437663592,1.3058929698350004
4102,fit,15,1.0690727594139515,1.1133133325837925,0.7688022284122563,1.451460798819473,0.15265780496275808,1.401287445899573
4102,fit,16,0.9919743834834126,1.039843832010534,0.7938718662952646,1.549320112227086,0.14328901880553355,1.4948069108196624
4102,fit,17,0.9203152116923332,0.971213432603612,0.8105849582172702,1.6464815731674396,0.13456614359390656,1.585772203683446
4102,fit,18,0.8548613582344528,0.9076608951176367,0.8217270194986073,1.7420428419633516,0.12683573567285342,1.6738635538410522
4102,fit,19,0.7950849351554684,0.8488078256777731,0.8467966573816156,1.835200963845518,0.11968721377577857,1.7588594524147387
4102,fit,20,0.7401646328554241,0.7945648601614167,0.8635097493036211,1.9252973767124246,0.1127458314330706,1.8404880889011284
4102,fit,21,0.6895359982600118,0.7451155994796973,0.871866295264624,2.011839123159658,0.10598201208068936,1.91845669880546
4102,fit,22,0.6428710021763078,0.7004561262092583,0.8690807799442897,2.0944860996052896,0.0995745810126283,1.9924787142871159
4102,fit,23,0.5999087585854527,0.6602175870084395,0.8746518105849582,2.173023974102371,0.09366777296653013,2.062283100078193
4102,fit,24,0.5602828189258064,0.6236436953132533,0.8885793871866295,2.2473467477909446,0.08854504854485758,2.1276422233549237
4102,fit,25,0.52362988524955,0.5899707692897768,0.8913649025069638,2.317458721354326,0.084265551719448,2.1884203827525415
4102,fit,26,0.4897218055584694,0.558953509866413,0.8941504178272981,2.3834716555379747,0.08034870838902596,2.2446229996008102
4102,fit,27,0.4585320325381311,0.5311199502517027,0.8941504178272981,2.4455875732395476,0.07623688406456117,2.2964282179652655
4102,fit,28,0.4301797670404755,0.5068683875009468,0.8941504178272981,2.504070154974251,0.07187651323910857,2.344161668262396
4102,fit,29,0.40460427333588644,0.48591126442600857,0.8969359331476323,2.5592037415581324,0.0676441281500926,2.388220483278462
4102,fit,30,0.38146923215338313,0.4676563848785177,0.8997214484679665,2.6112715477427035,0.06390330430646843,2.4290128015033168
4102,fit,31,0.3608129587091537,0.45146177624298867,0.9025069637883009,2.660529299431027,0.06068317662484358,2.466961060321439
4102,fit,32,0.34214161877103494,0.43684130821654543,0.9025069637883009,2.7071856972446255,0.057751608916460195,2.5024539699214436
4102,fit,33,0.32529959207069503,0.4235283433774332,0.9052924791086351,2.751467408125211,0.054884339847613754,2.5359067488186997
4102,fit,34,0.3100019499620127,0.41144754083060026,0.9052924791086351,2.7935589992424537,0.05226858797844471,2.567657014864042
4102,fit,35,0.29605237481713753,0.4005566905761702,0.9052924791086351,2.833623482906737,0.04985953914554578,2.5980077631439786
4102,fit,36,0.28332818576367863,0.3907541950123426,0.9108635097493036,2.871813216995342,0.04759775748333158,2.6272314628595352
4102,fit,37,0.2716143337188684,0.38186162102327137,0.9108635097493036,2.9082624245944513,0.04553287298536286,2.655529942046395
4102,fit,38,0.2600067679049249,0.3737962844157266,0.9136490250696379,2.9430852423342038,0.04410934491446481,2.6830043766020433
4102,fit,39,0.24921229526608088,0.366773910488448,0.9136490250696379,2.976415042096667,0.04253597961277791,2.7096521882815328
4102,fit,40,0.23982978616961217,0.3603915744115131,0.9164345403899722,3.008411331013164,0.040917024086541645,2.7355113818634544
4102,fit,41,0.23137244167261767,0.3544670033264139,0.9164345403899722,3.0391743492727614,0.039406897274745785,2.760598068107972
4102,fit,42,0.22354469632301774,0.3489021853789877,0.9164345403899722,3.068786069955604,0.038030531388800616,2.7849264505909006
4102,fit,43,0.21623030629175843,0.3436557192237763,0.9220055710306406,3.097320089804533,0.036833036982669785,2.80852359361395
4102,fit,44,0.20937445646958294,0.338716431570796,0.9192200557103064,3.124843274953197,0.0357664431548283,2.831429197877725
4102,fit,45,0.2029315766505998,0.33407419850056,0.9192200557103064,3.1514164258928354,0.034701350407768713,2.8536876473538753
4102,fit,46,0.19685472769162213,0.3297082732735232,0.9192200557103064,3.177097470020388,0.03357837792391795,2.875346360696153
4102,fit,47,0.19111087077983951,0.32558456120927953,0.9192200557103064,3.201944463019079,0.032506272877574974,2.8964525878832657
4102,fit,48,0.18566988102125964,0.3216601953701503,0.924791086350975,3.226014540540085,0.031626763750967485,2.917043921314666
4102,fit,49,0.18048823839982134,0.31790131311460407,0.9275766016713092,3.2493616617989445,0.030903348917158645,2.9371412494494806
4102,fit,50,0.17552452950286854,0.31430010469130054,0.9303621169916435,3.272037273974713,0.030163219206000617,2.9567532240349306
4102,fit,51,0.17076320833898978,0.3108740692678126,0.9303621169916435,3.294093059938737,0.029329230111481832,2.9758917907663553
4102,fit,52,0.1662020358829856,0.307662087746139,0.9303621169916435,3.3155814553718392,0.028513475255935596,2.9945857795351554
4102,fit,53,0.16182472942919393,0.3047301748968098,0.9303621169916435,3.3365527570793425,0.027880406991797436,3.012879032482224
4102,fit,54,0.1576314246302924,0.30213283617720427,0.9275766016713092,3.357050612607747,0.02744415477243116,3.0308257906361673
4102,fit,55,0.15363096918120034,0.2998295831187358,0.9331476323119777,3.3771073029254066,0.027075771713204487,3.0485056258081595
4102,fit,56,0.14992222796149515,0.29771700503333454,0.9331476323119777,3.396752014556929,0.02678499225789029,3.0660318072639896
4102,fit,57,0.1464981293486254,0.2956819630959293,0.9331476323119777,3.4160003276949458,0.026546696119180514,3.0835080142635674
4102,fit,58,0.14320445054931477,0.29360359929279406,0.9303621169916435,3.4348575347202313,0.026258152058377587,3.1009852354026903
4102,fit,59,0.13996312718723233,0.2914042683939709,0.9303621169916435,3.4533309366412963,0.0259154130617388,3.118467669268435
4102,fit,60,0.13674554343315093,0.2891018873133496,0.9303621169916435,3.4714335961519613,0.025363868328397904,3.135923377661364
4102,fit,61,0.13364798805395162,0.2868391187009041,0.9303621169916435,3.489184462693438,0.024561673396101665,3.153302357703189
4102,fit,62,0.13076659112861214,0.2848313293673748,0.9303621169916435,3.5065967939660587,0.023994704693060576,3.170543601207513
4102,fit,63,0.12801228235360704,0.2831981587655199,0.9331476323119777,3.5236813511855765,0.02352121424522217,3.1875733489163647
4102,fit,64,0.12535840281254568,0.2819206613177511,0.9303621169916435,3.5404590675087038,0.02298434138728065,3.204323283394248
4102,fit,65,0.12285224840367023,0.280849658306645,0.9303621169916435,3.5569559222852445,0.0224546378393508,3.220736300317878
4102,fit,66,0.12050561521071501,0.27978559190081914,0.9303621169916435,3.573190725558547,0.022019656686206267,3.2367666987718042
4102,fit,67,0.11828096012756736,0.27859210965971576,0.9275766016713092,3.5891691565788646,0.021644062684623395,3.2523846968733774
4102,fit,68,0.11613105117605034,0.2772402098389825,0.9275766016713092,3.604886576132804,0.02127123355568134,3.2675781029251088
4102,fit,69,0.11401944848969021,0.27578111507707237,0.9275766016713092,3.6203334368678504,0.020895809580547986,3.282348538952741
4102,fit,70,0.11202458870777496,0.2742856175539713,0.9275766016713092,3.6354992262202663,0.020558028327850284,3.296699421784519
4102,fit,71,0.11013322887728035,0.27280284562237944,0.9275766016713092,3.6503774997457286,0.02022832354207701,3.3106303295518074
4102,fit,72,0.10830467669112089,0.2713748178682353,0.9303621169916435,3.6649713120443512,0.019929738716331254,3.324153906097955
4102,fit,73,0.1065359978095047,0.27002565528520994,0.9331476323119777,3.6792898471562983,0.019658437317917953,3.3372917747495228
4102,fit,74,0.10483030131326958,0.26878139188764144,0.9331476323119777,3.6933470390392826,0.019388441733992696,3.3500789928556443
4102,fit,75,0.10319009540170819,0.2676837978596534,0.9331476323119777,3.7071591309033947,0.019110558771148898,3.3625650014412254
4102,fit,76,0.10161263041686303,0.26677229569054756,0.9331476323119777,3.720741142658718,0.018830556965894044,3.374804068760869
4102,fit,77,0.10009195496466186,0.2660587622186862,0.9331476323119777,3.734104732181647,0.018553980296605887,3.3868423877309106
4102,fit,78,0.09862172096671161,0.2655259074680643,0.9331476323119777,3.7472583828798682,0.01829009589237681,3.3987121378040746
4102,fit,79,0.09719414704779442,0.2651397309950851,0.9331476323119777,3.7602085889736885,0.01805049048413157,3.4104321572593426
4102,fit,80,0.09579851592342428,0.2648620199782061,0.9331476323119777,3.7729610561995943,0.017843910472665044,3.4220110689610874
4102,fit,81,0.09442143592289796,0.2646598923294097,0.9331476323119777,3.7855217785730164,0.017673857441964987,3.433450829256225
4102,fit,82,0.09304891576817957,0.2645106905008839,0.9331476323119777,3.7978981100483074,0.01753005966136484,3.444750551996812
4102,fit,83,0.09167304933325321,0.26439866776648097,0.9331476323119777,3.810099815991974,0.017364449383901248,3.455911427794227
4102,fit,84,0.0903085694132969,0.26429822503340994,0.9331476323119777,3.8221392540778907,0.017123909721268354,3.466943465776274
4102,fit,85,0.08899533667700264,0.26414666682910243,0.9331476323119777,3.834028081225122,0.016924158504279606,3.4778697076994574
4102,fit,86,0.08774135890818958,0.2638494753932068,0.9331476323119777,3.845770954622441,0.016864573889053935,3.4887138209699344
4102,fit,87,0.08650412214532245,0.263337448665137,0.9331476323119777,3.8573660150191187,0.016834226138977604,3.4994784408288804
4102,fit,88,0.08524982402290189,0.26259523360424347,0.9331476323119777,3.8688115414436175,0.016747728787532272,3.510144427941428
4102,fit,89,0.08398556713234911,0.26165437863536795,0.9331476323119777,3.880110293262483,0.016522441538079448,3.5206853544149896
4102,fit,90,0.0827575175028522,0.2605894882724669,0.9331476323119777,3.891270381158129,0.01616397013408921,3.5310834716088197
4103,fit,0,2.3360199583817587,2.3492068357799556,0.08913649025069638,0.39558874326617277,0.29616026916151483,0.4318023397152466
4103,fit,1,2.274325522907906,2.2884121967059676,0.11142061281337047,0.3906625693713213,0.28704064367403864,0.4294031276532027
4103,fit,2,2.1716979390222413,2.1853402091625953,0.1894150417827298,0.39662140079029623,0.2733334779690568,0.4455082363432378
4103,fit,3,2.047775612198796,2.0592385922078034,0.298050139275766,0.43109949590355723,0.25585009291766325,0.5017294260166917
4103,fit,4,1.9213756101158472,1.9275511283669005,0.3955431754874652,0.500204695868951,0.2314078394858334,0.6014155223201934
4103,fit,5,1.8113563324039224,1.8084686811428805,0.46518105849582175,0.5958544021565502,0.20743163261976552,0.7302322646377448
4103,fit,6,1.721679098088232,1.7139504010911348,0.5125348189415042,0.7050207153867482,0.19281054692427563,0.8704527266269485
4103,fit,7,1.6443463817075719,1.6356959346193143,0.5459610027855153,0.8179361038422616,0.18413744593780243,1.0097697293374173
4103,fit,8,1.5728746526024329,1.5644904787342382,0.5654596100278552,0.9292255044531087,0.1777164274794929,1.1414049729613729
4103,fit,9,1.5038359519999618,1.496385286951665,0.584958217270195,1.0363824927930942,0.1721139538935825,1.2621306121071436
4103,fit,10,1.4355168988231888,1.4288891455500035,0.6239554317548747,1.138481847585066,0.1666508365592589,1.3707765484372059
4103,fit,11,1.3670371749284527,1.3606983675642041,0.6462395543175488,1.2354548942239991,0.16088696294216165,1.4673636339391123
4103,fit,12,1.298162784036339,1.2917899109109092,0.6768802228412256,1.3276980167121162,0.1544002390017332,1.552661785757099
4103,fit,13,1.2292031211764372,1.2230358339608496,0.6963788300835655,1.4158067420274199,0.14716932602681876,1.6278582983982692
4103,fit,14,1.1608094821468462,1.1557577852997971,0.7298050139275766,1.5004017390083988,0.13955225663082427,1.694331894498526
4103,fit,15,1.094028933392697,1.091221914405924,0.754874651810585,1.5820392393555531,0.13174110373822134,1.753552732735917
4103,fit,16,1.0301006535057484,1.0301160634292181,0.7688022284122563,1.6611431447019458,0.1239626378224831,1.806951860686461
4103,fit,17,0.9698952065928343,0.9727106266921163,0.7799442896935933,1.7379414282195207,0.11674667464816801,1.855701786786816
4103,fit,18,0.9136852728441778,0.9193869904231389,0.7910863509749304,1.8124820303153408,0.11029601913401627,1.9005850716559813
4103,fit,19,0.8611412278175414,0.8703466049622098,0.8161559888579387,1.8846913163288581,0.10476084658983965,1.9420635680354243
4103,fit,20,0.8116465185800082,0.8251482128933917,0.8272980501392758,1.9544514985586112,0.09990868895906879,1.980444123414272
4103,fit,21,0.7651266966844004,0.7831404895762296,0.8440111420612814,2.02169539706829,0.09495211075233224,2.0160192514715747
4103,fit,22,0.7217713353599174,0.7439048391740138,0.8551532033426184,2.086412506492832,0.08984125094565541,2.049089670319878
4103,fit,23,0.6814990134224567,0.7077750755352689,0.8607242339832869,2.148621151351242,0.08500596096021433,2.0799873904026804
4103,fit,24,0.6440371777903359,0.6749595089031314,0.8551532033426184,2.2083778637610822,0.0809840877285941,2.1090922893214543
4103,fit,25,0.6095330090418343,0.6451454095386139,0.8607242339832869,2.265760316077953,0.07760075612933763,2.1367901572440977
4103,fit,26,0.5774513786340797,0.6179066541553974,0.8579387186629527,2.320816928447499,0.07457004066405246,2.163382462066307
4103,fit,27,0.5476903425958795,0.5932204690751844,0.8607242339832869,2.37360717940895,0.07134807505874077,2.1890345184225732
4103,fit,28,0.5202507576938978,0.570886095670335,0.8635097493036211,2.4241963300497402,0.0679424363528354,2.213730030950921
4103,fit,29,0.49480141046526827,0.5504944263860857,0.871866295264624,2.4726406626018926,0.06455632478726565,2.2373303793851718
4103,fit,30,0.47157912465223456,0.5319307306505927,0.8774373259052924,2.5189892175503243,0.06093065072276815,2.259651699034071
4103,fit,31,0.45073971413192804,0.5151282797900261,0.8857938718662952,2.563259893835907,0.05823188327744347,2.280521634382438
4103,fit,32,0.4315133906940613,0.5000101727993437,0.8857938718662952,2.6054758728526464,0.05623606669120541,2.299880610479821
4103,fit,33,0.4135351108553321,0.48652779630893966,0.8885793871866295,2.6456949218341257,0.054399604198249824,2.3177854330047083
4103,fit,34,0.39666700130358695,0.4745907052996702,0.8969359331476323,2.6840131464479495,0.05246267598382461,2.3343982640390664
4103,fit,35,0.3809445413338929,0.46401513218253876,0.8997214484679665,2.7205506248514397,0.050582814323512075,2.349947127123656
4103,fit,36,0.3662599163578125,0.4545456434554836,0.8969359331476323,2.7554515375397375,0.048906573579130974,2.3646999306231296
4103,fit,37,0.35244107448060874,0.44589251684499787,0.8969359331476323,2.7888861219132397,0.04744028853992993,2.3789252998796724
4103,fit,38,0.33952321394821555,0.4377648002017041,0.8969359331476323,2.8210330950316393,0.045943080100421266,2.3928581047606183
4103,fit,39,0.32757876132882874,0.4298876694532023,0.8969359331476323,2.852035133490727,0.04424151469877349,2.406703623332599
4103,fit,40,0.3161881434050341,0.4221746765915323,0.9025069637883009,2.881973741594988,0.04258145703393963,2.4205552652810423
4103,fit,41,0.3058959289549138,0.41467898304718803,0.9052924791086351,2.9109131151776197,0.04078231825686618,2.4344166554099766
4103,fit,42,0.296461790197737,0.40752818682051084,0.9025069637883009,2.938919398514461,0.03951068032689101,2.4483041487537127
4103,fit,43,0.28721575630270674,0.4008602823193135,0.9025069637883009,2.9660187667866635,0.0385071821289469,2.462170687309922
4103,fit,44,0.27851808633274755,0.39481320322889785,0.9052924791086351,2.9922673375353797,0.03742472963464108,2.4761286817518804
4103,fit,45,0.27036885514913067,0.38943763851540286,0.9052924791086351,3.0176888719472696,0.03658847894394238,2.4902269034233693
4103,fit,46,0.26260405381763685,0.38463616903642067,0.9025069637883009,3.042289377392796,0.03607154706859469,2.504429035311298
4103,fit,47,0.2547848598331628,0.380226021240399,0.9025069637883009,3.0660906367264142,0.0359401951968989,2.5187103736163845
4103,fit,48,0.24729369135901302,0.37606919745897716,0.9025069637883009,3.0891524961672214,0.03498627814525368,2.533059802337316
4103,fit,49,0.2403906971101562,0.372157052208709,0.9025069637883009,3.111575150396304,0.03431675643324524,2.547533732824674
4103,fit,50,0.23406936463726147,0.36843302954315266,0.9025069637883009,3.1334049769246546,0.033763900734879795,2.5620012778727332
4103,fit,51,0.22815962764853717,0.3648030132625925,0.9080779944289693,3.1546823983803494,0.03300387056833675,2.5763480323222097
4103,fit,52,0.22260311594005042,0.36129913910693645,0.9108635097493036,3.175452388692149,0.03201450157211986,2.5905150414088007
4103,fit,53,0.21737812012538954,0.3580628412070825,0.9108635097493036,3.1957524924304423,0.031083144456683583,2.604481388968379
4103,fit,54,0.21242994575202157,0.3552395524493057,0.9108635097493036,3.2156046217784193,0.03038882684734354,2.61825194498052
4103,fit,55,0.20771263190542535,0.3528815099001579,0.9080779944289693,3.2350168404798225,0.029885117139025547,2.631847905872547
4103,fit,56,0.20319280974983522,0.35092599710407274,0.9052924791086351,3.2539901751013858,0.02942157919674717,2.6452992341491517
4103,fit,57,0.1988311887008463,0.3492508810806444,0.9052924791086351,3.2725258490371707,0.028904383201894496,2.6586414086949803
4103,fit,58,0.19459600531404975,0.34774478166956657,0.9052924791086351,3.2906312427365396,0.028358775566759968,2.671912207007152
4103,fit,59,0.19043105138682867,0.34634088045289235,0.9025069637883009,3.3083217839310426,0.02789494514258322,2.685142735411956
4103,fit,60,0.18609209172955846,0.3450429705206343,0.9025069637883009,3.325620481510219,0.027769805615864174,2.6983553628360273
4103,fit,61,0.18135560737181403,0.3441999455036361,0.9025069637883009,3.342566493459768,0.027812252795216756,2.71158850377546
4103,fit,62,0.17757872643676195,0.3438305553853365,0.9025069637883009,3.3592068470772527,0.0281908659704557,2.7247504721447444
4103,fit,63,0.17393378971230275,0.343204150253229,0.9025069637883009,3.3755618184330594,0.02815126876891302,2.7377430966442837
4103,fit,64,0.17049942532326964,0.3420407270121696,0.9025069637883009,3.3916363183495726,0.027711949978450744,2.750494034264607
4103,fit,65,0.16727220805788992,0.3405484664624235,0.9025069637883009,3.4074266316958286,0.02690573660661006,2.7629424591721072
4103,fit,66,0.16419152889929062,0.33895330843598476,0.9025069637883009,3.4229402601981347,0.026015805752190143,2.775054188118553
4103,fit,67,0.16122866933733618,0.3374086198885372,0.9052924791086351,3.4381844104228976,0.025186181230191035,2.786807491159116
4103,fit,68,0.15836064648115705,0.33599705515555317,0.9108635097493036,3.4531641467950656,0.024449972529835884,2.798194777021158
4103,fit,69,0.15556250390186652,0.33474137207063764,0.9108635097493036,3.467882820805813,0.023823127972425678,2.80921873921657
4103,fit,70,0.15281269946070933,0.3336263443746345,0.9108635097493036,3.482343584499139,0.02335129231428282,2.819889542265706
4103,fit,71,0.1500929352146944,0.33262541010982044,0.9108635097493036,3.4965512711710334,0.023090728896665264,2.8302329495638467
4103,fit,72,0.14736142338357908,0.331702841980886,0.9108635097493036,3.510513978755442,0.02301613541925875,2.8403029094292926
4103,fit,73,0.14444827042255387,0.33079307399824465,0.9108635097493036,3.5242474162242954,0.022845500976705898,2.850177903095282
4103,fit,74,0.14151190294383195,0.32982920885631273,0.9108635097493036,3.5377857522780243,0.022372000952450385,2.859969118420231
4103,fit,75,0.13891080808510356,0.32879756656254566,0.9108635097493036,3.5511506617885074,0.022452473315090992,2.8698525170928892
4103,fit,76,0.1362513425713035,0.3276741783097948,0.9108635097493036,3.5643552090778448,0.022606052055376188,2.8799235119430526
4103,fit,77,0.13360040273840043,0.32643237404236064,0.9108635097493036,3.57741225758176,0.02254498813720873,2.8901734148650116
4103,fit,78,0.13102638264624678,0.32521664554684065,0.9108635097493036,3.590361124450768,0.02243380638965203,2.90063828902775
4103,fit,79,0.12852951966294285,0.3243091781445519,0.9108635097493036,3.603250353816006,0.022448919057720867,2.911361359102713
4103,fit,80,0.125908918021609,0.3238139869182103,0.9108635097493036,3.6160972992649043,0.02233911026143244,2.9223288743826505
4103,fit,81,0.12345972682419246,0.3235663464737601,0.9108635097493036,3.628891179095723,0.022332766003934433,2.933449781825789
4103,fit,82,0.12122421681156288,0.3232897399125978,0.9108635097493036,3.6416013732463415,0.022255755811514847,2.9446037107792007
4103,fit,83,0.1191490272633839,0.3227726109700316,0.9080779944289693,3.654203380537318,0.02215113276436339,2.95565232208345
4103,fit,84,0.11717467534143397,0.32190610740277725,0.9080779944289693,3.6666717293383795,0.021844524836773307,2.9664752387974587
4103,fit,85,0.11527412362467014,0.32069248330462163,0.9080779944289693,3.678982334944718,0.021313905790734736,2.976991446516088
4103,fit,86,0.11342223805843464,0.3192334937697032,0.9080779944289693,3.6911208547693426,0.02073834983897244,2.987198707624647
4103,fit,87,0.11161077321828297,0.317677166230853,0.9080779944289693,3.7030814417476905,0.02029070761677843,2.9971452705388186
4103,fit,88,0.10981731938916289,0.3161572656709236,0.9108635097493036,3.714859579871253,0.019971290424305475,3.0068775524684863
4103,fit,89,0.10802350837697172,0.31476215455523654,0.9108635097493036,3.7264508631419,0.019646607334521386,3.016418406002345
4103,fit,90,0.10620484106464977,0.31354853796539117,0.9136490250696379,3.7378551692836717,0.019332469908305748,3.025786636465207
4104,fit,0,2.519670577838115,2.5122848086290293,0.04456824512534819,0.3838422458738795,0.3893197346747642,0.41916439876737593
4104,fit,1,2.412008426717527,2.402784821682212,0.07242339832869081,0.3895458464877433,0.3520908134509693,0.4223346789112407
4104,fit,2,2.237755930726764,2.2305516813720785,0.13649025069637882,0.4205283770210802,0.2984361776769139,0.4568540586076537
4104,fit,3,2.047548309452262,2.049453321617665,0.25348189415041783,0.4873484996582792,0.2576548245922026,0.5379515596045529
4104,fit,4,1.8860797356794854,1.893888964867915,0.41225626740947074,0.5796344321663754,0.23872745458990674,0.6502113809514959
4104,fit,5,1.7620009932610483,1.767476209957311,0.5181058495821727,0.6818272599482361,0.22786345615565273,0.771994683896161
4104,fit,6,1.6613384383119159,1.6640407690256027,0.5905292479108635,0.7843338601660886,0.22093037180391484,0.8909045034459243
4104,fit,7,1.572104057530123,1.5744067274883657,0.6267409470752089,0.883221445962931,0.21595901251981536,1.0020337536323227
4104,fit,8,1.4876255417338575,1.4910538129228732,0.6796657381615598,0.9775779787764143,0.21196918325378666,1.1040310428666853
4104,fit,9,1.4036943959595238,1.4103746186724688,0.7103064066852368,1.067915166831203,0.20783177954277168,1.1968674372276773
4104,fit,10,1.319362638307706,1.3312918907297464,0.7158774373259053,1.1554010993373827,0.201516897857598,1.2810643098546544
4104,fit,11,1.2357822731150154,1.2535466648694167,0.7270194986072424,1.2413570520901729,0.19231268967405096,1.3573392506077275
4104,fit,12,1.1545729611374433,1.1778979128290694,0.7520891364902507,1.32686009305719,0.18054209438226113,1.426364715455326
4104,fit,13,1.0773013129027238,1.105477980400205,0.7604456824512534,1.4124568792208636,0.1675995438282675,1.488789939885709
4104,fit,14,1.0046220621486828,1.0373982279377743,0.7743732590529248,1.4980780580875097,0.15496486122532097,1.545321116486168
4104,fit,15,0.9367049880755748,0.9744752599538364,0.7994428969359332,1.5831921465709202,0.14368719587467035,1.5967857878828757
4104,fit,16,0.8734121736651835,0.9167610831638321,0.8189415041782729,1.6670455729659406,0.13444972014194698,1.644042527471563
4104,fit,17,0.8145050922217143,0.8640563956189482,0.8272980501392758,1.7489038568305926,0.1272185973165648,1.687872718164668
4104,fit,18,0.7599730694182014,0.8165362676837464,0.8356545961002786,1.8282146780134352,0.1214002001874298,1.7289629001927642
4104,fit,19,0.709760114395799,0.7742526089504366,0.841225626740947,1.9046119722212664,0.11640305696745509,1.767884160031467
4104,fit,20,0.6636222036073207,0.7365542451947996,0.8495821727019499,1.9778704678106078,0.11139514780137413,1.8051070539851897
4104,fit,21,0.621161785878041,0.7023086096703105,0.8579387186629527,2.0478842873911223,0.10564223190435755,1.8410753238353759
4104,fit,22,0.5822043916061209,0.6704500631268386,0.8607242339832869,2.1146413861537825,0.09915821503944411,1.8762316510194386
4104,fit,23,0.5466699598219625,0.640352086761164,0.8607242339832869,2.1781632540996685,0.09259899307571054,1.9109673169670123
4104,fit,24,0.5140262070814561,0.6118809112228307,0.8635097493036211,2.2384894258606804,0.08628697993921013,1.9455048413484153
4104,fit,25,0.48401939079764883,0.5853303091010311,0.8662952646239555,2.2957188039610124,0.08013771280972422,1.9798813354341218
4104,fit,26,0.4567743392736531,0.5609563995995107,0.8746518105849582,2.349997870414612,0.07426451124985364,2.0139618878182866
4104,fit,27,0.43221658244722805,0.5386246195484199,0.8802228412256268,2.4014835493991993,0.06882501149677088,2.0474891246348554
4104,fit,28,0.40992650439447886,0.5180742201299501,0.8802228412256268,2.4503149536687525,0.06401767577397266,2.0801903099657713
4104,fit,29,0.3894717785180014,0.49917815527632753,0.8857938718662952,2.4966231845964546,0.05994942481669236,2.1118910912398072
4104,fit,30,0.37054831563760976,0.48183153489577146,0.8885793871866295,2.540554141785343,0.05662295224585485,2.1425540600186292
4104,fit,31,0.35284901362736043,0.46589190893147114,0.8969359331476323,2.582279076577359,0.05404071793353528,2.1722521676134208
4104,fit,32,0.33648148116642285,0.4512566733692839,0.9025069637883009,2.6219929807727804,0.052432074076972056,2.201125640365123
4104,fit,33,0.3218405169136728,0.4377689956467129,0.9052924791086351,2.6598470533079848,0.05038694843077516,2.2292987733633725
4104,fit,34,0.3083082274297051,0.42533303571602876,0.9136490250696379,2.6959840338080134,0.0483029046201529,2.2568388015807033
4104,fit,35,0.2956400209557713,0.41386987375182166,0.9164345403899722,2.7305449602782272,0.0464540963319068,2.2837713302143765
4104,fit,36,0.28375653474523627,0.4032998135730134,0.9164345403899722,2.7636720630971654,0.04479300108108977,2.3100877368732102
4104,fit,37,0.2728400234638405,0.39342108379448026,0.9164345403899722,2.795507882521505,0.04336465679959004,2.3357517801927674
4104,fit,38,0.26278807600494797,0.3839614404164851,0.9164345403899722,2.8261469355667486,0.04207123825484323,2.3607130468738333
4104,fit,39,0.25331258815433233,0.3748376794687203,0.9164345403899722,2.8556481537949256,0.04075665505891076,2.3849542024717407
4104,fit,40,0.2443071629107816,0.36612619647491224,0.9164345403899722,2.884067954385859,0.03948615519705732,2.408500315439088
4104,fit,41,0.23576819201469326,0.3579586241367838,0.9164345403899722,2.9114643258481645,0.03833421434205779,2.4314097182717065
4104,fit,42,0.2276921631574373,0.35045686465471554,0.9192200557103064,2.9378932476226463,0.037292574113804385,2.4537509634688166
4104,fit,43,0.22000763218489008,0.34368802325093634,0.9192200557103064,2.9634065201945363,0.036340458786242466,2.4755726334585932
4104,fit,44,0.21270192380019898,0.33762633680272847,0.9220055710306406,2.9880540088362904,0.03539745838968687,2.496883928070419
4104,fit,45,0.20588945308818984,0.3321227107395423,0.9220055710306406,3.011867453019379,0.03533981234319974,2.5176343853705445
4104,fit,46,0.19917422362336143,0.3268598179008221,0.924791086350975,3.0348728505854035,0.03570374094782664,2.5377950962133555
4104,fit,47,0.19270599152807122,0.32182403381425284,0.9275766016713092,3.0571411190219098,0.0345462301725318,2.557395010890357
4104,fit,48,0.18675756863934576,0.31763206610496175,0.9275766016713092,3.078763389363373,0.03335749730727129,2.5765221051797766
4104,fit,49,0.18104023696345373,0.3138334016122664,0.9275766016713092,3.0998057624994337,0.03246963634430535,2.5952793948850794
4104,fit,50,0.17496384041621027,0.30995382774086533,0.9303621169916435,3.1203111724340475,0.031207702130469618,2.613785827888744
4104,fit,51,0.16958232256523398,0.3059963763033506,0.9303621169916435,3.140310647875274,0.0305462792234933,2.632020718588792
4104,fit,52,0.16461543943961515,0.3020375127042812,0.9303621169916435,3.1598211817805453,0.03049968334616307,2.649963691284939
4104,fit,53,0.15974663410257794,0.29814130551868945,0.9303621169916435,3.1788709657573793,0.030771780884351358,2.6675799742930586
4104,fit,54,0.15482967396590752,0.29464739409152085,0.9331476323119777,3.1975050310122444,0.030284042869702696,2.684813332550702
4104,fit,55,0.15022810044647977,0.29177988857142084,0.9303621169916435,3.215794350344043,0.028779885329623573,2.7016133530806745
4104,fit,56,0.14621581555292584,0.2891194477212788,0.9275766016713092,3.2338001732295107,0.02866388480883623,2.717952430605235
4104,fit,57,0.14233924247078292,0.2862926406790873,0.9303621169916435,3.2515392317196814,0.028434752056945987,2.7337593982315
4104,fit,58,0.13856142190787685,0.2833538177306324,0.9275766016713092,3.269010378301002,0.027652312541528324,2.7489155665871343
4104,fit,59,0.13518306133024813,0.2805755428968668,0.9275766016713092,3.286194533324924,0.027110721018537717,2.7633249887072875
4104,fit,60,0.13213459912892583,0.2782256636186168,0.9303621169916435,3.303080504827055,0.026437943302210533,2.777032486419238
4104,fit,61,0.12929883912469142,0.27647899113217816,0.9303621169916435,3.3196632239713697,0.025460118353121383,2.790171664591186
4104,fit,62,0.1265980551068993,0.2753926396593311,0.9303621169916435,3.3359414146644104,0.024395513194708743,2.8029130215637226
4104,fit,63,0.12400364475585231,0.2748645540757211,0.9303621169916435,3.351913906784776,0.023474934968422023,2.8154150892943246
4104,fit,64,0.1215169190495609,0.27465777636426664,0.9303621169916435,3.3675780797511705,0.022763361737295113,2.827785215529245
4104,fit,65,0.11913583605183321,0.2745231749355879,0.9331476323119777,3.3829305396838723,0.022159451321231087,2.840062727698614
4104,fit,66,0.1168520609258556,0.2743172744618537,0.9331476323119777,3.3979681355770524,0.02158954321058488,2.8522269937291362
4104,fit,67,0.1146592004991793,0.2740191398287651,0.9331476323119777,3.4126890140884885,0.021090034533811492,2.864224332084676
4104,fit,68,0.11255005804506547,0.27366847829891855,0.9331476323119777,3.4270939992766234,0.02065634346959582,2.8760015639279324
4104,fit,69,0.11051618557416427,0.27330680918060657,0.9331476323119777,3.4411877084982394,0.02021289365853841,2.8875316443434986
4104,fit,70,0.10854980280837319,0.27295508391564416,0.9331476323119777,3.454978606682362,0.019739558157659664,2.898821443541869
4104,fit,71,0.10664790369019554,0.2726094159971737,0.9331476323119777,3.4684780114688336,0.019310688654864887,2.909902203946668
4104,fit,72,0.10482987826343555,0.2722445449585276,0.9331476323119777,3.481698413633779,0.0189979570970688,2.920811439676046
4104,fit,73,0.10310322716102871,0.27182806776265866,0.9331476323119777,3.4946525228062026,0.018750756896536134,2.9315821686857237
4104,fit,74,0.10144494411655691,0.27133612887889286,0.9331476323119777,3.5073539351954617,0.018514703521567283,2.942241320217135
4104,fit,75,0.09984148297600669,0.2707666925098133,0.9331476323119777,3.519816079470335,0.018274203011097535,2.95280407353599
4104,fit,76,0.09828832219087638,0.27013980528281584,0.9331476323119777,3.532051392625292,0.018037631075497978,2.963274710799101
4104,fit,77,0.09678384378357589,0.26948666577364283,0.9331476323119777,3.5440713841171028,0.01781918317600058,2.973652637072726
4104,fit,78,0.09532678067161421,0.268837091298829,0.9331476323119777,3.5558869445989876,0.01762339132138562,2.9839389086006998
4104,fit,79,0.09391605327752324,0.2682120024666732,0.9331476323119777,3.567508513793731,0.017445629812229045,2.9941404095339506
4104,fit,80,0.09255121437834403,0.2676217857810635,0.9331476323119777,3.578945973876331,0.017280312239802056,3.004270458848348
4104,fit,81,0.09123207072389287,0.26706813365874094,0.9303621169916435,3.590208329031326,0.017123849603799323,3.0143460726079883
4104,fit,82,0.08995762344401387,0.2665472154286967,0.9303621169916435,3.601303360587467,0.016971531277527332,3.024383312924224
4104,fit,83,0.08872544868190416,0.26605329970894875,0.9303621169916435,3.612237448187252,0.01681611227309978,3.034392824656798
4104,fit,84,0.08753203538034537,0.26558215267210455,0.9303621169916435,3.6230156304083687,0.01665093587864488,3.0443773460605854
4104,fit,85,0.08637362717029455,0.2651331186586462,0.9331476323119777,3.6336418600086877,0.01647350257572315,3.0543317979441107
4104,fit,86,0.08524689171009078,0.2647091306566636,0.9331476323119777,3.644119361657156,0.016285987491487137,3.064245389737511
4104,fit,87,0.08414910628259831,0.2643150857117295,0.9331476323119777,3.6544510014568194,0.016093024233224534,3.0741046998768895
4104,fit,88,0.0830779905390089,0.26395591532843804,0.9303621169916435,3.6646396001656996,0.015899091776401107,3.083896767564142
4104,fit,89,0.0820314687195123,0.26363555338431066,0.9303621169916435,3.674688152654495,0.015707316953344538,3.0936115124301353
4104,fit,90,0.08100750910209327,0.26335720961217024,0.9303621169916435,3.684599943996702,0.01551977184108223,3.103243122731671
4105,fit,0,2.317070364862396,2.348895171359172,0.0947075208913649,0.4078830936965531,0.36588522684501024,0.5081776504943352
4105,fit,1,2.220869792403102,2.2547699493252757,0.15877437325905291,0.402304868624902,0.34051563245689404,0.4958140776919874
4105,fit,2,2.070566484539721,2.105550787704983,0.2479108635097493,0.4124929188333836,0.3007196997829887,0.49264858469892525
4105,fit,3,1.9121733455362286,1.9430461465240532,0.3816155988857939,0.4575722684704161,0.26176258097611854,0.5214039952577625
4105,fit,4,1.773532737074909,1.7981281668077886,0.467966573816156,0.5369366391890223,0.23689610088793106,0.5879618038367528
4105,fit,5,1.6571837648686165,1.67965092925049,0.532033426183844,0.6370279382388172,0.2225236350217931,0.681134156575414
4105,fit,6,1.5566592749250983,1.5811788070793378,0.5877437325905293,0.7455876592802967,0.2109741984702219,0.7864414131333446
4105,fit,7,1.4667048959567501,1.4940029559652388,0.5988857938718662,0.8554458704817451,0.19972637154527348,0.8934708312526369
4105,fit,8,1.3839872531466604,1.4133492192798862,0.6211699164345403,0.9630228694779781,0.18756839240995382,0.9960256852735293
4105,fit,9,1.3071305678168677,1.3375333185258056,0.649025069637883,1.066810167891658,0.17432524236022545,1.0911223026475614
4105,fit,10,1.2356547495604477,1.2666744110198576,0.6768802228412256,1.1663324405007787,0.1622215502888012,1.1778528313075942
4105,fit,11,1.1684333295352454,1.200495169033615,0.7019498607242339,1.2614377277846407,0.15285355661297512,1.2562478199787832
4105,fit,12,1.1043937759142126,1.1392082099216592,0.7214484679665738,1.3520685274702193,0.14601961826144705,1.3268073523208006
4105,fit,13,1.0434355488806617,1.0829996142288716,0.7298050139275766,1.4382951794347971,0.1401869530048403,1.3905098466192054
4105,fit,14,0.985338570164965,1.0300782361779703,0.7437325905292479,1.5202955260597733,0.1345016250379143,1.4486440936893341
4105,fit,15,0.9299071347289597,0.9801976258329812,0.7604456824512534,1.598336023386963,0.12922553208503346,1.5025051839377446
4105,fit,16,0.8770614663014294,0.9325531654322943,0.7743732590529248,1.6727331024897183,0.12437354952304512,1.5531877149975672
4105,fit,17,0.826772592648483,0.8868499884566627,0.7938718662952646,1.7438339082952716,0.11925429945925937,1.6014728519166146
4105,fit,18,0.7792961740024185,0.8438110589777186,0.7910863509749304,1.811996266060532,0.11327927115523412,1.6477366059457044
4105,fit,19,0.7350844855086067,0.8040274975424518,0.7994428969359332,1.8775641634746405,0.10625477888683446,1.6920531332159667
4105,fit,20,0.6942693970469078,0.7674202406558156,0.8133704735376045,1.9407891978083702,0.09850014876775541,1.7343918170608625
4105,fit,21,0.6567226200949232,0.7337970082704885,0.8189415041782729,2.0017994612795182,0.09080991467957093,1.774739212318563
4105,fit,22,0.6222133905698587,0.7028923757664037,0.83008356545961,2.0606248369078526,0.08429370712561417,1.8130994479544613
4105,fit,23,0.5903413462360065,0.674183879362894,0.8356545961002786,2.1172368638205916,0.07985268096646275,1.8494736103297686
4105,fit,24,0.5602852258052093,0.6471078774513801,0.8384401114206128,2.1715765913176224,0.07728103976795278,1.88386631209803
4105,fit,25,0.5322011757412582,0.6212588831125051,0.8467966573816156,2.2236262012053185,0.07494758835232453,1.9162976861001884
4105,fit,26,0.5057298079363358,0.5965456456033851,0.8579387186629527,2.2733831111697667,0.07246595212645258,1.9467856523557512
4105,fit,27,0.48059996390450815,0.5733458163880395,0.8607242339832869,2.320887945402663,0.06957579224648913,1.9753265411004963
4105,fit,28,0.4572460803331937,0.5520943075331213,0.8635097493036211,2.3662251701559587,0.06705158694088556,2.0018905953857877
4105,fit,29,0.4356138751800856,0.5326003703078692,0.8662952646239555,2.4095019462233553,0.0653517551163717,2.0265550039709095
4105,fit,30,0.41532147922035945,0.5144522374361206,0.8746518105849582,2.4508724633195813,0.06406391259263003,2.049550956044512
4105,fit,31,0.3961552751705099,0.49762251522063405,0.8774373259052924,2.4905298202109,0.06269905908372532,2.071143898231612
4105,fit,32,0.3781760837730555,0.48223035755379196,0.8802228412256268,2.528687264779515,0.0608545558748815,2.091564757370612
4105,fit,33,0.3616871189709413,0.46809362929151843,0.883008356545961,2.5655666304874183,0.05858620665217756,2.111003105373937
4105,fit,34,0.3466441104358529,0.45489936744659043,0.8857938718662952,2.6013429803864248,0.05604111906297882,2.12963156348308
4105,fit,35,0.33256235943406537,0.44244064477918177,0.8857938718662952,2.6361091856344725,0.053370860345893445,2.1476358885245372
4105,fit,36,0.3192592562441639,0.4306793735869505,0.8941504178272981,2.669909556689541,0.05093001932377076,2.1652199925151447
4105,fit,37,0.30720201572332806,0.4197082213277497,0.8941504178272981,2.7027727527398286,0.048461747545864485,2.182579318832938
4105,fit,38,0.2960149668550635,0.40963444781325775,0.8969359331476323,2.7346936783851,0.04646246837193642,2.1998663253988924
4105,fit,39,0.2855530081232071,0.40058215865462726,0.8941504178272981,2.7656684957274265,0.04502558156471145,2.217196003464503
4105,fit,40,0.2757864933423591,0.39269268053957185,0.8997214484679665,2.7957048089532837,0.043911655054322735,2.234642915045559
4105,fit,41,0.2666960509121,0.3860472739276783,0.8969359331476323,2.8248185133083505,0.04281013708460295,2.2522316367292685
4105,fit,42,0.2582247844986075,0.3805814353588395,0.8969359331476323,2.853033673489545,0.04155091040103704,2.269936581746063
4105,fit,43,0.2503020684085231,0.3760813240672024,0.8997214484679665,2.880387214189337,0.04015290940999583,2.287690826930033
4105,fit,44,0.24287693552372117,0.3722500950258782,0.8941504178272981,2.906930244071575,0.038751470155445174,2.30540383738674
4105,fit,45,0.23590822336693013,0.36879469048537095,0.8913649025069638,2.932722072129365,0.037473994666806,2.3229822178616546
4105,fit,46,0.22934710199976904,0.3654915299362973,0.8913649025069638,2.957821412050119,0.036352096717454825,2.3403464019441613
4105,fit,47,0.2231437867345609,0.3622078971743836,0.8913649025069638,2.9822795519283436,0.0353393714956057,2.3574409875349343
4105,fit,48,0.2172630378316967,0.3588925565943655,0.8913649025069638,3.006136713560391,0.034391867567037014,2.3742370698925117
4105,fit,49,0.2116822855965322,0.3555622214817349,0.8913649025069638,3.0294213169370265,0.03349525398218986,2.390725652143857
4105,fit,50,0.20637954168181233,0.35229339357154527,0.8913649025069638,3.052152417276936,0.03264202753306276,2.4069060748238056
4105,fit,51,0.20132999289360654,0.34920818885851673,0.8885793871866295,3.074344358873728,0.0318249964230312,2.4227770176451506
4105,fit,52,0.19651080469804097,0.34644289608398116,0.8885793871866295,3.096011006000769,0.031035333586220577,2.4383330135596646
4105,fit,53,0.19190787881254484,0.34409533482373167,0.8913649025069638,3.1171679187164294,0.030263629313135445,2.453564523292546
4105,fit,54,0.18751588443033218,0.3421626539423985,0.8969359331476323,3.137832227018042,0.029527360826726468,2.468460890494186
4105,fit,55,0.18331956271623936,0.3405445689487365,0.8969359331476323,3.1580208052224985,0.028859333616777543,2.4830184350441735
4105,fit,56,0.17929006180934356,0.33915537881918895,0.8997214484679665,3.177750122930928,0.028241457848354617,2.497252976839039
4105,fit,57,0.17542323317546724,0.33798183559259604,0.9025069637883009,3.197039553970565,0.027644382957752612,2.511207236846212
4105,fit,58,0.17173622062302452,0.33697927782866943,0.9025069637883009,3.215911331445094,0.027099325695256773,2.5249452499146217
4105,fit,59,0.16821306715876266,0.33599963707345915,0.9025069637883009,3.2343840931499206,0.02660818084217807,2.5385321226679674
4105,fit,60,0.16482074397845914,0.33490961279266096,0.9052924791086351,3.2524708558898836,0.02611613952804274,2.552014866684276
4105,fit,61,0.16154552481697637,0.33369133191014355,0.9080779944289693,3.2701819960821035,0.025578095987893158,2.5654203498802737
4105,fit,62,0.15839916899260487,0.33239646066286804,0.9108635097493036,3.287527721602431,0.02501209083685864,2.578765714017195
4105,fit,63,0.1553943455068951,0.3310745206279502,0.9108635097493036,3.3045181748013706,0.02448464550037624,2.5920660873278685
4105,fit,64,0.15252060358469663,0.32975000987264785,0.9136490250696379,3.321162744164454,0.024008024169915904,2.605328822212747
4105,fit,65,0.14975638929006516,0.3284321904695707,0.9108635097493036,3.3374709499491306,0.023546462556138913,2.6185482700244855
4105,fit,66,0.14708909711620707,0.3271294190956024,0.9136490250696379,3.353453523502134,0.023084183144358138,2.6317096467553913
4105,fit,67,0.14451760339009212,0.3258537881626915,0.9136490250696379,3.3691221286718753,0.022637321839144523,2.6447934337342693
4105,fit,68,0.14204214203188187,0.3246163682369023,0.9164345403899722,3.3844881588474958,0.022226691765426174,2.657775800091034
4105,fit,69,0.1396564654657242,0.32342271718553445,0.9164345403899722,3.399561753447389,0.02185454251318734,2.6706276190859253
4105,fit,70,0.137348842829555,0.32227382867654886,0.9164345403899722,3.4143516290054374,0.021507172251105877,2.6833150356479396
4105,fit,71,0.13510738022529434,0.32116989268356033,0.9136490250696379,3.4288655254729434,0.021170393564902787,2.6958020075088616
4105,fit,72,0.13292368570485863,0.3201127344761462,0.9136490250696379,3.4431108623353053,0.020837824937655097,2.7080538135466337
4105,fit,73,0.13079326650603915,0.31910557982865745,0.9136490250696379,3.4570953859508484,0.02050874751504487,2.720040668606154
4105,fit,74,0.12871424096560286,0.31815112539937335,0.9164345403899722,3.4708277357712207,0.02018297523737601,2.7317411852781963
4105,fit,75,0.12668626137629438,0.3172496690253132,0.9164345403899722,3.484317853835551,0.019859361218446284,2.7431455644818983
4105,fit,76,0.12471026616913419,0.3163986409390845,0.9164345403899722,3.497577101778953,0.019538786139918024,2.7542578903202384
4105,fit,77,0.1227883972356538,0.31559361203902314,0.9164345403899722,3.510617951954144,0.01922705811699484,2.7650963208636306
4105,fit,78,0.12092321022904996,0.3148297276582723,0.9164345403899722,3.523453240197179,0.018932693331154375,2.775690178741434
4105,fit,79,0.11911620870866817,0.3141025080473589,0.9164345403899722,3.536095160796744,0.01866041082756503,2.7860741972774883
4105,fit,80,0.11736668344809491,0.31340781982386184,0.9164345403899722,3.5485543230229495,0.018406741402618963,2.7962816405013347
4105,fit,81,0.11567173079502792,0.3127415355734751,0.9164345403899722,3.5608391617244255,0.018162027506873634,2.806338561053148
4105,fit,82,0.11402736093735304,0.3120994496526969,0.9164345403899722,3.5729558161709227,0.01791643946694306,2.8162607635012735
4105,fit,83,0.11242981721356554,0.3114776428869953,0.9164345403899722,3.584908390258754,0.01766494760535884,2.8260537390517944
4105,fit,84,0.11087607681352354,0.31087299147511965,0.9164345403899722,3.5966994112181503,0.01740879359585985,2.8357147615544207
4105,fit,85,0.10936317707944997,0.31028317802176925,0.9164345403899722,3.608330358437636,0.017153841936782196,2.8452359029931644
4105,fit,86,0.10788737248642911,0.30970599317715186,0.9164345403899722,3.6198022343011593,0.016907284122295883,2.8546069805067815
4105,fit,87,0.10644421005028565,0.30913861408417936,0.9164345403899722,3.6311161279579114,0.016674688963593576,2.863818009727462
4105,fit,88,0.10502926213338262,0.3085774933255626,0.9164345403899722,3.642273674326208,0.016458580587846258,2.872861049544347
4105,fit,89,0.10363896064515861,0.3080187919066277,0.9164345403899722,3.6532773628255693,0.01625860402263821,2.881731402667307
4105,fit,90,0.10227132298005012,0.30745903165806904,0.9164345403899722,3.6641306827408533,0.016073442128590888,2.890428199429868
4106,fit,0,2.342652514968709,2.349164409979722,0.08356545961002786,0.36235578648583516,0.3205433242197443,0.44025721179833405
4106,fit,1,2.259805538909321,2.2677297992031975,0.13370473537604458,0.3671379049578366,0.3018060196788921,0.4432783703874209
4106,fit,2,2.1281958359249864,2.135221733443106,0.233983286908078,0.39141273391258874,0.26825848498026994,0.46291471026169706
4106,fit,3,1.9945978430515636,2.0014330109525096,0.3565459610027855,0.44578458401433974,0.23662421982853188,0.5109574277337905
4106,fit,4,1.8786503885443084,1.8858691301389052,0.4401114206128134,0.5264985102780267,0.21498070291286603,0.587918781957685
4106,fit,5,1.7763341509911983,1.7821717284725016,0.5013927576601671,0.6234362373861759,0.19970830757812152,0.6855351903547123
4106,fit,6,1.683631388368992,1.6862036771902766,0.5487465181058496,0.7278294869937796,0.1902032105944702,0.7938643450360604
4106,fit,7,1.5967749771856015,1.5956922079866094,0.5710306406685237,0.8341377896994765,0.18494116304780858,0.9053691955561839
4106,fit,8,1.5130724556086546,1.5095232596535464,0.6044568245125348,0.9394400326682206,0.18163564326727252,1.0153547642038725
4106,fit,9,1.4309437019763478,1.427131582406406,0.649025069637883,1.0424960725407313,0.17896497881292578,1.1212020995937766
4106,fit,10,1.3501694365452763,1.3471118750637519,0.713091922005571,1.14299647510459,0.17559043342337025,1.2215284488094469
4106,fit,11,1.2714873377706137,1.268934716633019,0.7353760445682451,1.241030559041425,0.17058021069640458,1.3158085577173273
4106,fit,12,1.1956880177168965,1.1940145010013008,0.7465181058495822,1.336751086538791,0.16349813461661322,1.4041272160805471
4106,fit,13,1.123389138412624,1.122911819378661,0.7688022284122563,1.4302218196116485,0.15445403136453464,1.4870102941361374
4106,fit,14,1.0545348306738596,1.0556090029454064,0.7883008356545961,1.521376020553426,0.14466537880463642,1.565133146692817
4106,fit,15,0.9889419929872076,0.9920706841209214,0.8105849582172702,1.6100631555499245,0.13506399505379382,1.6390911358771065
4106,fit,16,0.9265892969738106,0.9325188059643021,0.8189415041782729,1.6961131375110907,0.12579805277799389,1.7093324568616328
4106,fit,17,0.8678252759014667,0.8770845186688082,0.8328690807799443,1.779377152722154,0.11682160656149,1.7761313017286948
4106,fit,18,0.8128985269979329,0.8257562441003002,0.8551532033426184,1.859704628577711,0.10865513236595659,1.8395849570678329
4106,fit,19,0.7618551337401498,0.778398070189696,0.8551532033426184,1.9369273782364644,0.10182581492070618,1.899662080629423
4106,fit,20,0.7144768648392582,0.7347731925256389,0.8635097493036211,2.0108769623225355,0.09646197937427826,1.9563052757228134
4106,fit,21,0.6703017297372673,0.6945569702415906,0.8635097493036211,2.081425859227822,0.092193557362645,2.0095124473570207
4106,fit,22,0.6289498233747468,0.657365257164088,0.8690807799442897,2.1485369489655186,0.08863798281081321,2.0593996097723735
4106,fit,23,0.5903235112592968,0.6228289635882777,0.871866295264624,2.212280146419822,0.08516397791715026,2.106209333668627
4106,fit,24,0.5544050698202682,0.5906942606139128,0.8746518105849582,2.272814225539668,0.08103615307335844,2.1502964650702476
4106,fit,25,0.5212943883603242,0.5609641115617012,0.8802228412256268,2.3303491161453085,0.07636703730121007,2.1921185764888396
4106,fit,26,0.4908544647695167,0.5339116285852378,0.8857938718662952,2.3851051430237344,0.07192789363757722,2.2321336227964474
4106,fit,27,0.4626998418367936,0.509729961907949,0.8857938718662952,2.4372863365638877,0.06799051445597168,2.270685997170052
4106,fit,28,0.43649850884147623,0.4881053245210281,0.8885793871866295,2.4870664636600575,0.06451028700655337,2.3079954328011394
4106,fit,29,0.412002092115412,0.4685971254382818,0.8969359331476323,2.534589118293918,0.061245500875413986,2.3441492846236978
4106,fit,30,0.3891158010421087,0.4506533271769387,0.8997214484679665,2.579981714279096,0.05843028821159267,2.379092253728937
4106,fit,31,0.36776093456800313,0.43376927248190206,0.9052924791086351,2.623357298389389,0.056355577421730314,2.41268110906847
4106,fit,32,0.34772350490153425,0.41772295446597457,0.9136490250696379,2.6648191156504892,0.0549546322136879,2.444793057878805
4106,fit,33,0.328925045435309,0.40267729333180735,0.9136490250696379,2.7044740629973743,0.053599501288158755,2.4754391805551323
4106,fit,34,0.31122909423973455,0.3888092149803338,0.9220055710306406,2.742457536893865,0.052140717895909544,2.5047306982842095
4106,fit,35,0.2945298389425013,0.3761757030111701,0.924791086350975,2.7789095496213605,0.0504527537850696,2.5327928437925697
4106,fit,36,0.27970026780409674,0.36423039925580486,0.9275766016713092,2.8140002737168506,0.049074189429989125,2.559715425755831
4106,fit,37,0.26628459527838716,0.3524565324131009,0.924791086350975,2.847854286387306,0.04831062179559587,2.5855420548301966
4106,fit,38,0.2540714769945798,0.3412957749253603,0.924791086350975,2.880561380145891,0.047121604037337145,2.610377200913685
4106,fit,39,0.2428289516005601,0.33072162628584406,0.924791086350975,2.9121891609548665,0.04511360294320793,2.634284541711097
4106,fit,40,0.23242546753833748,0.32069098033438487,0.9275766016713092,2.94277939104317,0.04279741483966572,2.657358145643802
4106,fit,41,0.22288452764680297,0.31139671268493807,0.9303621169916435,2.972359709009716,0.040702293088473875,2.6796893876006975
4106,fit,42,0.21417383644005547,0.3029659090349067,0.9303621169916435,3.0009494191626045,0.03892920777646222,2.70135266162025
4106,fit,43,0.20617685486609402,0.2953927109985611,0.9303621169916435,3.02856643002586,0.03731205895857104,2.7223970919971663
4106,fit,44,0.19876427017399473,0.2885854234460999,0.935933147632312,3.0552320492496614,0.03569108835359859,2.7428377579193697
4106,fit,45,0.19185722915311723,0.2824371598477776,0.9303621169916435,3.080970657414862,0.034078111843866464,2.7626546248013244
4106,fit,46,0.18539494478312227,0.27686960068543875,0.9303621169916435,3.1058069750058404,0.032602125730576574,2.781802770793597
4106,fit,47,0.1793231438687257,0.2718399322676623,0.9303621169916435,3.129766320709503,0.03138874356981358,2.8002291003555944
4106,fit,48,0.17359134999794087,0.2673200922979454,0.9303621169916435,3.152876981251236,0.030495552064345604,2.8178919682513266
4106,fit,49,0.1681425484123561,0.2632796475224125,0.9331476323119777,3.1751761457810064,0.029815740474183443,2.8347778708710365
4106,fit,50,0.1629738439054532,0.2596791048089344,0.9331476323119777,3.196716491127443,0.029145986507087638,2.8509096923123236
4106,fit,51,0.15815186458338837,0.2564530528675174,0.9331476323119777,3.2175622960152093,0.028544374250229012,2.8663467416541235
4106,fit,52,0.15367862513650288,0.2535249481916191,0.935933147632312,3.2377742727472354,0.02806589257027748,2.8811711347817566
4106,fit,53,0.14948515494932585,0.25084208079751213,0.935933147632312,3.2574041049680202,0.027607508715481573,2.8954689488400285
4106,fit,54,0.14551912039691461,0.24837191330185088,0.935933147632312,3.276497197674148,0.027143858992478745,2.909317101912479
4106,fit,55,0.1417624940124188,0.24608485595668608,0.935933147632312,3.295093451533103,0.0266891555723874,2.922774178970021
4106,fit,56,0.13821000516798165,0.24394592186464265,0.935933147632312,3.3132262683399833,0.026224410109462387,2.935876113399483
4106,fit,57,0.13484091200764003,0.24191763059273752,0.9331476323119777,3.3309210387229915,0.025710645176302126,2.9486375291526143
4106,fit,58,0.13156099192062812,0.23997184757683676,0.9331476323119777,3.3481930829112407,0.025208600626144727,2.9610549602925107
4106,fit,59,0.12804398110334186,0.2381025928417512,0.9331476323119777,3.3650415994889125,0.025068691262665567,2.9730978645522046
4106,fit,60,0.12488055053821763,0.2363206422492022,0.9303621169916435,3.3814747829645517,0.024133913072050314,2.9847311772765046
4106,fit,61,0.12217671615012024,0.23463969234650098,0.9303621169916435,3.3975336013835515,0.023443004911774406,2.99601829652255
4106,fit,62,0.11965086811763653,0.2330805841947275,0.9331476323119777,3.4132295349955935,0.022853099311081936,3.006994562713968
4106,fit,63,0.11724619207793034,0.23165666706558766,0.9303621169916435,3.428569721854059,0.02233038986073189,3.0176949849483563
4106,fit,64,0.11492960071983035,0.23037289967913407,0.9303621169916435,3.44356166933259,0.021892481591667935,3.028158963988323
4106,fit,65,0.1126364250223481,0.22923091878385438,0.9303621169916435,3.4582144812615194,0.021622966112945546,3.0384321169233974
4106,fit,66,0.11024009445213655,0.2282386167768691,0.9303621169916435,3.4725414421741996,0.021182387078470668,3.048575531758384
4106,fit,67,0.10813908438918725,0.2273801795300976,0.9331476323119777,3.486565383388455,0.020597261466065504,3.0586082612872656
4106,fit,68,0.1061923667545517,0.22660681876496694,0.935933147632312,3.5002921499298374,0.020240209428588972,3.0684677575654327
4106,fit,69,0.1042694970674569,0.22592193805358263,0.935933147632312,3.513735731934896,0.019939620906256672,3.078166200072067
4106,fit,70,0.10234433773469861,0.22534455261624503,0.935933147632312,3.5269126720847215,0.019700654651773522,3.0877261443799155
4106,fit,71,0.10038702884258699,0.22490509414764395,0.9331476323119777,3.539842308039785,0.019489924184930344,3.097175412179163
4106,fit,72,0.09844453287227281,0.22463203089239617,0.9331476323119777,3.552549647288093,0.01924960969775249,3.1065444774876645
4106,fit,73,0.09666337011601493,0.2245087997034037,0.9331476323119777,3.5650669229327723,0.019217429994609413,3.115857376696014
4106,fit,74,0.09504373877588833,0.22444135667903214,0.9331476323119777,3.5774141641904857,0.01930250505384257,3.1251282387669232
4106,fit,75,0.09351045215384418,0.2243319549075696,0.9331476323119777,3.5895970909790504,0.019078982610383696,3.134364083994422
4106,fit,76,0.09202053261808095,0.22414101995290298,0.9331476323119777,3.601615046988179,0.018526420375599838,3.1435682138093766
4106,fit,77,0.09057501865330501,0.22387706098823326,0.9331476323119777,3.61346435145415,0.01784864775774071,3.1527396701768127
4106,fit,78,0.08918771938215184,0.22356825652786824,0.9331476323119777,3.6251394604236924,0.017234454886506594,3.1618719467794123
4106,fit,79,0.08786522002394655,0.223241214285518,0.9331476323119777,3.636634213765779,0.01676700029058174,3.1709533409944517
4106,fit,80,0.08660322492952886,0.22291071444853924,0.9331476323119777,3.6479431687585633,0.016424699055233118,3.1799685583030453
4106,fit,81,0.08539153720732161,0.22258050938034016,0.9331476323119777,3.65906258227539,0.016133076665968745,3.1889005364996432
4106,fit,82,0.08422043925318595,0.2222512797960392,0.9331476323119777,3.669990857041497,0.015829645918954218,3.197731937119135
4106,fit,83,0.08308402795125802,0.2219273388293042,0.9331476323119777,3.680728505487129,0.01550191845419832,3.206446222925404
4106,fit,84,0.08197937193993696,0.22161617707444126,0.9275766016713092,3.6912778084865043,0.015178860003168627,3.2150284613960487
4106,fit,85,0.08090376077933818,0.2213226167897116,0.9303621169916435,3.7016424024863963,0.01489498712094366,3.223466043455981
4106,fit,86,0.0798535697684688,0.2210435874130186,0.9303621169916435,3.7118270142578464,0.014663209054373167,3.2317494721557534
4106,fit,87,0.07882671157086833,0.2207668641884018,0.9303621169916435,3.721837485078066,0.014474143204646213,3.2398733875649186
4106,fit,88,0.07782733043743736,0.22047064597469856,0.9303621169916435,3.7316810351202,0.014317574552638462,3.2478379790848955
4106,fit,89,0.07686639767386443,0.2201200134060723,0.9303621169916435,3.741366272406257,0.01420393898865192,3.2556502801467544
4106,fit,90,0.07595222982444637,0.2196700942105987,0.9303621169916435,3.750902162055151,0.014134185222804511,3.2633233956845995
4107,fit,0,2.5290773506263164,2.5025203479265055,0.08635097493036212,0.41535447998388747,0.45021974231446693,0.4736695688221243
4107,fit,1,2.414495384298987,2.390880722830244,0.116991643454039,0.4098563309844246,0.41115090065523824,0.4691115631258876
4107,fit,2,2.235294367506359,2.2170764145325994,0.1977715877437326,0.43045890448956886,0.348316867110055,0.48695803050233216
4107,fit,3,2.0515055713352695,2.0421199719563035,0.3426183844011142,0.5002350382969629,0.28522208680735717,0.5497464816365168
4107,fit,4,1.9029746258965592,1.9004027767360623,0.5125348189415042,0.6096646261612092,0.23501045088205977,0.6540882098332427
4107,fit,5,1.7902730821238986,1.7905491575671568,0.5710306406685237,0.7357996720391169,0.21117745191474224,0.7804672241987066
4107,fit,6,1.6968332918703044,1.6988155222406083,0.5988857938718662,0.8631617830560129,0.20103647467528857,0.9121159617706515
4107,fit,7,1.6129117635051768,1.616685413035847,0.6072423398328691,0.9840866837047024,0.1994754603732496,1.0388792434503171
4107,fit,8,1.5323858788328462,1.5378025100667274,0.6295264623955432,1.0956837555121364,0.20049413918815664,1.1556598346688605
4107,fit,9,1.4522013953227222,1.4583930802802796,0.6267409470752089,1.1979180698527512,0.19867816319036116,1.2609600077362255
4107,fit,10,1.3717706084629417,1.3778193915793884,0.6685236768802229,1.2922591637653078,0.19252719517671493,1.3555252381380998
4107,fit,11,1.2917206835579118,1.2971266328943085,0.713091922005571,1.3806438730720207,0.18360321472516652,1.4411827280410665
4107,fit,12,1.2129919473852897,1.2175665778699563,0.7827298050139275,1.4648055101817463,0.17406533714595412,1.5198915247686369
4107,fit,13,1.1364231988781424,1.1400133340312437,0.8161559888579387,1.546002148265574,0.16499048779232164,1.5932360086734314
4107,fit,14,1.0626886482414568,1.0650496029314345,0.841225626740947,1.6250102206550294,0.15635394674601866,1.6623069358378586
4107,fit,15,0.9924593954892206,0.9933682089786325,0.8440111420612814,1.7022208723944234,0.14755588280470858,1.727759627178033
4107,fit,16,0.9261002050353803,0.92608610671346,0.8635097493036211,1.777759301037093,0.13848455360443707,1.7899339807797003
4107,fit,17,0.8637423345214101,0.8641090741732189,0.8662952646239555,1.8515999776795729,0.12888250288846695,1.8489849142949475
4107,fit,18,0.8058458237878552,0.8075016835459867,0.8635097493036211,1.9236500709674766,0.119203488718801,1.904982987829025
4107,fit,19,0.7526854385969869,0.7556195172799972,0.871866295264624,1.9937708584889848,0.10996071481860048,1.9580035748359703
4107,fit,20,0.7044223428228881,0.7088584772372278,0.883008356545961,2.0617897542761563,0.10169693076827113,2.008047317525118
4107,fit,21,0.6603739352577102,0.6676354624738958,0.8857938718662952,2.127489220007453,0.09461976422317514,2.0550769701256084
4107,fit,22,0.6201505503046525,0.6314097266162648,0.8885793871866295,2.190660343271043,0.0882264776689839,2.099107422318708
4107,fit,23,0.5841869336733995,0.5992760414189083,0.8913649025069638,2.251053085469366,0.08230533130005055,2.140040069209597
4107,fit,24,0.551577930092719,0.5705668193036572,0.8913649025069638,2.308502306458778,0.07767919613525982,2.1779452614298003
4107,fit,25,0.5217490343106758,0.5447630532320515,0.8969359331476323,2.3629661451612898,0.07395414239113497,2.2130375118121037
4107,fit,26,0.4943701839104338,0.5213939995980125,0.8997214484679665,2.41451941543923,0.0706454535224948,2.2456265914204367
4107,fit,27,0.46929749981093716,0.5001077598071804,0.9025069637883009,2.4633298469442004,0.06748875465880891,2.2761098790792733
4107,fit,28,0.4463691159755029,0.4807334814000741,0.9025069637883009,2.509608342348862,0.06444179527052685,2.3049496176230817
4107,fit,29,0.4253860804987374,0.46320668593078335,0.9025069637883009,2.5535610331752174,0.06148740416949445,2.3326133973898333
4107,fit,30,0.4061799397397867,0.44738438125511126,0.8997214484679665,2.5953687029712715,0.058705579278689635,2.3595286895324157
4107,fit,31,0.3884036673405695,0.43301228745339515,0.8997214484679665,2.6351779471400825,0.05605787293944151,2.3860138722159596
4107,fit,32,0.3719510849216781,0.41985183479945287,0.9052924791086351,2.673118015371365,0.05338700079760772,2.4122503361756187
4107,fit,33,0.3568218631614999,0.4077210384448148,0.9080779944289693,2.709278313661917,0.05075915837353586,2.438219635968865
4107,fit,34,0.34249034896599134,0.39651979935570175,0.9108635097493036,2.743742439769004,0.048359634645065645,2.4638778731528497
4107,fit,35,0.32867288841674686,0.3860619822206018,0.9136490250696379,2.7765797034664814,0.04596304159537852,2.4890797751557514
4107,fit,36,0.3161957700766608,0.37637033590024455,0.9136490250696379,2.8078974186873036,0.04356582498927058,2.5135912918058283
4107,fit,37,0.3048609883046903,0.36759229248621794,0.9136490250696379,2.8378633052402464,0.04150098413938922,2.53739725813271
4107,fit,38,0.2943289101946502,0.35974538053124294,0.9136490250696379,2.866602672611243,0.03994534086003048,2.5604147107247046
4107,fit,39,0.2844938163572646,0.35272476220483123,0.9164345403899722,2.8942249518999366,0.038867253910736414,2.5825602247792814
4107,fit,40,0.27522913359782203,0.34638940521482614,0.9164345403899722,2.920827042246848,0.03809512288629736,2.6037781695553477
4107,fit,41,0.26639352583606407,0.3406183187908951,0.9164345403899722,2.9464987553659143,0.037475901402503425,2.6240540867529596
4107,fit,42,0.25789983442090814,0.33532171338857636,0.9108635097493036,2.971330222979159,0.0369432564961652,2.6434164283406036
4107,fit,43,0.2497449946903409,0.33044357303289806,0.9080779944289693,2.995413472805283,0.0366199041617954,2.6619193097494134
4107,fit,44,0.24173476597460233,0.3259684566631172,0.9108635097493036,3.018828969380681,0.03682899839291629,2.679631114060952
4107,fit,45,0.2335386174744492,0.32192766185574917,0.9108635097493036,3.041645551437935,0.03571176813473448,2.696677213026239
4107,fit,46,0.2267383837833018,0.31824741640354703,0.9136490250696379,3.0639701014329987,0.034552862860457806,2.7130608899816373
4107,fit,47,0.22051642515778785,0.3149141000952916,0.9136490250696379,3.0858102634644964,0.03384472219660108,2.728766066803593
4107,fit,48,0.2146344569907469,0.31194419251040134,0.9136490250696379,3.1071742402800298,0.033186925265982256,2.743904163117956
4107,fit,49,0.20903425151368607,0.3093271334119612,0.9136490250696379,3.1280674805995337,0.03255429841768275,2.758574400718032
4107,fit,50,0.20365666320001702,0.30701421000349327,0.9108635097493036,3.148495856669279,0.031933784602476104,2.7728527727427656
4107,fit,51,0.19844644154533428,0.30492708324102435,0.9108635097493036,3.1684692785957855,0.031334487361356064,2.786795716216154
4107,fit,52,0.19333935226024346,0.3029757514334283,0.9108635097493036,3.1880036444108004,0.030770130316748436,2.800451336953488
4107,fit,53,0.18833330512167518,0.3010758781309972,0.9108635097493036,3.2071200565802296,0.030161290564558317,2.8138690530537516
4107,fit,54,0.18357312703225379,0.29914787822715083,0.9136490250696379,3.225834073832856,0.029758114697153518,2.8270915398437695
4107,fit,55,0.17880494437148475,0.2971651592335031,0.9136490250696379,3.2441653282661855,0.029517420342793154,2.8401539373970888
4107,fit,56,0.1742993842443833,0.29514779424133925,0.9136490250696379,3.2621447736007707,0.029170267525958235,2.853086129484358
4107,fit,57,0.17023537135505765,0.2930848563180498,0.9136490250696379,3.2797775036729315,0.028942197012576068,2.8658831517507877
4107,fit,58,0.16633590150486494,0.291021641614493,0.9136490250696379,3.297084088173934,0.028718675457929995,2.878529838466418
4107,fit,59,0.16257069034200988,0.28899923048267034,0.9136490250696379,3.3140907654298513,0.028475919881233443,2.891015308039808
4107,fit,60,0.1589346253381634,0.28704156509312506,0.9136490250696379,3.330824719136248,0.028195691402194665,2.9033379152706598
4107,fit,61,0.15542527601372688,0.2851592868327364,0.9136490250696379,3.3473113220363864,0.027861992129239045,2.915505572306737
4107,fit,62,0.1520395256883454,0.2833571101490488,0.9136490250696379,3.36357193624527,0.027457697723372313,2.9275337437345748
4107,fit,63,0.14877599013733087,0.28163727090013,0.9136490250696379,3.379622810864121,0.026974476232708256,2.9394431547812845
4107,fit,64,0.14563784669864543,0.27999889467847305,0.9164345403899722,3.395474882471188,0.026429597900445165,2.9512568639094217
4107,fit,65,0.1426297567022546,0.278436907536478,0.9136490250696379,3.4111341050117194,0.025863372219123364,2.962995903502628
4107,fit,66,0.1397488513336435,0.27694434489171843,0.9164345403899722,3.4266022313147193,0.025309858453591454,2.974675697775249
4107,fit,67,0.1369812516208736,0.27551902095278735,0.9164345403899722,3.4418783712200964,0.02477947333469233,2.9863064222146014
4107,fit,68,0.1343099544434456,0.27416849808417615,0.9164345403899722,3.4569612559292078,0.024277125102757795,2.9978959331806463
4107,fit,69,0.13172251792773235,0.27290787850584397,0.9164345403899722,3.4718510292991267,0.023815127370723086,3.0094517832124152
4107,fit,70,0.1292116621025751,0.27175327873649685,0.9164345403899722,3.486549780230437,0.023403727658853343,3.020981328490355
4107,fit,71,0.12677291377310343,0.27071608851978163,0.9164345403899722,3.5010610980768617,0.023039817033917297,3.03249078849927
4107,fit,72,0.1244036267351036,0.2697997208813202,0.9192200557103064,3.515389261887635,0.022706878053544568,3.0439843851130375
4107,fit,73,0.12210392282566121,0.2689976078664971,0.9192200557103064,3.5295384763999045,0.022384848900166097,3.055464239323094
4107,fit,74,0.1198773468594185,0.2682906356079567,0.9192200557103064,3.5435122405195956,0.022060276998842904,3.0669309448965025
4107,fit,75,0.11772879700871428,0.26764453568704727,0.9192200557103064,3.557312761309013,0.02172968904056012,3.078383989472213
4107,fit,76,0.11565977360574019,0.26701225513024807,0.9192200557103064,3.5709404331746937,0.021394932996900637,3.089820713037874
4107,fit,77,0.11366468537936901,0.2663469233658273,0.9220055710306406,3.5843936388010955,0.021052524682288284,3.1012331482049706
4107,fit,78,0.1117324844287498,0.2656208248100709,0.9220055710306406,3.5976691288209848,0.020691958889269203,3.1126043745074607
4107,fit,79,0.10985158746365258,0.2648352306640725,0.9220055710306406,3.610762829650197,0.02030599022273913,3.1239073202445296
4107,fit,80,0.10801117526576302,0.26401297061853385,0.9220055710306406,3.623670701419559,0.01989252990690611,3.135106798822632
4107,fit,81,0.1061996749524797,0.26318171441118576,0.9220055710306406,3.6363893701782604,0.019452211516215713,3.146162470176713
4107,fit,82,0.10440889695960925,0.2623632267038761,0.9220055710306406,3.648916023963588,0.0189980536974699,3.1570297226398334
4107,fit,83,0.10264684431325774,0.2615824680250937,0.9220055710306406,3.661247435865783,0.018587974665438725,3.1676592053106605
4107,fit,84,0.10094769128453465,0.2608892620235397,0.924791086350975,3.673378942757904,0.0183495270862722,3.1780027446762626
4107,fit,85,0.09933258594449433,0.26032541223456995,0.924791086350975,3.6853052859633757,0.01823529017417952,3.1880334248242246
4107,fit,86,0.09777532221157095,0.2598559909955474,0.924791086350975,3.6970262756845607,0.017966887287003037,3.197760737358223
4107,fit,87,0.09626260463674914,0.2594144880328171,0.924791086350975,3.7085519399422595,0.01756680797560481,3.207219921845921
4107,fit,88,0.09480547583430517,0.25895997314499597,0.924791086350975,3.7198993468017116,0.01722942182903451,3.2164563774629404
4107,fit,89,0.09340441604285435,0.25847730106311645,0.924791086350975,3.7310857640036095,0.017027109312736266,3.225515304600238
4107,fit,90,0.0920448198327238,0.25797204155815723,0.924791086350975,3.742123434072584,0.016900189475400725,3.234433162563357
4108,tune,0,2.376701491593827,2.3537107098834356,0.11142061281337047,0.38675312657835187,0.3509725733001965,0.4145808522028428
4108,tune,1,2.3013537319318833,2.2779536438843504,0.1309192200557103,0.39103445365861145,0.333596922124418,0.4292823910562288
4108,tune,2,2.1791276474485204,2.1576928728513916,0.19220055710306408,0.41662737605431394,0.3047704134676302,0.4788815657416372
4108,tune,3,2.042233712564258,2.0264909387531778,0.2841225626740947,0.4771869901621074,0.27173859014728435,0.577750789965366
4108,tune,4,1.9151445585998401,1.905162369598752,0.36768802228412256,0.5700794741579583,0.24183947405546097,0.719310154629982
4108,tune,5,1.807300831359711,1.8026509167741895,0.4428969359331476,0.6830681954598455,0.21796991125634174,0.8868963701814992
4108,tune,6,1.7158242665999441,1.7156343310387203,0.479108635097493,0.8046067212964072,0.19894629985676948,1.0655358572166735
4108,tune,7,1.6360321094692003,1.6395323363445384,0.5013927576601671,0.9267559255995711,0.18429906361694187,1.2441585896761662
4108,tune,8,1.564273592715302,1.5711654546828608,0.4958217270194986,1.0446516703564963,0.17377040254574502,1.4150018163743006
4108,tune,9,1.4975284213385247,1.508258922087179,0.5403899721448467,1.1556911980465232,0.16597873227918078,1.5731607101184908
4108,tune,10,1.4336989852204411,1.4491833981191302,0.5598885793871866,1.2588904421332516,0.159650188884552,1.7161213517552936
4108,tune,11,1.371805795581001,1.392752811801089,0.584958217270195,1.3542907180069021,0.15435720723734306,1.8430866165798026
4108,tune,12,1.3112790197729836,1.3379707634451663,0.6016713091922006,1.4424892635826716,0.14981876909692549,1.9543769238485735
4108,tune,13,1.251828004770669,1.2843134225067654,0.6267409470752089,1.524365519567632,0.1451534213661151,2.0510272960364455
4108,tune,14,1.1934150205522462,1.2318951256871258,0.6323119777158774,1.6009253123477978,0.13949617693063548,2.1345221025437513
4108,tune,15,1.136120382222003,1.1808829898166266,0.6545961002785515,1.673204669748759,0.1328146508847,2.206592864683073
4108,tune,16,1.0802798707530492,1.1313370639458302,0.6713091922005571,1.742175244533403,0.1258736022579897,2.2690331218913826
4108,tune,17,1.0261621434363746,1.0834636540364158,0.6768802228412256,1.8086262198042087,0.11948044617382649,2.3235585649069286
4108,tune,18,0.9740474339333698,1.0373313464409755,0.7019498607242339,1.8731147435165325,0.11390052633691586,2.371734401674922
4108,tune,19,0.9246048244091566,0.9928290126956235,0.7214484679665738,1.9359804487755226,0.10877951821166065,2.4148546336342895
4108,tune,20,0.8784530319827597,0.9500585082227326,0.7270194986072424,1.9973697539271429,0.10356249343665645,2.4539035897734327
4108,tune,21,0.8356127615680001,0.9093918925837944,0.7465181058495822,2.057279236380548,0.09823370829218599,2.489691059976956
4108,tune,22,0.7956522333439054,0.8708043154674413,0.7632311977715878,2.115601742867484,0.09314494304314573,2.5229165746998317
4108,tune,23,0.7580346655189021,0.8338128389925594,0.7632311977715878,2.1721780979802623,0.08876996904217169,2.5541551096908037
4108,tune,24,0.722609642558614,0.7984424646590272,0.7910863509749304,2.226873583896926,0.08502180618211723,2.583870590430712
4108,tune,25,0.6893745639299169,0.7657908557873301,0.7994428969359332,2.279601404237262,0.08206074547667094,2.612459720661593
4108,tune,26,0.6579069861578303,0.736398256479331,0.8022284122562674,2.33029738485437,0.07957938737663352,2.6401626462753645
4108,tune,27,0.6285218211354839,0.7098809029345595,0.8105849582172702,2.3789788278332207,0.07631277226646146,2.6671474981575867
4108,tune,28,0.6009992235548379,0.6860648598208108,0.8161559888579387,2.4257151547560616,0.07395837333681461,2.6935926953299116
4108,tune,29,0.5743894620748016,0.6649749750641557,0.8217270194986073,2.4705449061970244,0.07259167086717351,2.7195813181309645
4108,tune,30,0.5487855562957376,0.6458287204972479,0.8189415041782729,2.5135538656663496,0.07084319791002808,2.745113928626564
4108,tune,31,0.524442912988844,0.6277873663696725,0.8217270194986073,2.554857035537957,0.06930172140710186,2.7701489590501636
4108,tune,32,0.5014843158508774,0.6102984107421836,0.8217270194986073,2.5945758438835242,0.06752667195864624,2.7946530047640206
4108,tune,33,0.4799241167162496,0.5929708265594216,0.8245125348189415,2.6328661448722483,0.06530980288064084,2.818649992283274
4108,tune,34,0.45950487159723935,0.5758658572307024,0.8328690807799443,2.669869864433473,0.06272641024611961,2.8421480110646913
4108,tune,35,0.440092763624233,0.5593318612745132,0.8356545961002786,2.7057041231214733,0.06019719264972823,2.865060529645302
4108,tune,36,0.4216728328558178,0.5437034306073466,0.8384401114206128,2.740462436361073,0.05819380936111914,2.8872260957443197
4108,tune,37,0.40424822455014897,0.5291490888297747,0.8495821727019499,2.774213649060964,0.05672210326021583,2.908480703943994
4108,tune,38,0.3877936548160637,0.5156398653310136,0.8551532033426184,2.807003050104687,0.05556048038881661,2.9287162946667054
4108,tune,39,0.3721847250354584,0.5029934359663116,0.8635097493036211,2.838855146095118,0.054704744628107455,2.947895946126256
4108,tune,40,0.35721164354260265,0.49098803045328765,0.8690807799442897,2.8697839947389916,0.05415026484329608,2.96602732884217
4108,tune,41,0.3427406943291858,0.47948842172615413,0.871866295264624,2.8998138835270524,0.05336730344099556,2.9831325138665172
4108,tune,42,0.3288516468404218,0.4684490457397343,0.871866295264624,2.928998536848943,0.051919913895893545,2.999261223549118
4108,tune,43,0.31575069658569016,0.4578803380668646,0.8746518105849582,2.9574194625405332,0.04995796425032147,3.014513018875559
4108,tune,44,0.30356556615422003,0.44804377860365757,0.871866295264624,2.9851657249381196,0.04804534429663392,3.0290370354797007
4108,tune,45,0.292188063950907,0.4393796249883832,0.8746518105849582,3.012309847431968,0.04636852477838446,3.0429878318044934
4108,tune,46,0.2814538068280331,0.43204956559288815,0.8746518105849582,3.0389133136970146,0.044832722448310845,3.0565181266291783
4108,tune,47,0.2712761204942408,0.4258386448356272,0.8746518105849582,3.0650322915921677,0.04329770137266087,3.0697965876583724
4108,tune,48,0.2616475979483309,0.420322573560578,0.8746518105849582,3.0907106480983835,0.04179929183571594,3.0829957687657665
4108,tune,49,0.25258036598188166,0.4151093105992785,0.8774373259052924,3.1159689436187112,0.04048661744999336,3.096262696738775
4108,tune,50,0.2440701364026044,0.4099786976000659,0.8774373259052924,3.1407991348246553,0.039259909789005704,3.109691214287782
4108,tune,51,0.23605594049792886,0.4048699564854697,0.883008356545961,3.165170794736649,0.03802639937302928,3.1232967687774016
4108,tune,52,0.22845347706816718,0.3998276704927502,0.8885793871866295,3.1890470173992913,0.036785483698767135,3.136999774459305
4108,tune,53,0.2212137850662701,0.3949439753429808,0.8913649025069638,3.212396716890037,0.035668586562690174,3.150658541637227
4108,tune,54,0.2142877553441014,0.3903096241451194,0.8913649025069638,3.235200700452478,0.03485205158360406,3.164114419686218
4108,tune,55,0.20763992252871252,0.38600344467804504,0.8941504178272981,3.2574596331486596,0.03428230520963172,3.1772280446982273
4108,tune,56,0.2013140523249479,0.38210930499734447,0.8913649025069638,3.2792018237119445,0.033610921615692894,3.1899065147239822
4108,tune,57,0.19539251586967674,0.3786779819886196,0.8941504178272981,3.300472865807235,0.032833063361778096,3.202131920544811
4108,tune,58,0.18986235441807825,0.37566910376095847,0.8885793871866295,3.3213096666593427,0.03207055781342352,3.213949938897738
4108,tune,59,0.1846642152186207,0.3729905366671334,0.8885793871866295,3.341733076329952,0.031268217355350694,3.225423617286659
4108,tune,60,0.17975041312227752,0.3705437902185877,0.8857938718662952,3.3617529745641184,0.03049734616714366,3.236610338745094
4108,tune,61,0.17506492257892967,0.36822534976800414,0.8857938718662952,3.3813718553815977,0.029901850813686633,3.247548216918857
4108,tune,62,0.17051018288926575,0.36592140866232065,0.8885793871866295,3.4005878848872744,0.02965982628528176,3.2582447298016577
4108,tune,63,0.16595844768680026,0.3635147868453049,0.8885793871866295,3.419401672224538,0.029453738840167002,3.2686709615361393
4108,tune,64,0.16168226302559507,0.36097980212980096,0.8913649025069638,3.4378348427712084,0.0281962584652304,3.278802145652226
4108,tune,65,0.15800537766060885,0.3585339972047453,0.8913649025069638,3.45591347808762,0.027631148213342786,3.2886991248672692
4108,tune,66,0.1545665349946462,0.3562772509405018,0.8941504178272981,3.473631381810403,0.027107516988553803,3.2983989236109106
4108,tune,67,0.15122569381271195,0.3541379984168649,0.8941504178272981,3.490982056389852,0.02638240293566585,3.3079171527293005
4108,tune,68,0.1480027289283072,0.35199532859989535,0.8941504178272981,3.50796347210432,0.025553761027137398,3.3172655651654894
4108,tune,69,0.14492781219888903,0.34978477737489216,0.8969359331476323,3.524575358250643,0.02470818708009153,3.326443468715991
4108,tune,70,0.14201279916662923,0.3475336863767107,0.8969359331476323,3.5408184342958364,0.023958353134569673,3.3354336611493136
4108,tune,71,0.13924756019061507,0.3453292417882556,0.8969359331476323,3.5566947471558126,0.02338393331915232,3.344209469776949
4108,tune,72,0.1366036319812754,0.3432657485788284,0.8997214484679665,3.5722084153378018,0.022943422830072432,3.352748304043185
4108,tune,73,0.13405171566551324,0.34140901126245704,0.8997214484679665,3.5873662080836834,0.0225262073425678,3.3610446288862708
4108,tune,74,0.13157553327810378,0.33978573140469837,0.8997214484679665,3.602177276655214,0.022088078575879425,3.3691165916763213
4108,tune,75,0.12916341121880895,0.3383881215032213,0.9025069637883009,3.6166520020873567,0.021678264284344734,3.3770046556184816
4108,tune,76,0.12679576572542223,0.3371842325976998,0.8997214484679665,3.6308014049013355,0.021351302403132627,3.3847648975287017
4108,tune,77,0.12445952403039447,0.336123603801034,0.8997214484679665,3.644639172293705,0.02106021332841275,3.3924580050697664
4108,tune,78,0.12219328739173264,0.3351249409472996,0.8997214484679665,3.6581868467912875,0.02073767400758909,3.4001265948123325
4108,tune,79,0.12006479683601085,0.3340668817994596,0.8997214484679665,3.6714743989481504,0.02058470890591889,3.4077638121338927
4108,tune,80,0.11806072471252099,0.33284993493500953,0.9080779944289693,3.684527170092883,0.020516190058534882,3.4153253113525888
4108,tune,81,0.11612812497859797,0.33146008698903373,0.9136490250696379,3.6973592563662354,0.02030928000209496,3.422768279309682
4108,tune,82,0.11424286273528927,0.329955317272723,0.9108635097493036,3.709977720342559,0.019971915436313034,3.430056835826742
4108,tune,83,0.11240462733407898,0.3284230569135214,0.9108635097493036,3.7223857997811676,0.01961358149108135,3.437156922938615
4108,tune,84,0.11062003264291743,0.32694228191656244,0.9108635097493036,3.734584124525211,0.019330132261614907,3.4440367613896727
4108,tune,85,0.10889160397869418,0.32556288044973997,0.9136490250696379,3.746571701850029,0.01913746624191121,3.450672501530447
4108,tune,86,0.10720957677883428,0.32430539017659166,0.9136490250696379,3.7583483759831253,0.018962733808130905,3.457057616618718
4108,tune,87,0.10556390906726106,0.32317398707975725,0.9136490250696379,3.7699177154324395,0.018747398948685854,3.463209471747749
4108,tune,88,0.10395685692311547,0.32216515141142166,0.9136490250696379,3.781286636819893,0.018488531167241536,3.469165383247658
4108,tune,89,0.10239489560056758,0.32126721108786394,0.9136490250696379,3.7924635855953674,0.018206585899519085,3.4749726885460386
4108,tune,90,0.10087977050433845,0.3204584415542334,0.9136490250696379,3.8034572587602526,0.017929641848462907,3.480678396573877
4109,tune,0,2.3612967853374003,2.3584133812673778,0.11420612813370473,0.37162864770110576,0.34918777452319405,0.3877874154267497
4109,tune,1,2.2842050002673204,2.2817900558149744,0.14206128133704735,0.37219055403596135,0.3277105227005982,0.3974841164076968
4109,tune,2,2.1560786760970654,2.153222480274794,0.20055710306406685,0.3925754190152938,0.2903546108609302,0.4349009185239729
4109,tune,3,2.007759427079897,2.003621114491449,0.2924791086350975,0.44813266910802674,0.249688829689337,0.5113009159051927
4109,tune,4,1.8685834367559455,1.8648351585258485,0.4373259052924791,0.5349137473826987,0.21863076677651216,0.6185344760330516
4109,tune,5,1.752858472901952,1.749335909682201,0.520891364902507,0.6383201404384008,0.20104865409425884,0.7400882806592012
4109,tune,6,1.656928795978129,1.653066124461387,0.5431754874651811,0.7464189082242836,0.190132133175191,0.8632949850854356
4109,tune,7,1.5736320061032336,1.5696436390881274,0.5877437325905293,0.8527526304596634,0.18131562282097566,0.9807396373541687
4109,tune,8,1.4983175402893103,1.4944715259567718,0.637883008356546,0.9544300620473171,0.17339729475872373,1.0881440159575941
4109,tune,9,1.4277641414969822,1.424984816627161,0.6518105849582173,1.0504982189920462,0.16712995531951638,1.1832477101632015
4109,tune,10,1.3600196416953143,1.3592356301482753,0.6713091922005571,1.1410142880679268,0.16260724283255323,1.2655529567300663
4109,tune,11,1.294014839029524,1.296349353706858,0.6740947075208914,1.2265654284862895,0.1587515022487774,1.3360245294911597
4109,tune,12,1.2295785908005643,1.236049813933131,0.6991643454038997,1.3079824436617875,0.1543803764220476,1.3966136774435158
4109,tune,13,1.1670765703812593,1.1779052563318742,0.7075208913649025,1.3861143322024714,0.14902096743189158,1.4497207918771269
4109,tune,14,1.1069586746627582,1.121492773233254,0.7270194986072424,1.4616665387144028,0.1427102014660862,1.4976794701787672
4109,tune,15,1.0494508309121868,1.0665520689426533,0.7437325905292479,1.5351486255492375,0.13609349338397822,1.5424524498560173
4109,tune,16,0.9945198838343831,1.0128018924393287,0.766016713091922,1.6068820729565805,0.1294549178878696,1.5855575269798952
4109,tune,17,0.9420199483369432,0.9601012771153734,0.7827298050139275,1.6770272296807567,0.12273220066641431,1.6279828441402193
4109,tune,18,0.8919329191388576,0.9091057322688173,0.7994428969359332,1.74562385932862,0.11567026436766803,1.6701568048940434
4109,tune,19,0.8444571397838548,0.8609819418653054,0.8189415041782729,1.8126157338371711,0.10804182847351988,1.7120159259396148
4109,tune,20,0.799686899467102,0.8162377002307921,0.8328690807799443,1.8778824475185245,0.10005221585002767,1.753233042564011
4109,tune,21,0.7576691303388499,0.774841101011816,0.8440111420612814,1.941307623038358,0.09213216397606949,1.793485491917367
4109,tune,22,0.7185600926188656,0.7366791543912612,0.8579387186629527,2.0027922525567172,0.08456833797470406,1.8325693283085913
4109,tune,23,0.6821404963207618,0.7009811512225612,0.8662952646239555,2.0622028372572476,0.07804264579021258,1.8703309117062994
4109,tune,24,0.6485339952566007,0.6670730555946774,0.8746518105849582,2.119405205383526,0.07230763396519518,1.9066886552609257
4109,tune,25,0.6168878568350614,0.6367671924858508,0.8746518105849582,2.1742533244776703,0.0673984216330871,1.941625022205367
4109,tune,26,0.586879154961168,0.6091675240806808,0.8774373259052924,2.2266645763752098,0.06364554806508677,1.97510335648274
4109,tune,27,0.5586080942838794,0.5842235268820964,0.8857938718662952,2.2766429711999323,0.06074844733333842,2.007106271039692
4109,tune,28,0.5321183079114389,0.5619601618948703,0.8941504178272981,2.324236275744643,0.0585732991044095,2.037651891526124
4109,tune,29,0.50714866878358,0.5400207733796287,0.8941504178272981,2.3695079829492216,0.05679800465826827,2.06679057962635
4109,tune,30,0.4831552135501944,0.5185670496072421,0.8941504178272981,2.4125344676100138,0.05542617216073708,2.0945019019077247
4109,tune,31,0.4600779965671595,0.49792625258905754,0.8941504178272981,2.4534662628111383,0.05495080545236794,2.120867846140011
4109,tune,32,0.43820998890337975,0.4778906180099452,0.9052924791086351,2.4925093036457766,0.05610324865300986,2.1461385263308617
4109,tune,33,0.417723991470324,0.45860891483514854,0.9192200557103064,2.529838429697538,0.05651828020478409,2.170544066470916
4109,tune,34,0.39882668181001935,0.4406157903346195,0.924791086350975,2.5656237099937425,0.05463971755914254,2.194166202570139
4109,tune,35,0.38159067452805817,0.42407009950371927,0.9275766016713092,2.5999964472924564,0.05243582965910425,2.216955506498469
4109,tune,36,0.36548816924664373,0.4087723461190106,0.9275766016713092,2.633026916055583,0.050564070164801765,2.2387591433997196
4109,tune,37,0.35023338994769476,0.39453073125171967,0.924791086350975,2.6647777118860367,0.04898336436812434,2.259384861286933
4109,tune,38,0.3358022089766347,0.3813428059113779,0.9303621169916435,2.69530906658546,0.04752237776747654,2.278669307785843
4109,tune,39,0.3221535152391579,0.36932432752871697,0.935933147632312,2.7246865029816574,0.04601293354649136,2.29656096351765
4109,tune,40,0.3092499430796013,0.35856023172259416,0.9331476323119777,2.7529911020379414,0.04436653750855356,2.313155473800924
4109,tune,41,0.2971714889488053,0.349013095722069,0.9331476323119777,2.7803188123877693,0.04280551648254687,2.328683054206101
4109,tune,42,0.2859646061126503,0.34055714504038426,0.9331476323119777,2.8067633794498024,0.04152370268811771,2.343431148213445
4109,tune,43,0.2755489645858415,0.33291777327748057,0.9331476323119777,2.832409791687553,0.04032184542884473,2.3576538737616364
4109,tune,44,0.2658391521166507,0.32577876611360057,0.9331476323119777,2.857339679815895,0.03914215687449507,2.3715570201445724
4109,tune,45,0.2567840378902453,0.3189628025436039,0.935933147632312,2.881627487160763,0.037946028156414756,2.385290722025256
4109,tune,46,0.24835144994658473,0.31242379979360146,0.935933147632312,2.9053348267131316,0.03671444710618998,2.398941770799313
4109,tune,47,0.2404591826765276,0.3061626361478782,0.9331476323119777,2.9285064944280523,0.035520919152754495,2.4125479647076293
4109,tune,48,0.2329882659393733,0.3001692034436595,0.9387186629526463,2.9511755427493105,0.034407770898224915,2.4261202956773276
4109,tune,49,0.22589694662875073,0.2944010173278366,0.9415041782729805,2.9733720600375544,0.03351924946306193,2.439651193191687
4109,tune,50,0.2191923993400017,0.28882827359785523,0.9415041782729805,2.995119908121736,0.03293131098990172,2.4531019725394785
4109,tune,51,0.21287752393826495,0.2834587233619153,0.9415041782729805,3.016434575998436,0.03252768282018583,2.4664064996577113
4109,tune,52,0.20695012176748334,0.2783110427636152,0.9442896935933147,3.037327412329751,0.03214109028745544,2.479501858899076
4109,tune,53,0.20138889043896835,0.27340500476583757,0.9442896935933147,3.0578072229612103,0.03156900694295209,2.4923558204475387
4109,tune,54,0.1961553842422403,0.26878078247923104,0.9442896935933147,3.077879300328526,0.030677498668741452,2.504966510528706
4109,tune,55,0.19123789377825054,0.26450036336560095,0.9442896935933147,3.0975478336893683,0.029586524942313765,2.5173478143667727
4109,tune,56,0.18663613666746856,0.26060708365039975,0.947075208913649,3.1168181664331582,0.02852760911328309,2.5295165941674043
4109,tune,57,0.1823238238217585,0.2570891490249684,0.947075208913649,3.135697739700314,0.027609373474268454,2.541481496575394
4109,tune,58,0.1782630254233035,0.2538813298532985,0.947075208913649,3.154196737561949,0.026812164416904608,2.5532432267520595
4109,tune,59,0.17442433331795734,0.25089458082491456,0.947075208913649,3.1723277957978837,0.026106038103073305,2.5648038092272385
4109,tune,60,0.170786388120945,0.2480457243516567,0.9498607242339833,3.1901041613857255,0.02549211599838015,2.5761721210887942
4109,tune,61,0.16732823169448297,0.24526875415140095,0.9498607242339833,3.207537810291801,0.024968025478448896,2.5873628429216127
4109,tune,62,0.1640279567708946,0.24252058309832972,0.9526462395543176,3.224639018640687,0.02450623505821941,2.598393909958758
4109,tune,63,0.16086319996444629,0.23978907200555213,0.9526462395543176,3.241416526872177,0.02407471774974444,2.609283498305511
4109,tune,64,0.15781188992737918,0.23709336467508527,0.958217270194986,3.257877734866668,0.023665489636053978,2.6200461359188694
4109,tune,65,0.15485298279128096,0.2344759500447517,0.958217270194986,3.2740294523495086,0.02329315602718088,2.6306904821495367
4109,tune,66,0.15196622164376597,0.2319930601562781,0.958217270194986,3.2898794020453552,0.022972075053829952,2.64122010740365
4109,tune,67,0.14913235701415314,0.22970653915895828,0.958217270194986,3.305438168238092,0.022696798378651822,2.6516354151454498
4109,tune,68,0.14633626459180685,0.22767710287648507,0.958217270194986,3.3207211463437685,0.022433195847562332,2.6619336857128766
4109,tune,69,0.1435753519498158,0.22595683970601432,0.958217270194986,3.3357498686442333,0.022121766799618407,2.6721056527584004
4109,tune,70,0.1408713221390089,0.22457399107157014,0.958217270194986,3.3505516030723985,0.02171524857393944,2.6821309340816586
4109,tune,71,0.13826928058202648,0.22349937144932094,0.958217270194986,3.3651557690517815,0.021267190168061213,2.691978629579871
4109,tune,72,0.13580525266829893,0.2226132258968939,0.958217270194986,3.3795876243419,0.020918261417069046,2.701618213720779
4109,tune,73,0.13347303787421302,0.22174967592857314,0.9554317548746518,3.3938637682375004,0.020690315507730705,2.7110369000670147
4109,tune,74,0.13124162501327954,0.22080131064867164,0.9554317548746518,3.4079929274105707,0.020472856473618184,2.720251428428004
4109,tune,75,0.12909204630609766,0.21975013355064582,0.9554317548746518,3.4219791300072777,0.020194605570518793,2.7293059525191623
4109,tune,76,0.1270252869812727,0.2186295037660627,0.9554317548746518,3.4358236561729396,0.019869750935756453,2.7382590123801513
4109,tune,77,0.12504949419324815,0.21749218109389928,0.9554317548746518,3.4495257207345182,0.019546939139435063,2.747168506350784
4109,tune,78,0.12316868730294049,0.21639360475169406,0.9554317548746518,3.4630829861741095,0.019259705334057704,2.756081055326004
4109,tune,79,0.12137974910809497,0.21537662648143505,0.9554317548746518,3.476492289705718,0.019009280388367425,2.7650269077270546
4109,tune,80,0.119674974503354,0.21446099360104096,0.9554317548746518,3.489750414330283,0.018776240903183923,2.77401869468954
4109,tune,81,0.1180458649160505,0.21364297532199575,0.9526462395543176,3.502854637431716,0.018540748254418742,2.783052626426526
4109,tune,82,0.1164851186700908,0.21290311732384143,0.9526462395543176,3.5158028984254623,0.018293651291372587,2.7921114127809163
4109,tune,83,0.11498663026354244,0.21221673513683387,0.9498607242339833,3.5285936462964633,0.01803645636593059,2.8011682057011837
4109,tune,84,0.11354505675912549,0.21156264758788113,0.9498607242339833,3.5412255896305096,0.017776792055754644,2.810190974926545
4109,tune,85,0.11215576212594167,0.2109279104297673,0.9498607242339833,3.5536975471384067,0.01752359137729626,2.8191468918139266
4109,tune,86,0.11081483528695595,0.21030838350118067,0.9498607242339833,3.5660084722971317,0.017282841548956873,2.8280062729879245
4109,tune,87,0.10951885399460712,0.2097063587322841,0.9498607242339833,3.5781576214819806,0.017055117680157713,2.8367455900224683
4109,tune,88,0.10826456107048253,0.20912702501895689,0.9498607242339833,3.5901447870570524,0.01683643467269305,2.8453491653061618
4109,tune,89,0.10704875972814394,0.20857530452232925,0.9498607242339833,3.6019705137011795,0.016621780134073512,2.8538094438032955
4109,tune,90,0.10586847260595336,0.2080539100446095,0.9498607242339833,3.6136362395360186,0.016408585219813334,2.8621260325766853
4110,tune,0,2.4317272339216305,2.4257040505563356,0.052924791086350974,0.397354590407074,0.4157600475577756,0.4006652199112297
4110,tune,1,2.325087862358765,2.3227891947482076,0.10306406685236769,0.40073719754351944,0.3922861582196262,0.40732275335634116
4110,tune,2,2.1553753402687548,2.158501913534085,0.1977715877437326,0.4321503461131484,0.3537869347447445,0.4537146411318976
4110,tune,3,1.970809942665445,1.9788546092492763,0.34540389972144847,0.508867644185477,0.30777228144723806,0.5578887839169435
4110,tune,4,1.805575882434834,1.8177652051903852,0.4456824512534819,0.6225875656546654,0.25654290758687975,0.7030655047113803
4110,tune,5,1.6763931696187786,1.68643285064967,0.49303621169916434,0.7526121829409452,0.2187510175679522,0.862944769903003
4110,tune,6,1.5758090141860108,1.583815460446762,0.5125348189415042,0.8823576778429918,0.20274216262230035,1.0195967328531215
4110,tune,7,1.4907424464477932,1.499286845529148,0.5292479108635098,1.003395758737305,0.1990415137122492,1.1643780583680783
4110,tune,8,1.4117425448666763,1.4222620905495866,0.5515320334261838,1.1130357375248716,0.1977661836733587,1.2945124727773893
4110,tune,9,1.334006413533679,1.3472035702780898,0.5877437325905293,1.212028252657126,0.1929845741962044,1.4107533581124394
4110,tune,10,1.2567389771334805,1.2724652329975628,0.6239554317548747,1.3028005428004432,0.18429936703947059,1.5156883410001807
4110,tune,11,1.1806975000820839,1.1987083323778829,0.6573816155988857,1.3881073102149935,0.17391800908769245,1.6123605109081132
4110,tune,12,1.1069929635250892,1.127109198581226,0.6991643454038997,1.4702011282304315,0.16273654008898564,1.703368487068539
4110,tune,13,1.0366119281982527,1.058832560094683,0.7437325905292479,1.5505075090453195,0.1506790857472309,1.7904586077804747
4110,tune,14,0.9706273118757675,0.9949324221831358,0.7743732590529248,1.6296400298245182,0.13894346464123172,1.874484844743207
4110,tune,15,0.9097610334949882,0.9361982764405992,0.7938718662952646,1.7075828163495175,0.1296561557486763,1.9554630580206558
4110,tune,16,0.8549574917884736,0.8834472097963805,0.807799442896936,1.7840003301242529,0.12352593502600996,2.032785751669812
4110,tune,17,0.8058463672837721,0.8366114066032649,0.8245125348189415,1.858399582483196,0.11939455166593448,2.105446354297451
4110,tune,18,0.7608596214183783,0.7946325133074549,0.8245125348189415,1.9303604440337605,0.11456681789638891,2.1725595614881588
4110,tune,19,0.7187585781856832,0.7564199577197427,0.8328690807799443,1.9997139314336496,0.10829573983978472,2.233753739955588
4110,tune,20,0.6789976256466803,0.7209782244819085,0.8495821727019499,2.066483727043223,0.10124920584645423,2.2891385990390067
4110,tune,21,0.6412720437089263,0.6876981006900792,0.8495821727019499,2.1307655460227104,0.09412952704085308,2.3391819526907933
4110,tune,22,0.6053510523814315,0.6565411993769866,0.8579387186629527,2.1926482115783017,0.0872860349076305,2.3846063035276854
4110,tune,23,0.5711474442777418,0.6278428565342973,0.8607242339832869,2.252180916795521,0.08119083072099266,2.4262779949463
4110,tune,24,0.5387137443524683,0.6018561117277311,0.8662952646239555,2.3093817079643673,0.07632648129759859,2.4650862259135247
4110,tune,25,0.5084118677696653,0.5784181667070252,0.8690807799442897,2.3642787651034296,0.07233148771845305,2.501834429231804
4110,tune,26,0.4805991827195035,0.5569213114003504,0.8774373259052924,2.4169147142218472,0.06875139967726597,2.5371664864263836
4110,tune,27,0.45525268986242734,0.5366533960285754,0.8774373259052924,2.4673266063296286,0.0658895581029672,2.571546180959852
4110,tune,28,0.4319001595231379,0.5174419442200335,0.8746518105849582,2.5155371519480956,0.06350118450067044,2.6052559475778247
4110,tune,29,0.4101110549472614,0.4996473479781529,0.8746518105849582,2.561582646933933,0.06120738220723072,2.638424443817933
4110,tune,30,0.38964831464931915,0.4834574409410775,0.8746518105849582,2.605518438337358,0.05891902907292735,2.6710437491380157
4110,tune,31,0.370377720650055,0.4687687914836264,0.8774373259052924,2.64742000838956,0.056511530538475935,2.7029879341663507
4110,tune,32,0.3521930707301634,0.4554552968391514,0.883008356545961,2.68738981799242,0.054063538694181366,2.734096407959865
4110,tune,33,0.3351676435873089,0.4434364789564477,0.8885793871866295,2.7255593828417917,0.051692125124052045,2.764228325721623
4110,tune,34,0.3190111940043584,0.4326750654379785,0.8941504178272981,2.7620868144337924,0.04962559909937621,2.7932883537714237
4110,tune,35,0.3045341608586396,0.4231132803967066,0.8941504178272981,2.7971563443263343,0.04799309888301556,2.821247385881257
4110,tune,36,0.2915451062822649,0.41465365661988185,0.8969359331476323,2.8308718209871775,0.04654840548205858,2.8478673219697845
4110,tune,37,0.2793826870710826,0.4069922360107869,0.8997214484679665,2.863357660106367,0.0455147248913372,2.8732383594366753
4110,tune,38,0.26794133793220865,0.3998762273774379,0.8997214484679665,2.894727370105744,0.0445063138088646,2.8975015454086344
4110,tune,39,0.25731657301659977,0.3932811635549448,0.8969359331476323,2.925093560401078,0.04316252787080065,2.9208107367195515
4110,tune,40,0.24749742568528457,0.3873524195176762,0.9025069637883009,2.9545553155513744,0.04172076200500282,2.9433276131560993
4110,tune,41,0.23835644970250164,0.3821742337419743,0.9025069637883009,2.983172049850334,0.0402498344709979,2.9651739408015367
4110,tune,42,0.22971189520455965,0.37772497791372733,0.9025069637883009,3.010977843031704,0.03882444836773154,2.986425067758643
4110,tune,43,0.22140697029547732,0.3738943464687647,0.9052924791086351,3.0380019234500155,0.03748254735006942,3.0071553173799663
4110,tune,44,0.21357061679022993,0.3705645112829594,0.9080779944289693,3.0642895940897525,0.036117345863164334,3.0274143312960597
4110,tune,45,0.20629584029323905,0.367639328887012,0.9108635097493036,3.089893360575699,0.03485249515081024,3.047195102587596
4110,tune,46,0.19951950465757912,0.3649995138469855,0.9080779944289693,3.1148617897027253,0.03370485120644035,3.0664871664193836
4110,tune,47,0.1931673249419031,0.36253139846300336,0.9080779944289693,3.139236330082918,0.03268176545567417,3.0852833653636975
4110,tune,48,0.18718688169831507,0.36015376013062733,0.9080779944289693,3.1630486982799346,0.031834126692083346,3.1035767199643796
4110,tune,49,0.18155945925846786,0.3578319549640213,0.9080779944289693,3.186322267938934,0.03114061954490658,3.121353984791356
4110,tune,50,0.17628142138059305,0.35558014532738247,0.9080779944289693,3.2090726672021788,0.030557162201078535,3.138598007366261
4110,tune,51,0.17132797607080008,0.35345136861929316,0.9108635097493036,3.2313075286631525,0.030051418071764834,3.1552965003226308
4110,tune,52,0.16665153977196326,0.35151464594587234,0.9108635097493036,3.2530287318474973,0.029550538813575458,3.171448400584984
4110,tune,53,0.16221980877948308,0.3498223247764937,0.9108635097493036,3.2742368280358494,0.028989871194091552,3.1870627106102245
4110,tune,54,0.15803363784086535,0.3483717485011806,0.9108635097493036,3.294933069266171,0.028352421382722308,3.202147152160141
4110,tune,55,0.15408587484615363,0.34710353011956024,0.9080779944289693,3.3151190955600915,0.02765756558481026,3.21670392480938
4110,tune,56,0.1503498213468139,0.34596078679722353,0.9080779944289693,3.334799371224113,0.026953166743426887,3.230742919634771
4110,tune,57,0.14680432447382094,0.34490094267915467,0.9080779944289693,3.3539823564673137,0.02627788018714041,3.244279963731782
4110,tune,58,0.14343304487413663,0.34388732804124195,0.9080779944289693,3.3726796665406713,0.02564863468831459,3.257332695626125
4110,tune,59,0.14022102204144465,0.34288776715823377,0.9080779944289693,3.3909052952236585,0.025067822200949715,3.2699220094630777
4110,tune,60,0.13715394296163375,0.34187475292921765,0.9080779944289693,3.408674994260536,0.02453153943046937,3.2820745375624165
4110,tune,61,0.13421814334220994,0.34082446266424504,0.9080779944289693,3.4260057201522582,0.024036139427405456,3.2938229951516957
4110,tune,62,0.1314006086059437,0.3397149208514974,0.9080779944289693,3.4429152037343007,0.02358118000859227,3.3052039634648214
4110,tune,63,0.12868858769551023,0.33852422769857576,0.9080779944289693,3.459421701370638,0.02316866285713034,3.3162544422267626
4110,tune,64,0.1260684999815651,0.3372296391911458,0.9080779944289693,3.475543911906968,0.02280184059999646,3.327008843992227
4110,tune,65,0.12352384586299013,0.33580822886632944,0.9080779944289693,3.4913010148878962,0.022486320561909197,3.337497386092209
4110,tune,66,0.12103186539940149,0.3342402060638057,0.9080779944289693,3.5067128819245807,0.02223199075919701,3.347745953423657
4110,tune,67,0.11855905555893118,0.33251744382929593,0.9080779944289693,3.5218006622418767,0.022049701340759183,3.3577772535164354
4110,tune,68,0.11605771688415478,0.3306628296411744,0.9108635097493036,3.5365879409244516,0.02192460562157079,3.3676137851764913
4110,tune,69,0.11347980396888994,0.3287654570936006,0.9136490250696379,3.551102193393706,0.02173338819261467,3.377285095778459
4110,tune,70,0.11086246298142749,0.3270093495071061,0.9136490250696379,3.565374504310235,0.021277074673368562,3.3868443829200396
4110,tune,71,0.10839893666603027,0.3255937100944462,0.9108635097493036,3.5794351768606614,0.0208145388188245,3.3963824804363103
4110,tune,72,0.10620575557355535,0.3245030187026658,0.9108635097493036,3.5933070100066407,0.020783511880023836,3.4059885825045675
4110,tune,73,0.10420809158852642,0.32353257646824574,0.9108635097493036,3.606996372976017,0.020752863970963268,3.4156886494391463
4110,tune,74,0.10232435341387315,0.32261050525179974,0.9108635097493036,3.6204976036009135,0.02042729243242956,3.425441960306797
4110,tune,75,0.10052734136807549,0.3218409144203676,0.9136490250696379,3.63380174941272,0.01993154254570104,3.4351849586888354
4110,tune,76,0.0988017983817152,0.3213376879822957,0.9136490250696379,3.6469015021095794,0.01941614776901435,3.4448721830777242
4110,tune,77,0.09712833110086307,0.32113455339135244,0.9136490250696379,3.6597934725552745,0.018959714812942906,3.4544940109649245
4110,tune,78,0.0954895195985313,0.3211955181542144,0.9136490250696379,3.6724788838263986,0.018589031412420045,3.4640748123464653
4110,tune,79,0.09387511111715476,0.3214546474285127,0.9136490250696379,3.6849634166096523,0.01829820769424467,3.4736599709769256
4110,tune,80,0.09228684502027525,0.3218425182504362,0.9108635097493036,3.697256569166634,0.018036526582594886,3.483296868810202
4110,tune,81,0.09075127462766472,0.32229060978058255,0.9108635097493036,3.7093698597911495,0.01775072628078776,3.493010668885282
4110,tune,82,0.08931027584926608,0.3227255996459217,0.9108635097493036,3.7213121514871976,0.01751839680999309,3.502780008258398
4110,tune,83,0.08796609908900872,0.3230787228128037,0.9080779944289693,3.733085329508302,0.017342890177277626,3.512541124232288
4110,tune,84,0.08668595928378213,0.32330831594996595,0.9080779944289693,3.7446872230896564,0.01712414856222059,3.522223557104616
4110,tune,85,0.08544623274339411,0.3234048114252946,0.9080779944289693,3.7561158729310162,0.016845586822994457,3.531771307239555
4110,tune,86,0.08423719485308472,0.32338275294650326,0.9080779944289693,3.7673706878645987,0.01654255252705791,3.5411467220090818
4110,tune,87,0.08305330221838923,0.32327185410340165,0.9080779944289693,3.7784525191369474,0.01625194214086757,3.5503302510181918
4110,tune,88,0.08188880050165946,0.32310911345833093,0.9080779944289693,3.7893637416836707,0.015992866921382225,3.5593182206656797
4110,tune,89,0.08073802423874485,0.32293154248729533,0.9052924791086351,3.8001083865352623,0.015762991481887895,3.5681184576049807
4110,tune,90,0.07959759463340943,0.32276970992084064,0.9052924791086351,3.8106921818420543,0.015545175081974446,3.576744370147229
4111,heldout,0,2.2787858318033285,2.2606139743460085,0.17270194986072424,0.3660550173438529,0.2789726256750016,0.4430561569271741
4111,heldout,1,2.2017555040464187,2.187548962960196,0.21448467966573817,0.36790391725563426,0.2579153337480848,0.44196973539684686
4111,heldout,2,2.0833848600132607,2.0762611992491107,0.3064066852367688,0.38377404083762984,0.22841154789188128,0.45788014277643724
4111,heldout,3,1.959182043145077,1.9586630278813915,0.3955431754874652,0.42316184358714837,0.20392599636856507,0.5054483332587246
4111,heldout,4,1.8457715774317651,1.8492481025714496,0.4623955431754875,0.48446213269552224,0.1936029547220955,0.5821889073256661
4111,heldout,5,1.744364726435905,1.7506122478658874,0.532033426183844,0.5598632241333492,0.1927781004005895,0.6755833764068702
4111,heldout,6,1.6525437546608603,1.6622147437157737,0.5766016713091922,0.6425852070478354,0.19682930023269252,0.7743291792464858
4111,heldout,7,1.566724897682191,1.580279245316495,0.5988857938718662,0.7289228628818851,0.2028713856438997,0.871367524200696
4111,heldout,8,1.4829760768717197,1.499196369821495,0.6295264623955432,0.8175471932644774,0.20725616516749673,0.9631532503071719
4111,heldout,9,1.3985454053654107,1.4156670139465093,0.6518105849582173,0.9085085968022167,0.2063943930015941,1.0488231649081183
4111,heldout,10,1.3135828926590232,1.3303596174852355,0.6824512534818942,1.002330665424938,0.19963497261530608,1.129301586996117
4111,heldout,11,1.2289797595160776,1.2458233405365067,0.6991643454038997,1.0992919221674944,0.18916541481218638,1.2063672442449667
4111,heldout,12,1.1461128920423191,1.1645297232453367,0.7325905292479109,1.1991165719152648,0.1773096818318897,1.2816735432254696
4111,heldout,13,1.0662237352964492,1.0874419339255839,0.7353760445682451,1.3009446710480268,0.16558350619556939,1.3561583805676567
4111,heldout,14,0.9904571523836386,1.0154186431522396,0.7493036211699164,1.403489411844675,0.15450184116754964,1.429917091332849
4111,heldout,15,0.9190083808305447,0.9483951345067643,0.7743732590529248,1.5053609972054736,0.14458051834834132,1.5026196957209268
4111,heldout,16,0.8521938165764279,0.8855439755689944,0.7994428969359332,1.6053896235453728,0.1346943968436296,1.5738849700542143
4111,heldout,17,0.7904266235482594,0.8267285653352049,0.8050139275766016,1.7026673502802154,0.12456349106510202,1.6435279162159002
4111,heldout,18,0.7336730612323976,0.7721491774727496,0.8245125348189415,1.7965380927595542,0.11400788724395523,1.711453965921033
4111,heldout,19,0.6816479969306432,0.7221421565237499,0.8467966573816156,1.8865318191808536,0.10380482020888579,1.7775873049834303
4111,heldout,20,0.6334765089923879,0.6768393196384844,0.8579387186629527,1.9723460630052785,0.09450008423471248,1.8417684687908527
4111,heldout,21,0.5901891268473206,0.63614927199334,0.8690807799442897,2.0538917547332036,0.08589524553611196,1.9038552166577973
4111,heldout,22,0.5519083591164351,0.5998701118567374,0.8774373259052924,2.131105232466936,0.07876089494962384,1.963984503123836
4111,heldout,23,0.517601787823778,0.5677380785439474,0.8913649025069638,2.203923188351975,0.07302401260883389,2.02201258340522
4111,heldout,24,0.4866444357074781,0.5393903066797451,0.8941504178272981,2.272339674307941,0.06842941486978617,2.07771521830678
4111,heldout,25,0.4588572766772882,0.5143249524149665,0.8997214484679665,2.336455213913803,0.06428518774174526,2.1309527537028843
4111,heldout,26,0.4338266064416219,0.4920695525216014,0.8997214484679665,2.396423280881565,0.06069771869508733,2.1816339202636135
4111,heldout,27,0.4105522772191199,0.4721077330231485,0.8969359331476323,2.452448495778821,0.0577385409516772,2.229709486045577
4111,heldout,28,0.38995354064123816,0.4539523315329493,0.9080779944289693,2.5048191486299265,0.05469429949259696,2.275220583323965
4111,heldout,29,0.37179911447218444,0.43722244822981965,0.9108635097493036,2.553783140189779,0.05178616464189106,2.3180426546104456
4111,heldout,30,0.355237655402924,0.42183439210324847,0.9136490250696379,2.599583420882587,0.04899047273490979,2.3581399539166896
4111,heldout,31,0.3400116067987912,0.40780115043319426,0.9164345403899722,2.6424773246348123,0.04636716205478299,2.3955910095399644
4111,heldout,32,0.32594871912719364,0.3951982129002775,0.9164345403899722,2.682714105093717,0.044138772562264096,2.430524953810451
4111,heldout,33,0.3128322125781886,0.38405319737961685,0.9220055710306406,2.7205314685996616,0.04238234691046674,2.4631123353470565
4111,heldout,34,0.3004889650170955,0.3742696838990484,0.9164345403899722,2.7561595287346567,0.04109907452081903,2.4935555170627586
4111,heldout,35,0.28881537323708306,0.3656516223998929,0.9192200557103064,2.789817541597308,0.04028343321754303,2.5220694179272876
4111,heldout,36,0.2777370192571514,0.3579473855826995,0.9220055710306406,2.821713367604035,0.039697386772777725,2.5488832904156955
4111,heldout,37,0.267179910441364,0.35087678241320625,0.9220055710306406,2.852049088219281,0.03899719411603178,2.574250142122234
4111,heldout,38,0.25705765715629947,0.34418855631500483,0.9220055710306406,2.8810235362608356,0.038076262987391064,2.5984250503491975
4111,heldout,39,0.2472658137500062,0.33773340155766157,0.9303621169916435,2.9088283258780883,0.03704050237537986,2.6216204210576675
4111,heldout,40,0.23778399578457635,0.3314623891870171,0.9303621169916435,2.935641080082864,0.03620782313372301,2.644000603397412
4111,heldout,41,0.22916144983545594,0.32531607107222704,0.9331476323119777,2.961615760161114,0.035620741941544416,2.665807276733237
4111,heldout,42,0.2214273644727764,0.31922189374011467,0.935933147632312,2.986869760120473,0.035214185339795874,2.6874372967687568
4111,heldout,43,0.21421376733569364,0.31329102495353633,0.935933147632312,3.0114632282292155,0.034597049087837305,2.7090074965860937
4111,heldout,44,0.20742196404141583,0.3077245112228572,0.935933147632312,3.035435770447638,0.03371598227772174,2.7304979929782527
4111,heldout,45,0.20099239933796773,0.3027582146613744,0.935933147632312,3.0588201006393567,0.03267172549966769,2.751817180449369
4111,heldout,46,0.19485551763421208,0.29857294716319205,0.935933147632312,3.0816481584842577,0.03148840276847739,2.772850000055456
4111,heldout,47,0.18900071754907619,0.2952042103083807,0.935933147632312,3.1039553345831297,0.030409041777179062,2.7934965449069025
4111,heldout,48,0.18347336255468855,0.29252335833520077,0.935933147632312,3.125778620976593,0.029665551115405402,2.813702778473758
4111,heldout,49,0.1783699094408363,0.29030933421566424,0.9331476323119777,3.1471450792771987,0.029133133683641635,2.833430842373175
4111,heldout,50,0.17367081748203222,0.288351026908308,0.9331476323119777,3.1680575457105165,0.02864262468924656,2.8526068979990926
4111,heldout,51,0.1692321211775389,0.28654954043078723,0.9331476323119777,3.1885092866959455,0.028067147124841676,2.8711609270734435
4111,heldout,52,0.1649651110065212,0.2848749861887006,0.9331476323119777,3.20850282626716,0.02757259118005582,2.889074239706207
4111,heldout,53,0.16084601967600815,0.2832898611706448,0.935933147632312,3.2280545579661424,0.027350811903463668,2.906366748365056
4111,heldout,54,0.15694972793618603,0.28166540089003095,0.935933147632312,3.2471920512341743,0.027552116065227963,2.9230541956501574
4111,heldout,55,0.15334502251988502,0.2797693705305538,0.9387186629526463,3.265937750090608,0.027929158191740074,2.939116279458856
4111,heldout,56,0.14994003783176418,0.2774544305224155,0.9387186629526463,3.284297438011647,0.027798918358296516,2.9545371359712242
4111,heldout,57,0.1466528885855032,0.27476721690589784,0.9387186629526463,3.3022712853777407,0.02709822514070838,2.9693396814644712
4111,heldout,58,0.1434929342653036,0.2718848827505585,0.9387186629526463,3.3198615210500875,0.02613549339751951,2.9835754424271768
4111,heldout,59,0.14049384027201528,0.26904679077559346,0.9387186629526463,3.3370721183619696,0.02518823775523528,2.997310647064097
4111,heldout,60,0.13766079338799259,0.2664882753338041,0.935933147632312,3.3539066948003113,0.024364792096950142,3.010618065203288
4111,heldout,61,0.13496902412641967,0.26436883954176377,0.935933147632312,3.370368294835029,0.023642573218262908,3.023571514223153
4111,heldout,62,0.13238228965218826,0.26273950121533,0.935933147632312,3.3864614185236857,0.022973589160993117,3.0362404806840684
4111,heldout,63,0.12986479631609202,0.26155344365517635,0.935933147632312,3.402194629976193,0.02234306172030126,3.048686238768773
4111,heldout,64,0.12740207712906726,0.26068704538768755,0.935933147632312,3.4175820282477747,0.02178303393466829,3.0609621194040737
4111,heldout,65,0.12506789356586673,0.2599542262383526,0.935933147632312,3.432639571653545,0.021430931445453882,3.073114679975148
4111,heldout,66,0.12292597304463687,0.2591408002603105,0.935933147632312,3.4473750909082077,0.021206478514059397,3.085172053926743
4111,heldout,67,0.12089925188867626,0.2581014029053887,0.935933147632312,3.4617943425281155,0.02085140239178275,3.097128975974394
4111,heldout,68,0.11893686568328543,0.2568193604003893,0.935933147632312,3.475904595233073,0.02037877531639524,3.1089453358603794
4111,heldout,69,0.11702169237445095,0.25537751314001345,0.935933147632312,3.489713068226419,0.019925150295980618,3.1205618478212322
4111,heldout,70,0.11513091599642199,0.2538986906436285,0.935933147632312,3.5032274738608513,0.019607259462810524,3.131919686603977
4111,heldout,71,0.11322026051311758,0.2524983086900233,0.935933147632312,3.5164578657840755,0.01948267504969028,3.1429726593502383
4111,heldout,72,0.11124520193559118,0.2512552540316883,0.935933147632312,3.5294210257171645,0.019435326269445975,3.1536963897340478
4111,heldout,73,0.1092664986470932,0.25018082402330555,0.935933147632312,3.542149997491826,0.019208820934857655,3.1641169652965426
4111,heldout,74,0.10746873277509862,0.2491791373537784,0.935933147632312,3.5546964695165686,0.019382373884095583,3.174360252448237
4111,heldout,75,0.10585711465109751,0.2481119746764688,0.935933147632312,3.567101067566827,0.019826542482614434,3.184591433885385
4111,heldout,76,0.10431466959220075,0.2469158910087968,0.935933147632312,3.579379789500502,0.019949926944571195,3.1949116062409653
4111,heldout,77,0.10278089380695309,0.2456086993486683,0.935933147632312,3.591536968351261,0.019740876996326113,3.205365655864753
4111,heldout,78,0.1012361698593739,0.2442567436215532,0.935933147632312,3.6035731854411437,0.019369789019797592,3.2159682988569376
4111,heldout,79,0.09964318020452496,0.24294657583979992,0.935933147632312,3.6154880589221268,0.019032181715881745,3.226717577260381
4111,heldout,80,0.09803619066962128,0.24176470332226094,0.935933147632312,3.6272844367156165,0.01883626410361643,3.237607940396138
4111,heldout,81,0.09668395181164688,0.24078033781725736,0.935933147632312,3.6389733170257177,0.018632244271646305,3.248638421102216
4111,heldout,82,0.09538451061541843,0.24002776221430142,0.9387186629526463,3.650546906591215,0.01830723043831098,3.259766727133927
4111,heldout,83,0.09410631419630455,0.23950595361149515,0.9387186629526463,3.66199595993376,0.0179740695725568,3.270940827725788
4111,heldout,84,0.09284646956196527,0.23917860496896864,0.9387186629526463,3.6733123175908653,0.01765080393957794,3.28211368765815
4111,heldout,85,0.09160981492771851,0.23898339771294927,0.9415041782729805,3.6844903516498633,0.017364840235210142,3.293246747574856
4111,heldout,86,0.09041726745065194,0.23885063495110873,0.9415041782729805,3.6955273906161907,0.017134593849774296,3.304311327678749
4111,heldout,87,0.0892738058056698,0.23872138398246392,0.9387186629526463,3.706422055509482,0.016952491961212072,3.3152871152390206
4111,heldout,88,0.08816647019834047,0.23855824126142605,0.9415041782729805,3.7171738701769788,0.016807156435366292,3.3261594192599757
4111,heldout,89,0.08708760777368502,0.23834820043544666,0.9387186629526463,3.7277839223923936,0.016683371488265528,3.336918828141689
4111,heldout,90,0.08603570782004917,0.23809740722779754,0.9415041782729805,3.738254905687809,0.01656444386045627,3.347561392551426
4112,heldout,0,2.479035375781609,2.4716067169064404,0.07520891364902507,0.3441285317402723,0.4328633356953957,0.4251995229273415
4112,heldout,1,2.3650486207960677,2.3558002774906823,0.12534818941504178,0.35091630071825086,0.3764930271585918,0.42878367522279787
4112,heldout,2,2.204622647432511,2.187645165276304,0.22284122562674094,0.39107122019918295,0.2981831779360239,0.47336362519366904
4112,heldout,3,2.050735860174704,2.0286953284626352,0.3231197771587744,0.47399585126079596,0.23779424305531857,0.5760155821104451
4112,heldout,4,1.9215748554639456,1.898447263132632,0.3816155988857939,0.5836708110095119,0.20161343085335431,0.7173904085641634
4112,heldout,5,1.818426288868929,1.79621242708506,0.45125348189415043,0.7010922148748457,0.19026156441088982,0.8717031183892584
4112,heldout,6,1.7363203145515689,1.7146550567810233,0.48746518105849584,0.813872636362454,0.19609353704228644,1.0209058258766086
4112,heldout,7,1.6632593007636514,1.6429455020172132,0.5403899721448467,0.9169231496177753,0.19775063380996688,1.1566090996461371
4112,heldout,8,1.5928040963415298,1.574553308207054,0.5793871866295265,1.010104591867925,0.19157037421539044,1.2772490854570402
4112,heldout,9,1.5232541330509461,1.5076809348545828,0.6183844011142061,1.0953110738830225,0.1810504526606757,1.3841460570310196
4112,heldout,10,1.454987391211227,1.4424218285122377,0.6434540389972145,1.174714557005537,0.1702558811523928,1.479286901918497
4112,heldout,11,1.3884763288218545,1.378905779263239,0.6601671309192201,1.2500470672131019,0.16102144294319687,1.5644837121115591
4112,heldout,12,1.3239791420746156,1.316966780299632,0.6796657381615598,1.3225057283851922,0.1529126722397649,1.6412531245660211
4112,heldout,13,1.2617134211030332,1.256548004688716,0.6880222841225627,1.39291385306966,0.1449490362349819,1.7109551321181435
4112,heldout,14,1.201970891276806,1.1977620956803434,0.7103064066852368,1.4618654840831184,0.1370462429922631,1.7748901279411764
4112,heldout,15,1.1449437479850901,1.1406878057904286,0.724233983286908,1.5297517959007876,0.12944951457573223,1.8342851734866559
4112,heldout,16,1.0908395716668753,1.0860427645154447,0.7437325905292479,1.596762204251923,0.12262271950060896,1.8902751598872825
4112,heldout,17,1.0395234216688714,1.034540580301624,0.7632311977715878,1.6629308987879858,0.11697549858619663,1.9438068391538939
4112,heldout,18,0.9906864501599595,0.9861032642303884,0.7855153203342619,1.7282158155009628,0.11230528879646781,1.995572862651649
4112,heldout,19,0.9438979302284283,0.9405710793248149,0.7910863509749304,1.7925289549660148,0.10809483020723744,2.046052424527136
4112,heldout,20,0.8987992178983212,0.8977437295273273,0.8133704735376045,1.8557424736881376,0.10367942931513831,2.0955516465400312
4112,heldout,21,0.855332301481893,0.8574344960997933,0.8217270194986073,1.917685666187139,0.09871407094351528,2.1442388960178778
4112,heldout,22,0.8136450155385703,0.8197316777483226,0.841225626740947,1.9781889007492564,0.09331139731232553,2.1921521169279448
4112,heldout,23,0.7740611534577867,0.7846600034391628,0.8467966573816156,2.0371276233714357,0.0882298830685848,2.2392156026700607
4112,heldout,24,0.7365079515045261,0.7519966240758288,0.8495821727019499,2.0944051104948374,0.08417242002781765,2.2852963440100726
4112,heldout,25,0.7009311363470453,0.7216059326035423,0.8495821727019499,2.1499652051019877,0.08055009414840486,2.3303048415193763
4112,heldout,26,0.6679291540957162,0.6936063311163169,0.8607242339832869,2.20381114570764,0.07707828101870053,2.3742071445004065
4112,heldout,27,0.6376331769743842,0.6677895636097929,0.8607242339832869,2.2559447001800113,0.07394811125568881,2.4169259896868303
4112,heldout,28,0.6092471656402868,0.6435478030700945,0.8579387186629527,2.3063280874933585,0.07093485605812726,2.458293153453577
4112,heldout,29,0.5821448549547706,0.6203521493877535,0.8635097493036211,2.3549441351794487,0.067874313468135,2.4981236248150656
4112,heldout,30,0.5563082702955595,0.5977342932156736,0.871866295264624,2.4018328623867067,0.064542954865468,2.536276156438489
4112,heldout,31,0.5322088732945643,0.5756580261271729,0.883008356545961,2.447099983884848,0.06153650297955711,2.5726349613931196
4112,heldout,32,0.5103792892104253,0.5550032106210409,0.8802228412256268,2.490854127245745,0.06062591298328069,2.607060509596723
4112,heldout,33,0.49072342495666466,0.5358542486038991,0.8857938718662952,2.5332095811917887,0.06178952707563918,2.6393705981893945
4112,heldout,34,0.47120054501880027,0.5176053206251282,0.8941504178272981,2.5741886659513518,0.05704380070831685,2.669431796211394
4112,heldout,35,0.4526320439290996,0.5009430053762299,0.8969359331476323,2.6137348271876024,0.05101190098682434,2.6973839157001143
4112,heldout,36,0.43569801730988006,0.48659256964641673,0.9025069637883009,2.6517541383667576,0.04895638185716271,2.7234845089395376
4112,heldout,37,0.4192928501054841,0.4744334698214109,0.9025069637883009,2.68822974556718,0.04796443926238534,2.747942722044271
4112,heldout,38,0.4043310415846248,0.46402036952725895,0.8969359331476323,2.7232591778415873,0.04712007270903585,2.770873850520738
4112,heldout,39,0.3910339082110377,0.4533382318088571,0.9025069637883009,2.7569441185322527,0.0464790530943717,2.792210429143269
4112,heldout,40,0.37833137683636175,0.4423925906113853,0.9080779944289693,2.789375753678045,0.04536463789051185,2.811982228381528
4112,heldout,41,0.36621263922165614,0.4316005358406522,0.9108635097493036,2.820668242592914,0.04400711037853006,2.8302313704560906
4112,heldout,42,0.35486807010749494,0.4214676708608113,0.9052924791086351,2.850963587831911,0.042965965865998795,2.847032521710839
4112,heldout,43,0.3439783736131429,0.4121380946674994,0.9108635097493036,2.880382026658058,0.0423905536877927,2.8624542171013205
4112,heldout,44,0.3333379874761426,0.40344530809165174,0.9164345403899722,2.9089836615060416,0.04156684050277102,2.8765729365127886
4112,heldout,45,0.3234984915042171,0.3954144580357329,0.9164345403899722,2.9368156836387205,0.04080684039250246,2.8895869151675395
4112,heldout,46,0.3141618085829528,0.3879957092603997,0.9275766016713092,2.963911556617566,0.04006960414558667,2.901691637749409
4112,heldout,47,0.30528462083513624,0.3811133801827498,0.9303621169916435,2.9903145785511707,0.03926997233798196,2.913066713459066
4112,heldout,48,0.2968536431136191,0.374812643438143,0.9303621169916435,3.0160730771219244,0.03862556371349496,2.9238893294107013
4112,heldout,49,0.2887247675741718,0.36922434380165,0.9275766016713092,3.041235223193993,0.03798977817462785,2.9343278456529087
4112,heldout,50,0.2809084205264057,0.3643793804144825,0.9303621169916435,3.065874162350393,0.03681716464606311,2.9445122709002103
4112,heldout,51,0.2736111216645929,0.36000794544075865,0.9331476323119777,3.090094277377425,0.0364624668928236,2.9544700580045564
4112,heldout,52,0.2667084836649786,0.3558457299568402,0.9331476323119777,3.113944926967797,0.03581944047401183,2.964167225694959
4112,heldout,53,0.2602089862486293,0.3520085278070191,0.9331476323119777,3.1374029323942474,0.03498892720186637,2.973617327970551
4112,heldout,54,0.2540709826480889,0.3486123067783583,0.9331476323119777,3.160432870667827,0.03431979080103854,2.9828579850378416
4112,heldout,55,0.24820009060007778,0.3455605970307976,0.9331476323119777,3.183022946363297,0.03358579512113296,2.991922486167618
4112,heldout,56,0.24260698369816866,0.3426156657703288,0.9331476323119777,3.2051818210472827,0.032766390766674224,3.0008372954115465
4112,heldout,57,0.23728544274719815,0.3395907889724418,0.9331476323119777,3.2269192912210336,0.03188188761461661,3.0096165450151267
4112,heldout,58,0.23220924744362748,0.33647986790245105,0.9303621169916435,3.248239064305798,0.031028420317418495,3.0182619035696847
4112,heldout,59,0.22734936807152017,0.3333821630299574,0.9275766016713092,3.2691397337162944,0.030259509347051152,3.026764481658922
4112,heldout,60,0.22267079837412884,0.3304049893024601,0.9303621169916435,3.2896136099616204,0.029530055332033553,3.0351101314122917
4112,heldout,61,0.21815254587001137,0.32762849515049386,0.9331476323119777,3.309647778588393,0.028855829629531173,3.043283841297359
4112,heldout,62,0.21377896886840173,0.3251001472126417,0.9331476323119777,3.329229295226675,0.02826713476616874,3.0512678038495795
4112,heldout,63,0.2095316688248147,0.32283020754611264,0.9331476323119777,3.3483518842566484,0.02771871907617221,3.0590386884687817
4112,heldout,64,0.20540752774378862,0.32078802737680834,0.9331476323119777,3.367020997808629,0.02716413613185204,3.0665719234919804
4112,heldout,65,0.20142349522895084,0.3189075495168293,0.9331476323119777,3.3852546882186862,0.026660985566607707,3.073852071163996
4112,heldout,66,0.197586174162645,0.31711262199459395,0.9331476323119777,3.4030793406412796,0.02629223410944978,3.0808784674332585
4112,heldout,67,0.19387749727125855,0.3153565376414399,0.9303621169916435,3.4205241197311222,0.0260329380454037,3.087661765739032
4112,heldout,68,0.1902780561340808,0.3136449259693052,0.9303621169916435,3.4376174560213215,0.025806649332502207,3.0942207715412473
4112,heldout,69,0.1867876785953828,0.31202547243042067,0.9303621169916435,3.454385008982714,0.025562607885836437,3.1005818496408617
4112,heldout,70,0.18341943634041652,0.31055575444307987,0.9303621169916435,3.4708485575319807,0.025276133374595704,3.106777062431528
4112,heldout,71,0.18017304100878392,0.3092721320580713,0.9275766016713092,3.487025228214585,0.024929852165552026,3.1128418369710045
4112,heldout,72,0.17701564386652144,0.30817938364688957,0.9275766016713092,3.5029280343821405,0.02451676550488615,3.1188153275321326
4112,heldout,73,0.173868463712144,0.3072655252290713,0.9275766016713092,3.5185693182804014,0.024052234654882,3.124745998828825
4112,heldout,74,0.17060619769575264,0.30655136523879234,0.924791086350975,3.5339685605578595,0.023501246836841554,3.130709218392471
4112,heldout,75,0.16769435601662458,0.3062166947297049,0.9275766016713092,3.549164904044653,0.02322537200306879,3.1368132629444965
4112,heldout,76,0.1649893504959804,0.3064465195985633,0.924791086350975,3.5641628387138784,0.02295023051367604,3.1430707702490435
4112,heldout,77,0.1623734944396592,0.30674729445046217,0.924791086350975,3.5789542833467296,0.02267497914248865,3.1494469748252447
4112,heldout,78,0.1598212863792661,0.30666714203550954,0.924791086350975,3.593530656383283,0.022429109709838732,3.1558997399144975
4112,heldout,79,0.15731772129422705,0.3062384472690746,0.924791086350975,3.607887462068116,0.022226760547905202,3.162390990699909
4112,heldout,80,0.15485656866002304,0.30558957966759503,0.924791086350975,3.622026385555993,0.022060691669630744,3.168892435960304
4112,heldout,81,0.15244235176682638,0.3048053473838401,0.924791086350975,3.6359560257430794,0.021908989763188683,3.175391267612691
4112,heldout,82,0.15009010793309346,0.3039287644798113,0.924791086350975,3.649690736262931,0.021756358974198402,3.1818934468897315
4112,heldout,83,0.14781674846663906,0.3029804036576935,0.9275766016713092,3.663247495436299,0.02161546593838854,3.188421246334453
4112,heldout,84,0.1456288121180468,0.3019744883860457,0.9275766016713092,3.676642175934602,0.021507652132682104,3.1950038284503157
4112,heldout,85,0.14352079027118966,0.30092913401273835,0.9275766016713092,3.689887438019656,0.021434961033462496,3.201666098352522
4112,heldout,86,0.14148335755522473,0.29986923170202906,0.9275766016713092,3.7029927529115683,0.021385527713937133,3.2084228532472445
4112,heldout,87,0.1395093871863338,0.2988225680092415,0.9275766016713092,3.7159652663553118,0.021345335176918872,3.2152789242322997
4112,heldout,88,0.13759447374800526,0.2978128968916234,0.9275766016713092,3.728810517516707,0.02130192332699337,3.2222320798359902
4112,heldout,89,0.1357355122650105,0.29685424367480634,0.9275766016713092,3.741532859055791,0.021246139472830345,3.229276297151241
4112,heldout,90,0.13392983743766712,0.2959489733681108,0.9275766016713092,3.7541357131616033,0.021173969790011016,3.23640446341619
4113,heldout,0,2.3469273498895245,2.3739986053901125,0.11420612813370473,0.3881683443244685,0.28564733615739113,0.4788059482445229
4113,heldout,1,2.2868894927475503,2.316382358546538,0.1392757660167131,0.39554550769713304,0.27481512312452644,0.4934739880015384
4113,heldout,2,2.1864191012891516,2.2184906686236907,0.19498607242339833,0.4205435674601863,0.25661818485783516,0.5312789141560619
4113,heldout,3,2.0676912864707324,2.0996867364260816,0.28133704735376047,0.4718955277047875,0.23480666360036728,0.5991111952422139
4113,heldout,4,1.950309921739187,1.9790926436819436,0.3593314763231198,0.5485058831701571,0.21194635389305422,0.6947119302147968
4113,heldout,5,1.8451154381056192,1.8697111356110026,0.42896935933147634,0.6421841592429902,0.19028699341289002,0.8093852942904619
4113,heldout,6,1.7538990598548616,1.7758087753544323,0.48746518105849584,0.7440074213564734,0.1733025058335737,0.9337134769593185
4113,heldout,7,1.6733200312118839,1.6945502615031391,0.5153203342618384,0.8473161153327914,0.16249590604822778,1.0602438598875386
4113,heldout,8,1.599886098714582,1.6212055094468156,0.520891364902507,0.947959653895815,0.1569945787636765,1.1836998407728685
4113,heldout,9,1.5307221617939724,1.5521618425182748,0.5376044568245125,1.043716702262759,0.15529753901164733,1.3006182827528507
4113,heldout,10,1.4636729703094096,1.4854760955837412,0.5738161559888579,1.1337772746282577,0.15526279685956595,1.4090863459672665
4113,heldout,11,1.3977458449764293,1.4199441201327443,0.5877437325905293,1.218294836501263,0.15472278562239164,1.5084255089711807
4113,heldout,12,1.3322985707111725,1.3548064764052206,0.6239554317548747,1.297950376784761,0.15275212167291052,1.59880169986442
4113,heldout,13,1.2671459882465506,1.2899499881491077,0.6434540389972145,1.3736295531495084,0.14971932919371214,1.6808123780286162
4113,heldout,14,1.2024485985254008,1.2261740804146186,0.6796657381615598,1.446230662213018,0.1461393526956141,1.755210610316078
4113,heldout,15,1.1387793394752066,1.1642477646053455,0.7186629526462396,1.5165588257042382,0.142341071728487,1.82272755989268
4113,heldout,16,1.0766111935198421,1.1045666494825281,0.7381615598885793,1.5852777600190033,0.1387583334699478,1.8839719737735356
4113,heldout,17,1.016482571833976,1.0477252191156403,0.7632311977715878,1.6528865569633209,0.13516083680791546,1.939399804257031
4113,heldout,18,0.9589308020507908,0.9943698101328171,0.7715877437325905,1.7197044355899977,0.13083129510207123,1.989316118956581
4113,heldout,19,0.9042034248482103,0.9446137334879567,0.7799442896935933,1.7859440037101528,0.12538145182778607,2.0340155666703645
4113,heldout,20,0.8524698901641953,0.8982007391789694,0.7855153203342619,1.8517372078681333,0.11898243816263371,2.0739011627906825
4113,heldout,21,0.8037064272357466,0.8548561053241155,0.7938718662952646,1.9171017778142405,0.11211910555409106,2.1094669441893337
4113,heldout,22,0.7577593371328352,0.8140800549509387,0.8189415041782729,1.9819266233874482,0.10546013161736577,2.141232560183531
4113,heldout,23,0.7143361186083316,0.7753313468372492,0.8328690807799443,2.045990195747149,0.09929458133555776,2.1697089302114203
4113,heldout,24,0.6729403840876284,0.7383173239707089,0.8467966573816156,2.1090129573430256,0.09364946285535215,2.1953988590538067
4113,heldout,25,0.6337826983609539,0.7030724043103289,0.8579387186629527,2.170713161683877,0.08845696086554879,2.218759327061764
4113,heldout,26,0.5967051892324196,0.6698787971053378,0.8662952646239555,2.230805960015719,0.08383659682866677,2.240198883258964
4113,heldout,27,0.5614352334183,0.6390308393599107,0.8774373259052924,2.289086487331355,0.08006959673336793,2.2601856260510003
4113,heldout,28,0.5283757253697696,0.6105176798307398,0.8774373259052924,2.3453805713797427,0.07710981631115106,2.279046662911026
4113,heldout,29,0.49708043174187366,0.5831712769196555,0.8885793871866295,2.3995999311623666,0.07432366295371265,2.2970654222030347
4113,heldout,30,0.46759014753741046,0.5585493798305361,0.8913649025069638,2.4517922459902577,0.07258047550527376,2.3145036297900443
4113,heldout,31,0.44028696663190453,0.5380652870517338,0.8969359331476323,2.5020641185696935,0.07063736040888399,2.3314233212772697
4113,heldout,32,0.4155790953928282,0.5204464696822456,0.8941504178272981,2.5505075920292204,0.06873340024783275,2.3478343222276483
4113,heldout,33,0.3931063213792344,0.5048732076789674,0.8969359331476323,2.5972093293327077,0.06624551434558613,2.363634165593541
4113,heldout,34,0.372875870967977,0.490835434061614,0.8997214484679665,2.642242511666079,0.0633946418960155,2.3787828619975784
4113,heldout,35,0.35409728002264507,0.47817849049980893,0.9025069637883009,2.68563918510967,0.06044958875550433,2.3932943602778893
4113,heldout,36,0.3369477841209641,0.46691674575313624,0.9025069637883009,2.7274315968529854,0.05706540104826651,2.407226385573776
4113,heldout,37,0.32128678199435684,0.45708672130115835,0.8969359331476323,2.767644335188322,0.054081728199285535,2.420668130770709
4113,heldout,38,0.3067787837316608,0.44848559367940344,0.8941504178272981,2.806308882112826,0.052053965220845134,2.4336325191382797
4113,heldout,39,0.2935619530531655,0.4407675440635919,0.8941504178272981,2.8434621097505866,0.05025157759492494,2.4461317668566935
4113,heldout,40,0.28135948779456027,0.4336996291914795,0.8941504178272981,2.8791340997513,0.047910161642136496,2.45820263664532
4113,heldout,41,0.2700815357940187,0.42716019737866906,0.8913649025069638,2.9133669874719708,0.04535970607470757,2.4698895298883476
4113,heldout,42,0.25976454755598244,0.42107974272089826,0.8885793871866295,2.94622155774083,0.04298194836359664,2.4812266260858675
4113,heldout,43,0.25032068089047954,0.41536953630140255,0.8857938718662952,2.977759482579307,0.040994602321662334,2.492247289391257
4113,heldout,44,0.2415741187792035,0.4099098846286397,0.8885793871866295,3.0080304137350953,0.03925480960726837,2.5029852361275013
4113,heldout,45,0.23338491494611946,0.4045942967401505,0.8885793871866295,3.037083298611323,0.037679588275903814,2.513491788059281
4113,heldout,46,0.22565979901035074,0.3993214500027753,0.8885793871866295,3.064974752383099,0.03632449930420675,2.523835101926476
4113,heldout,47,0.2182901640625059,0.39396956542870015,0.8941504178272981,3.0917711328882045,0.0352644486096545,2.5340818963751373
4113,heldout,48,0.21112731509687238,0.38842645669132564,0.8941504178272981,3.117549490062168,0.03425605875011368,2.54427500188467
4113,heldout,49,0.20450108053058585,0.3828096599227656,0.8969359331476323,3.1423954671664793,0.0332913707198589,2.5543933736210294
4113,heldout,50,0.19866539850069867,0.3775770475270477,0.8997214484679665,3.166359851413367,0.03264323773334024,2.5643398112522053
4113,heldout,51,0.19325500483638805,0.37281829757636237,0.8997214484679665,3.189483264100825,0.03184457646134281,2.57404459582851
4113,heldout,52,0.1881117418845482,0.36839458973900047,0.9052924791086351,3.2118185371256667,0.030930142740804797,2.5834648498406008
4113,heldout,53,0.1832085982778167,0.3643988714626398,0.9108635097493036,3.2334261039554817,0.03003284767668033,2.5925866667417328
4113,heldout,54,0.1785341451156696,0.3610853298182651,0.9164345403899722,3.2543630550068414,0.02925378831428272,2.6014180936438467
4113,heldout,55,0.1740423478791119,0.3583734555480307,0.9164345403899722,3.27467719155353,0.028605507850737826,2.6099810762709486
4113,heldout,56,0.1696689680781196,0.35606117758249606,0.9136490250696379,3.2944083144924265,0.028066507454194894,2.618300937886482
4113,heldout,57,0.16535423596469787,0.35401710692158744,0.9164345403899722,3.313592855688899,0.027611977571793317,2.62639874791116
4113,heldout,58,0.16108673590949976,0.3521762599250093,0.9164345403899722,3.3322707833875946,0.027192945208632822,2.634291799921175
4113,heldout,59,0.15694452101903414,0.35050753364278786,0.9164345403899722,3.3504900452128217,0.026820568333307943,2.6420046947813387
4113,heldout,60,0.15302369087770312,0.34897768519590994,0.9164345403899722,3.3683001455154136,0.026551905981344395,2.64958037214003
4113,heldout,61,0.14929437154558314,0.34754356799274483,0.9192200557103064,3.3857416860614515,0.026259501132339356,2.657069421654512
4113,heldout,62,0.1456436318498279,0.34616783452008637,0.9192200557103064,3.4028423563342924,0.025830827715833234,2.664502757204565
4113,heldout,63,0.14212233498092275,0.3448150203820416,0.9220055710306406,3.4196208902033156,0.02539381016027404,2.6718892681393633
4113,heldout,64,0.1388187623672785,0.34344085031883254,0.9220055710306406,3.4360962048902435,0.025035939981478152,2.6792312703215835
4113,heldout,65,0.135734167374932,0.3419974792747003,0.9192200557103064,3.4522869382824184,0.02471028956181895,2.6865378375265507
4113,heldout,66,0.13281506056010425,0.34046435722473023,0.9220055710306406,3.468205663469794,0.024301693613455442,2.693830523088709
4113,heldout,67,0.13001305319050063,0.33887903753023924,0.9220055710306406,3.483858537387589,0.02380586516826114,2.7011412279689466
4113,heldout,68,0.12730232414949672,0.3373273226149496,0.9192200557103064,3.499247518504716,0.023308005255454043,2.7085033581412667
4113,heldout,69,0.12466902546669584,0.3359012176609312,0.9220055710306406,3.514372749134406,0.022865902769184536,2.7159414020806674
4113,heldout,70,0.1221036877349319,0.3346588618258,0.924791086350975,3.529234869868381,0.02247552027808953,2.7234640525243607
4113,heldout,71,0.11960096199079003,0.33360744650609214,0.9192200557103064,3.54383699922241,0.022108800761115502,2.7310632042096286
4113,heldout,72,0.11716111208842324,0.332708845975153,0.9192200557103064,3.5581859837246723,0.021735514409764255,2.738719234119661
4113,heldout,73,0.1148032493680478,0.331897300580923,0.9192200557103064,3.5722928162135243,0.02131094476509179,2.746410646942013
4113,heldout,74,0.11258415559149028,0.3310975753898896,0.9192200557103064,3.5861704395448593,0.02094556501904741,2.7541202151062585
4113,heldout,75,0.11053121371729195,0.330254101244735,0.9192200557103064,3.599825373893997,0.020704485225594007,2.7618296187705793
4113,heldout,76,0.10859830662908121,0.32937413213063377,0.9192200557103064,3.6132543071729746,0.02034365438648505,2.769516153582153
4113,heldout,77,0.10675202731554533,0.3285120696863655,0.9192200557103064,3.6264522126536765,0.019879599725561414,2.777157910031738
4113,heldout,78,0.10498222769255622,0.32771594549595395,0.9192200557103064,3.639417144272741,0.019421700895484194,2.7847346446014045
4113,heldout,79,0.10327786954793296,0.3270049938736207,0.9192200557103064,3.6521503115452796,0.0189929471076574,2.79222602650103
4113,heldout,80,0.10162907541667139,0.3263755826998134,0.9192200557103064,3.6646549464400175,0.01859598127500071,2.799611013205922
4113,heldout,81,0.1000334731302974,0.32581263006345396,0.9192200557103064,3.676935293227183,0.01824538283680437,2.8068686066848816
4113,heldout,82,0.09849360075409418,0.32529953902684255,0.9164345403899722,3.6889959877885756,0.017941839951918122,2.813979521188098
4113,heldout,83,0.09701063360467044,0.3248268426312334,0.9164345403899722,3.700841617343737,0.01766405890831502,2.8209285216174624
4113,heldout,84,0.09558052162634147,0.32439654834116555,0.9136490250696379,3.712476356582416,0.01739168619454312,2.827707384941216
4113,heldout,85,0.094194684515347,0.3240200503135408,0.9108635097493036,3.723904086865821,0.017122614342947807,2.8343177417654988
4113,heldout,86,0.09284429435557387,0.32371272026935577,0.9108635097493036,3.735129195546334,0.016869877879773353,2.840771888782474
4113,heldout,87,0.09152444319579674,0.32348763314784,0.9108635097493036,3.746157442150677,0.01664551508380422,2.847090948202264
4113,heldout,88,0.09023539907824721,0.32334956161721695,0.9108635097493036,3.7569962228964613,0.016453443560339964,2.853301763872708
4113,heldout,89,0.08897789571029757,0.32329215372790904,0.9136490250696379,3.767654036128081,0.016292501114582417,2.8594334997973223
4113,heldout,90,0.08774813401359763,0.3232999707680721,0.9136490250696379,3.7781397691958123,0.016160056538843278,2.865514182159342
4114,heldout,0,2.371953577876146,2.3921204365946234,0.08635097493036212,0.3777985649206455,0.2876653941712692,0.4328316973712904
4114,heldout,1,2.2782068290819466,2.3010435703140293,0.15877437325905291,0.381076910808299,0.2643995824651155,0.4379748987421377
4114,heldout,2,2.1386237526551444,2.165341174697568,0.27298050139275765,0.4000165739277509,0.2353269754744378,0.461395128334556
4114,heldout,3,1.9971959429569484,2.0256442544532893,0.3732590529247911,0.4435103429790984,0.21458026017229798,0.5128112737559757
4114,heldout,4,1.870633497845956,1.9003903196651775,0.4428969359331476,0.5098217095421641,0.20183924649653798,0.5902501720853336
4114,heldout,5,1.7608152763016904,1.7938488135368411,0.5041782729805014,0.5913036005086236,0.1967223914385161,0.6844406750229067
4114,heldout,6,1.665055635360288,1.7003572625607044,0.5376044568245125,0.6807765561975029,0.19496493127663342,0.7863897851089952
4114,heldout,7,1.5787837227118187,1.6149513182256905,0.5766016713091922,0.7737153523991701,0.19362813732166648,0.8901967276982841
4114,heldout,8,1.4979821567107001,1.5336757084589856,0.6295264623955432,0.8678734874614307,0.19115316419296058,0.9927050251986704
4114,heldout,9,1.4200632991062616,1.4549066375753912,0.6657381615598886,0.9624117603886703,0.1872247350250672,1.092307728996819
4114,heldout,10,1.343608544257456,1.3782995772775037,0.6852367688022284,1.0571428370556302,0.18203234903463367,1.1881058034618106
4114,heldout,11,1.2680631024473041,1.3040356435501648,0.7103064066852368,1.1520276674742747,0.17585256425959497,1.2794812889675535
4114,heldout,12,1.193568068267426,1.2324994515859318,0.7298050139275766,1.2469278805458743,0.1684667450968992,1.3658705516594771
4114,heldout,13,1.1207985007397188,1.1639111321250977,0.724233983286908,1.3415177692450841,0.15984710143535455,1.4467508061665237
4114,heldout,14,1.050377282062356,1.0986448931677093,0.7520891364902507,1.4353034227316785,0.15021757962821672,1.52171584839608
4114,heldout,15,0.9833311015900673,1.0372461976002878,0.7604456824512534,1.5277064124097277,0.14010576429563198,1.5905423089516246
4114,heldout,16,0.9204030753257478,0.9791344954269924,0.7883008356545961,1.6181287890051856,0.13034342960870665,1.6532725956541905
4114,heldout,17,0.8619710155062982,0.9243401601910989,0.8105849582172702,1.7060296634642842,0.12131388171693368,1.7102213287015557
4114,heldout,18,0.8080013659324334,0.8762505900742534,0.8356545961002786,1.7909646599754756,0.11313077126658297,1.7618651635098934
4114,heldout,19,0.7581508189801034,0.8328858682558538,0.8467966573816156,1.8726078743881918,0.10585089879136308,1.808694887315627
4114,heldout,20,0.712227113997142,0.7932992018397473,0.8579387186629527,1.9507415652812665,0.09950698702713795,1.8511110456975752
4114,heldout,21,0.6706282688963905,0.7572799916280863,0.8607242339832869,2.02523996648759,0.09381156922794488,1.8894033313938172
4114,heldout,22,0.6328125547233457,0.7246430097095723,0.8607242339832869,2.096062235603185,0.08875592607663954,1.9237981584726707
4114,heldout,23,0.5980126610388029,0.6950787129923397,0.8579387186629527,2.163257200838609,0.08416242071302554,1.9545123129375195
4114,heldout,24,0.565755958402119,0.6681884518075915,0.8607242339832869,2.22694381212961,0.07973853039168871,1.981888859472795
4114,heldout,25,0.5358097211171183,0.6433901964683982,0.8635097493036211,2.2872962972984676,0.07546980683972111,2.0064131040010182
4114,heldout,26,0.5082636393303109,0.6201136007467668,0.8662952646239555,2.344547946868919,0.07134746388658494,2.0285841067277817
4114,heldout,27,0.4829010481291795,0.5981705002687931,0.871866295264624,2.3988983303168925,0.0676278884200113,2.048855704162628
4114,heldout,28,0.4596279495464152,0.577831251155002,0.871866295264624,2.4505405956617627,0.06409806465316163,2.067607175127351
4114,heldout,29,0.4383048732707926,0.5592485462527547,0.8802228412256268,2.499645708283446,0.06082157159771316,2.0851475758060287
4114,heldout,30,0.4186146240594914,0.5422470581670006,0.8802228412256268,2.546342047407895,0.05804442763303516,2.1016563797366006
4114,heldout,31,0.40033568402694925,0.526711086394604,0.8774373259052924,2.59075571408168,0.05577154886399653,2.1172181448045997
4114,heldout,32,0.3833377818339924,0.5126192187625702,0.883008356545961,2.633026783647232,0.05379681168231283,2.1318934168248496
4114,heldout,33,0.3674749591050756,0.49992805171023863,0.8885793871866295,2.6733035449299356,0.052053267801538426,2.1457673618945936
4114,heldout,34,0.3528280105475733,0.4884965244126652,0.8885793871866295,2.7117289416992336,0.050650870537152164,2.1589303425953177
4114,heldout,35,0.3394223767737193,0.4780173071817634,0.8913649025069638,2.7484081978196673,0.04907212090778434,2.171321398874424
4114,heldout,36,0.32684230305032186,0.4683023355615989,0.8969359331476323,2.7834528064069275,0.04742174995866614,2.182978903911367
4114,heldout,37,0.31495741791639703,0.4592529285644228,0.8997214484679665,2.8169824104212067,0.04576315068980722,2.1939351546224395
4114,heldout,38,0.3037130666625794,0.4508528426670904,0.9025069637883009,2.849121132744977,0.044181594606999636,2.204219916347138
4114,heldout,39,0.29315138010417874,0.4431159991357932,0.9025069637883009,2.879993966908061,0.042689376636522246,2.213867224880976
4114,heldout,40,0.28335931505524375,0.43601875035000015,0.8969359331476323,2.9097189659716785,0.04134338673406902,2.2229101223692065
4114,heldout,41,0.27430838676811453,0.42948213267279295,0.8997214484679665,2.9383936873507572,0.0401759211191951,2.231369244637569
4114,heldout,42,0.26586322513523225,0.42340218769793675,0.8997214484679665,2.9660938332441593,0.039103733596652084,2.2392647327459727
4114,heldout,43,0.2578885468176842,0.41768324363396453,0.8997214484679665,2.9928818974597253,0.03808343724785279,2.246630039104694
4114,heldout,44,0.25028228190312946,0.4122743011939167,0.8997214484679665,3.018812998941373,0.0371328403950912,2.2535146105341872
4114,heldout,45,0.24298757883509486,0.4071953997727178,0.9025069637883009,3.043938768551327,0.03628671643784062,2.259981538416061
4114,heldout,46,0.23599220252325348,0.4024869168711851,0.9052924791086351,3.068309367892136,0.035567006109063666,2.2661074403796384
4114,heldout,47,0.2292473128739284,0.39811479249833115,0.9052924791086351,3.091973049263546,0.03494137021564493,2.2719683177900847
4114,heldout,48,0.22265801845428135,0.39400444066387796,0.9052924791086351,3.114982911106016,0.03431019731755534,2.2776177966374527
4114,heldout,49,0.2162040703025957,0.39010385922381835,0.9080779944289693,3.1374005722678295,0.03337771851425005,2.283113257587419
4114,heldout,50,0.2101280055703048,0.38640448045054937,0.9080779944289693,3.1592727111089003,0.03234410418971678,2.2885803164662426
4114,heldout,51,0.2044547212783823,0.38293321506149003,0.9052924791086351,3.1806114746800347,0.03148116955172733,2.2941305645006973
4114,heldout,52,0.1990277353557646,0.3796838623403974,0.9052924791086351,3.2014344447718197,0.030690046110751996,2.2997581173517814
4114,heldout,53,0.193818491043531,0.37663606673661015,0.9052924791086351,3.2217635609102575,0.029922107365906805,2.305404674274487
4114,heldout,54,0.18878833872908107,0.3737595488625943,0.9052924791086351,3.241617606456378,0.029352920764667768,2.3110042774170805
4114,heldout,55,0.18409213873963037,0.37098532818204455,0.8997214484679665,3.2610086700845557,0.028887662376823896,2.316461289377134
4114,heldout,56,0.17966404316728402,0.3682342942343719,0.8969359331476323,3.2799402247162286,0.028377201889359396,2.3216792579607803
4114,heldout,57,0.1753193348785105,0.36543804514587624,0.8969359331476323,3.298432813959814,0.027905852636844437,2.3266400595017576
4114,heldout,58,0.17092043835629805,0.3625510715597212,0.8969359331476323,3.3165168724872967,0.027630225659964036,2.3313584424258615
4114,heldout,59,0.16611505876959193,0.3595797677485211,0.8969359331476323,3.3342277131226647,0.026992875087759036,2.33585526869964
4114,heldout,60,0.16232903530290593,0.35656698293392025,0.8969359331476323,3.351638904879805,0.026301509385923173,2.3402487244219814
4114,heldout,61,0.1588328138016796,0.35365773490420455,0.8941504178272981,3.368766567081941,0.025715802989277066,2.344594965042551
4114,heldout,62,0.15552545493248202,0.3509791549750723,0.8969359331476323,3.385618320477552,0.02522385642111078,2.3489367763216324
4114,heldout,63,0.1523490620936489,0.3485859507930379,0.8969359331476323,3.4021943243519064,0.024724731660111986,2.353325610113352
4114,heldout,64,0.14927510424030727,0.3465066407793432,0.8997214484679665,3.4184918348503697,0.02422712083801483,2.3578185966495195
4114,heldout,65,0.14631799943287668,0.3447228343105399,0.9025069637883009,3.43450937993105,0.02374060762455655,2.3624780512754886
4114,heldout,66,0.14353288919704998,0.3431642225253369,0.9025069637883009,3.450248928452656,0.023276853122942982,2.3673792976653765
4114,heldout,67,0.14090694584260396,0.34176295290853703,0.9025069637883009,3.465709736305718,0.02278142256986762,2.3725802923969166
4114,heldout,68,0.13839641832673572,0.3404734529730713,0.9025069637883009,3.4808895030893474,0.02222625667486668,2.378091072068412
4114,heldout,69,0.13598358664835433,0.3392571802979824,0.9025069637883009,3.4957891584767844,0.02165495229004296,2.3838896768308926
4114,heldout,70,0.13366252742850152,0.3380773292540858,0.9025069637883009,3.510413044519032,0.021125635667428016,2.389935679143506
4114,heldout,71,0.13142756439191594,0.3369015269710822,0.9025069637883009,3.5247676296056785,0.020676137542756705,2.3961774075415474
4114,heldout,72,0.129269575721499,0.33570405585804236,0.9025069637883009,3.538860226762008,0.020306548988910513,2.4025585856444778
4114,heldout,73,0.12717732311437344,0.33446512696272523,0.8997214484679665,3.5526981441077963,0.01999146603090048,2.409025361177607
4114,heldout,74,0.12514064094073638,0.3331686493561961,0.8997214484679665,3.5662882872076542,0.019709112639140682,2.415532478083851
4114,heldout,75,0.12315089456066435,0.33180086786548707,0.8997214484679665,3.5796369998938546,0.01945712101145425,2.422047194135514
4114,heldout,76,0.1211983373772263,0.3303505623966556,0.8997214484679665,3.5927501098467713,0.01924444452838836,2.4285503516580778
4114,heldout,77,0.11927123092904107,0.32881001041930824,0.8997214484679665,3.605633449651074,0.019070765373737406,2.4350346998914922
4114,heldout,78,0.11736133660713396,0.32717724391564157,0.8997214484679665,3.6182941145750633,0.018897389508862404,2.4415005249254857
4114,heldout,79,0.11547670670012199,0.32546445861351136,0.9052924791086351,3.630742281163435,0.01863966056520211,2.447947629491766
4114,heldout,80,0.11364810486638993,0.3237168632317427,0.9080779944289693,3.6429919436809484,0.018300160117868232,2.4543641728798393
4114,heldout,81,0.11189880196304504,0.3220186726675976,0.9080779944289693,3.6550578067560977,0.018004412192294802,2.460724577127517
4114,heldout,82,0.11021835720375513,0.3204542201730299,0.9080779944289693,3.6669515300572537,0.017764665079670724,2.467005754490388
4114,heldout,83,0.10858698999828213,0.3190681083723873,0.9052924791086351,3.6786825298007715,0.017526788967167372,2.473197741524898
4114,heldout,84,0.10699759929986463,0.31786046833698867,0.9080779944289693,3.690259941524677,0.017272766622025038,2.479298203851364
4114,heldout,85,0.10545690518872004,0.3167977202030878,0.9080779944289693,3.7016927882428075,0.017024890153831466,2.485303082572922
4114,heldout,86,0.10397550121396547,0.31582655787021346,0.9080779944289693,3.7129885338501625,0.016819143151524295,2.491202122304305
4114,heldout,87,0.10255456884855559,0.3148930387438511,0.9080779944289693,3.724151356712642,0.016651041225071574,2.496983314056475
4114,heldout,88,0.1011848671667031,0.31396115761175947,0.9080779944289693,3.7351819564698774,0.016474767819671672,2.5026421445776106
4114,heldout,89,0.09985738521194981,0.313018376527009,0.9080779944289693,3.7460788592028345,0.01626046806588088,2.5081859036332683
4114,heldout,90,0.0985690213850444,0.3120676849801556,0.9108635097493036,3.7568396751265984,0.01601391250414626,2.5136304277955324
4115,heldout,0,2.3582964615444597,2.3675526993289937,0.10027855153203342,0.42222939452779185,0.3214003547967272,0.47924556252862205
4115,heldout,1,2.285596805210971,2.2979853807251738,0.1392757660167131,0.4258179774349705,0.30021182946266023,0.48169326110845184
4115,heldout,2,2.1705536040940756,2.186119640258989,0.21727019498607242,0.44685686959182935,0.26967417320379494,0.5029995319117269
4115,heldout,3,2.042576702788735,2.0610323352382895,0.29526462395543174,0.49693879097058513,0.2409405751194183,0.557539766593285
4115,heldout,4,1.9213069223550088,1.9439496217530359,0.3871866295264624,0.5753045012894451,0.21726746670255212,0.645442591126102
4115,heldout,5,1.8147752959717187,1.8419914124963923,0.43454038997214484,0.6725453581628402,0.20037382284361321,0.7560544222677105
4115,heldout,6,1.7229467041124347,1.7538624552069324,0.4623955431754875,0.7784631534412645,0.19123587378191703,0.8769875503421776
4115,heldout,7,1.6410358132091976,1.6745409565927822,0.4763231197771588,0.8859378635984977,0.18715973326127897,0.9989360034468381
4115,heldout,8,1.5637516084401295,1.5989194344998428,0.5348189415041783,0.9913439960153775,0.18335705973464145,1.1166086814960765
4115,heldout,9,1.4882844452863433,1.5251546601020785,0.5793871866295265,1.0934231827714092,0.17734830923355913,1.2276582920918153
4115,heldout,10,1.4139300052254313,1.4533737706719414,0.6072423398328691,1.192072758544043,0.16963833470791964,1.3311741841751583
4115,heldout,11,1.3409640604222832,1.3839625398621833,0.6295264623955432,1.2875103999947308,0.1613788241227967,1.4266858495353556
4115,heldout,12,1.2699448772602913,1.3174662108600057,0.6462395543175488,1.379901839296086,0.1532879677650424,1.513839476105631
4115,heldout,13,1.2011817685927435,1.2542078693234588,0.6573816155988857,1.4692825614644425,0.14520463680559997,1.5924337785206417
4115,heldout,14,1.135964102382671,1.1943422910888926,0.6796657381615598,1.555591685639386,0.137611823999767,1.6625756614715312
4115,heldout,15,1.0742466198340308,1.1378433551953984,0.6880222841225627,1.6386948264244907,0.1307548825225963,1.7246526201442498
4115,heldout,16,1.0158581717302286,1.0843809587047522,0.7019498607242339,1.7185373803832384,0.12458807950978111,1.7794076031634434
4115,heldout,17,0.9607090396406406,1.0335145399783026,0.7047353760445683,1.7951538365390527,0.11891926703730696,1.827836238200238
4115,heldout,18,0.9084061351506094,0.9855608160445903,0.7186629526462396,1.8686288417151566,0.11327980005910782,1.8709939814428334
4115,heldout,19,0.8587860077626995,0.9411691924732352,0.7353760445682451,1.9390816746347723,0.1069792356622553,1.9098754316584292
4115,heldout,20,0.8121541582601299,0.9002766332550305,0.7520891364902507,2.0066745956774312,0.09978575880554473,1.9453763824823644
4115,heldout,21,0.7689161115978561,0.8624771796049796,0.7827298050139275,2.0715695663073337,0.09287371316713894,1.9782851004532354
4115,heldout,22,0.7292450252599574,0.827414410811474,0.7910863509749304,2.133879928790171,0.08710166277388302,2.0093104328071174
4115,heldout,23,0.6931806873292101,0.794910859172462,0.807799442896936,2.1936650117317544,0.08213273126833351,2.0390645466320856
4115,heldout,24,0.6602950712866575,0.7650281268851046,0.8217270194986073,2.250920116855826,0.0778073284605447,2.067910619815038
4115,heldout,25,0.6300256793507399,0.7377930774119771,0.8217270194986073,2.305626789158669,0.07410547545004367,2.0959963063790243
4115,heldout,26,0.6019298346354255,0.7131224937884159,0.8245125348189415,2.3578174671281054,0.07090833396081227,2.1233991452580443
4115,heldout,27,0.5757041363529664,0.6909040588119432,0.83008356545961,2.4075755372254655,0.06800011365006364,2.1501361839249986
4115,heldout,28,0.5512736302057316,0.6710889027600834,0.8384401114206128,2.4550255903574865,0.06527857900585919,2.1762017974002927
4115,heldout,29,0.5286582789306512,0.6535060287295479,0.83008356545961,2.500300749113769,0.06281987063417617,2.201570407145631
4115,heldout,30,0.5077460681457205,0.6376857815587292,0.8272980501392758,2.5435224505216127,0.060588948549439935,2.226214620306319
4115,heldout,31,0.4883885054276047,0.6230724940278629,0.8272980501392758,2.5848052874260765,0.05833944498205275,2.250142787680931
4115,heldout,32,0.4704239020492116,0.6092784147604134,0.8328690807799443,2.624263185362238,0.05579365262134875,2.2734110290499987
4115,heldout,33,0.4537159193517591,0.596051128881851,0.8356545961002786,2.6620135983572673,0.05301528509191366,2.2961090185936137
4115,heldout,34,0.438065668495601,0.5832366701656946,0.841225626740947,2.6981721976113224,0.05045144541988544,2.3183415346685305
4115,heldout,35,0.42325374030622726,0.5707812946066967,0.8440111420612814,2.732843625518322,0.04838207747088521,2.34021014864979
4115,heldout,36,0.4091713617198381,0.5587014643595176,0.8495821727019499,2.7661304150655583,0.04686140451321628,2.361806383099646
4115,heldout,37,0.39577317238061005,0.5470937831730346,0.8551532033426184,2.7981346752166427,0.04578832823294693,2.383193510218359
4115,heldout,38,0.3830302345080108,0.5361273910421636,0.8607242339832869,2.8289522086991883,0.04495441907325087,2.4043899583193222
4115,heldout,39,0.3709137450561212,0.5260109017493183,0.8607242339832869,2.858671033964297,0.04419468184264234,2.425372794508087
4115,heldout,40,0.3593637770953007,0.5169350438465875,0.8690807799442897,2.8873721340780434,0.04346800726106843,2.4460943599270664
4115,heldout,41,0.3482868892551251,0.5089578293154697,0.8662952646239555,2.915132950173634,0.0426978383140911,2.4664970871026006
4115,heldout,42,0.33766930984480925,0.5018992338696869,0.8662952646239555,2.94203240266602,0.04176927077968263,2.4865044792321904
4115,heldout,43,0.3276047640505288,0.4952913233311562,0.8690807799442897,2.968140296842781,0.04096021893211405,2.5059902517470305
4115,heldout,44,0.3180179207805138,0.4886033881520835,0.871866295264624,2.993502507925938,0.04023425380907235,2.5248239465800704
4115,heldout,45,0.3088036843876666,0.4816050668710851,0.8662952646239555,3.0181614186736447,0.039510179152241164,2.542950325047602
4115,heldout,46,0.2999582180946823,0.47442397404735864,0.871866295264624,3.0421654511222105,0.03885864247099367,2.560391632594993
4115,heldout,47,0.29149018451776243,0.46736644021588003,0.8802228412256268,3.065566247738189,0.038307822731455374,2.5772225522121976
4115,heldout,48,0.28335806389202756,0.46070036193674724,0.883008356545961,3.088419389530881,0.037887939451147885,2.5935514125295147
4115,heldout,49,0.2754292838418227,0.454534643165691,0.8857938718662952,3.110783682244565,0.03769192971903011,2.6095113833441155
4115,heldout,50,0.2675829326604322,0.4488651049110051,0.8885793871866295,3.1327238543717173,0.03756666509803132,2.625257128330058
4115,heldout,51,0.26022252325235606,0.4437245618793183,0.8913649025069638,3.1543174547869093,0.03754950157473979,2.6409030829256763
4115,heldout,52,0.2532215150639845,0.43915249401923,0.8969359331476323,3.1756303163593373,0.03776111139496614,2.656556525714785
4115,heldout,53,0.24652164989760955,0.4351298791486777,0.8969359331476323,3.196717857692076,0.03780240476791652,2.6723300487446005
4115,heldout,54,0.24007082840557234,0.431598376882126,0.8941504178272981,3.2176065961556555,0.03719299195729854,2.6882667949405707
4115,heldout,55,0.23392702827496617,0.42844206683256153,0.8969359331476323,3.2383034069571512,0.03623546485720932,2.704328539014734
4115,heldout,56,0.22810723959716384,0.42546227764289213,0.8941504178272981,3.2588044050820906,0.03535312795242743,2.720429993755486
4115,heldout,57,0.2225172854488057,0.4224548707675097,0.8969359331476323,3.2790969833736527,0.03462125667560713,2.736487867509428
4115,heldout,58,0.2170923099538302,0.41930616227326095,0.8941504178272981,3.2991653726325274,0.033996417553523235,2.7524482685104594
4115,heldout,59,0.2118414021947375,0.4160138552894854,0.8941504178272981,3.318995286852495,0.03345473232833106,2.7682795178348534
4115,heldout,60,0.20679452786793107,0.4126507053388849,0.8941504178272981,3.338575057624195,0.03298400801604591,2.783954139011328
4115,heldout,61,0.2019561102241125,0.4093030852851877,0.8969359331476323,3.357897363021746,0.03254622550977082,2.799452211828289
4115,heldout,62,0.19731895895113424,0.4060377382198792,0.8969359331476323,3.3769634932263517,0.03216165487999637,2.814777487775318
4115,heldout,63,0.19287746659891905,0.40291834741972454,0.8997214484679665,3.395784124052383,0.03190740512266293,2.829963720916052
4115,heldout,64,0.18861874769648349,0.4000214257527497,0.9025069637883009,3.4143742976094633,0.031752265833537026,2.845068666456716
4115,heldout,65,0.18451516109967944,0.3974155730069317,0.9052924791086351,3.432745801663182,0.03148446494898943,2.8601534301217266
4115,heldout,66,0.18053272803088635,0.39512342548338236,0.9052924791086351,3.4509026591796905,0.030943988523908224,2.875256019573479
4115,heldout,67,0.17664436639508896,0.3931015723695632,0.9052924791086351,3.4688420541746576,0.030208327591816467,2.890376892468836
4115,heldout,68,0.17283151404924613,0.391253175860217,0.9052924791086351,3.48655833737126,0.02946924731376241,2.9054810200323375
4115,heldout,69,0.16908390186624297,0.3894678060326055,0.9080779944289693,3.5040483071173503,0.028836524323148156,2.920509295139001
4115,heldout,70,0.1654080005926883,0.3876632779914271,0.9080779944289693,3.521316437220578,0.028330698151866156,2.9353920413014256
4115,heldout,71,0.161831442601877,0.3858004907528106,0.9108635097493036,3.5383772444320654,0.027990836176004234,2.950068249924379
4115,heldout,72,0.1583926030226929,0.3838702473368482,0.9108635097493036,3.5552532271656134,0.02786995424326626,2.964515925750872
4115,heldout,73,0.1551159190066064,0.3818779138065718,0.9108635097493036,3.57196978621533,0.027925409246548048,2.9787698934259494
4115,heldout,74,0.15199387353882146,0.37984111526707787,0.9108635097493036,3.588548927402168,0.02794609674643239,2.992904101790033
4115,heldout,75,0.1490017863819945,0.37778779861161316,0.9136490250696379,3.6050038763183383,0.02771520093402448,3.006997227550425
4115,heldout,76,0.1461166475975534,0.3757424820068816,0.9136490250696379,3.6213352700424304,0.027166314378569027,3.021105196924857
4115,heldout,77,0.14332586006911305,0.37371120655477075,0.9136490250696379,3.637530824376242,0.02643825071175554,3.0352466129836015
4115,heldout,78,0.14062512036667735,0.37167621681774354,0.9136490250696379,3.6535693971587024,0.025750270390079228,3.0494000362029015
4115,heldout,79,0.13801668391941338,0.3696026589836168,0.9108635097493036,3.669426648475929,0.025212750742246933,3.063507888754479
4115,heldout,80,0.13551406032685812,0.3674566381718818,0.9108635097493036,3.6850792082480854,0.024792386626151828,3.077485407415712
4115,heldout,81,0.1331132546424538,0.36522577707321907,0.9136490250696379,3.700509834437394,0.02439079738635003,3.091254368538214
4115,heldout,82,0.13079424906586457,0.3629315488168575,0.9136490250696379,3.715713350817966,0.02395236348797029,3.10477754235027
4115,heldout,83,0.12855476563608903,0.3606314630534977,0.9164345403899722,3.7306936686980245,0.023487823916136196,3.1180472365862966
4115,heldout,84,0.12640241389599263,0.35840513883557434,0.9164345403899722,3.74545726043011,0.02304896898577012,3.131066428570566
4115,heldout,85,0.12433558332029819,0.35632555350886297,0.9164345403899722,3.7600087603246224,0.022666466005699895,3.143839193480091
4115,heldout,86,0.12234078851119819,0.35443442944572384,0.9164345403899722,3.7743501514776283,0.022324995661500268,3.156368526142139
4115,heldout,87,0.12040376854987152,0.3527390900422364,0.9164345403899722,3.7884822464357177,0.022001528087127884,3.168656171630553
4115,heldout,88,0.11851675043221192,0.3512245658690287,0.9164345403899722,3.802406359136873,0.021683388041399188,3.180701518249553
4115,heldout,89,0.11667816713437695,0.3498673223549445,0.9164345403899722,3.8161252081780312,0.02136059194735001,3.1925003921666844
4115,heldout,90,0.11488949828470488,0.34864386200180814,0.9164345403899722,3.829642867174368,0.021026011226685813,3.2040452903149115
